clothes_id,tag
1,pants
1,basics
2,pants
2,crepe
2,wide-leg
2,pleated
3,pants
3,pockets
4,jeans
4,retro
4,denim
4,relaxed-fit
4,high-rise
5,pants
5,summer
5,linen
6,pants
6,y2k
6,wide-leg
6,low-rise
6,stretch
7,pants
7,streetwear
7,baggy
7,cargo-pockets
8,pants
8,wide-leg
8,mid-rise
9,pants
9,streetwear
9,y2k
9,workwear
9,baggy
9,low-rise
9,stretch
10,pants
10,y2k
10,low-rise
11,pants
11,high-rise
12,pants
13,pants
14,pants
14,basics
14,solid
15,pants
16,pants
16,wide-leg
17,pants
17,ankle-length
18,pants
18,straight-leg
19,pants
20,pants
21,pants
21,wide-leg
22,pants
22,crepe
22,straight-leg
22,pleated
23,pants
23,wide-leg
23,pleated
24,pants
24,wide-leg
25,pants
25,flared
26,pants
27,pants
27,casual
27,basics
27,wide-leg
28,pants
29,pants
29,business
29,summer
29,linen
29,tailored
30,pants
30,high-rise
31,pants
31,straight-leg
31,ankle-length
32,pants
32,summer
32,linen
33,pants
33,streetwear
33,techwear
33,workwear
33,relaxed-fit
33,cargo-pockets
34,pants
34,workwear
34,pockets
35,pants
35,workwear
36,pants
36,workwear
37,pants
37,outdoor
38,pants
38,winter
38,wool
38,merino
38,wide-leg
39,pants
39,winter
39,wool
39,wide-leg
40,pants
40,straight-leg
40,stretch
41,pants
41,wide-leg
42,pants
42,workwear
43,pants
43,workwear
44,pants
44,streetwear
44,workwear
44,relaxed-fit
44,cargo-pockets
44,stretch
45,pants
45,streetwear
45,workwear
45,cargo-pockets
46,pants
46,twill
46,pockets
47,pants
47,basics
47,twill
47,pockets
48,pants
48,streetwear
48,relaxed-fit
48,cargo-pockets
49,pants
49,straight-leg
49,ankle-length
49,high-rise
49,stretch
50,pants
50,flared
51,pants
51,wide-leg
52,pants
52,wide-leg
53,pants
54,pants
54,business
54,high-rise
55,pants
55,flared
56,pants
56,summer
56,wide-leg
57,pants
57,wide-leg
58,pants
59,pants
59,wide-leg
60,pants
60,straight-leg
61,pants
61,skinny-leg
62,pants
62,high-rise
63,pants
63,wide-leg
64,pants
64,wide-leg
65,pants
65,streetwear
65,cargo-pockets
66,pants
67,pants
67,streetwear
67,cargo-pockets
68,pants
68,wide-leg
69,pants
69,skinny-leg
70,pants
70,crepe
70,wide-leg
71,pants
71,high-rise
72,pants
72,streetwear
72,cargo-pockets
73,pants
73,flared
74,pants
74,wide-leg
75,pants
75,business
75,high-rise
76,pants
76,high-rise
77,pants
77,high-rise
78,pants
78,summer
78,linen
79,pants
79,straight-leg
80,pants
80,high-rise
80,pleated
81,pants
82,pants
82,wide-leg
83,pants
83,winter
83,heavyweight
83,straight-leg
84,pants
84,knit
84,high-rise
85,pants
85,twill
85,barrel-leg
85,mid-rise
86,pants
87,pants
87,ankle-length
88,pants
88,western
88,bootcut
89,pants
89,button-front
90,pants
90,drawstring
91,pants
92,pants
93,pants
93,wide-leg
94,pants
94,jersey
94,wide-leg
95,pants
95,wide-leg
96,pants
96,wide-leg
97,pants
97,wide-leg
98,pants
98,business
98,loose-fit
98,tailored
99,pants
99,business
99,slim-fit
100,pants
100,wide-leg
101,pants
101,wide-leg
101,pleated
102,pants
103,pants
104,pants
104,wide-leg
104,high-rise
105,pants
105,beige
105,wide-leg
106,pants
106,straight-leg
107,pants
107,straight-leg
107,mid-rise
108,pants
108,regular-fit
109,pants
109,cotton
109,stretch
110,pants
110,slim-fit
111,pants
111,twill
111,wide-leg
112,pants
112,twill
113,pants
113,slim-fit
114,pants
114,skinny-leg
115,pants
115,twill
115,wide-leg
116,pants
116,slim-fit
117,pants
117,straight-leg
117,high-rise
118,pants
118,knit
118,straight-leg
118,stretch
119,pants
119,twill
119,barrel-leg
120,pants
120,straight-leg
121,pants
121,barrel-leg
122,pants
122,wide-leg
123,pants
124,pants
124,twill
124,wide-leg
125,pants
125,relaxed-fit
125,pleated
126,pants
126,basics
126,crepe
126,knit
126,ankle-length
127,pants
127,winter
127,wool
128,pants
128,athleisure
128,business
128,stretch
129,pants
129,winter
129,wool
130,pants
130,summer
130,linen
130,cropped
130,high-rise
131,pants
133,pants
133,streetwear
133,business
133,navy
133,tailored
133,cargo-pockets
134,pants
134,navy
134,high-rise
135,pants
135,navy
135,wide-leg
135,high-rise
136,pants
136,navy
136,straight-leg
136,ankle-length
136,high-rise
137,pants
137,summer
137,navy
137,linen
137,high-rise
138,pants
138,summer
138,navy
138,linen
138,straight-leg
138,ankle-length
138,high-rise
139,pants
139,navy
139,flared
139,high-rise
140,pants
140,navy
140,high-rise
141,pants
141,navy
141,wide-leg
141,high-rise
142,leggings
142,athleisure
142,navy
142,cotton
142,high-rise
143,pants
143,navy
143,high-rise
144,pants
144,navy
144,wide-leg
144,high-rise
145,pants
145,summer
145,lightweight
145,navy
146,pants
146,streetwear
146,navy
146,twill
146,barrel-leg
146,cargo-pockets
147,pants
147,ankle-length
147,stretch
148,pants
148,outdoor
148,twill
148,pockets
149,pants
150,pants
150,high-rise
151,pants
151,straight-leg
152,pants
152,stretch
153,pants
153,streetwear
153,cargo-pockets
153,stretch
154,pants
154,summer
154,linen
155,pants
155,summer
155,linen
155,wide-leg
156,pants
156,winter
156,wool
156,straight-leg
157,pants
157,straight-leg
157,stretch
158,pants
159,pants
159,straight-leg
159,stretch
160,pants
160,merino
161,pants
161,jersey
161,stretch
162,pants
162,tapered-leg
162,stretch
163,pants
163,nylon
163,stretch
164,pants
164,ankle-length
164,stretch
165,pants
165,cotton
165,relaxed-fit
165,ankle-length
166,pants
166,wide-leg
167,pants
167,striped
167,wide-leg
168,pants
168,ankle-length
169,pants
169,wide-leg
170,pants
170,wide-leg
170,stretch
171,pants
172,pants
173,pants
173,viscose
173,wide-leg
174,pants
174,business
174,tailored
174,wide-leg
175,pants
175,business
175,tailored
175,wide-leg
176,pants
176,straight-leg
176,stretch
177,pants
178,pants
178,crepe
178,wide-leg
179,pants
179,business
179,high-rise
180,pants
180,relaxed-fit
180,straight-leg
181,pants
181,twill
181,wide-leg
182,pants
182,straight-leg
183,pants
184,pants
185,pants
185,blue
186,pants
186,beige
186,pockets
187,pants
187,olive
187,pockets
188,pants
188,western
188,cotton
188,relaxed-fit
188,bootcut
188,stretch
189,pants
189,straight-leg
189,stretch
190,pants
190,high-rise
191,pants
191,straight-leg
192,pants
192,streetwear
192,techwear
192,cargo-pockets
193,t-shirt
194,t-shirt
194,cotton
195,t-shirt
195,basics
196,t-shirt
196,basics
197,t-shirt
197,winter
197,heavyweight
198,shirt
198,resort
199,button-up-shirt
199,summer
199,short-sleeve
199,button-front
200,t-shirt
200,slim-fit
201,t-shirt
201,y2k
202,t-shirt
202,casual
203,t-shirt
203,streetwear
203,summer
203,lightweight
203,graphic-print
204,t-shirt
204,summer
204,lightweight
205,t-shirt
205,casual
205,slim-fit
206,t-shirt
206,casual
207,t-shirt
207,streetwear
207,graphic-print
207,logo
208,t-shirt
208,casual
208,streetwear
208,logo
209,t-shirt
209,basics
209,relaxed-fit
210,t-shirt
210,streetwear
210,basics
210,graphic-print
211,t-shirt
211,basics
212,t-shirt
212,retro
213,t-shirt
213,black
214,t-shirt
214,brown
215,shirt
215,cotton
215,poplin
215,relaxed-fit
216,t-shirt
216,canvas
217,t-shirt
217,jersey
217,canvas
218,t-shirt
218,canvas
219,button-up-shirt
219,business
219,cotton
219,stretch
219,non-iron
220,t-shirt
220,basics
220,summer
220,boxy
220,short-sleeve
221,t-shirt
221,summer
221,short-sleeve
222,button-up-shirt
222,basics
222,business
222,black
222,solid
222,cotton
222,down
222,slim-fit
222,button-front
223,t-shirt
223,workwear
223,summer
223,lightweight
223,relaxed-fit
223,short-sleeve
224,t-shirt
224,workwear
224,pockets
225,t-shirt
225,workwear
225,long-sleeve
225,pockets
226,t-shirt
226,workwear
226,summer
226,short-sleeve
226,pockets
227,t-shirt
227,workwear
227,summer
227,short-sleeve
227,pockets
228,t-shirt
228,workwear
228,summer
228,short-sleeve
228,pockets
229,t-shirt
229,workwear
229,summer
229,gray
229,short-sleeve
229,pockets
230,t-shirt
230,workwear
230,summer
230,short-sleeve
230,pockets
231,t-shirt
231,summer
231,short-sleeve
232,t-shirt
233,t-shirt
233,cotton
234,t-shirt
235,t-shirt
236,t-shirt
236,blue
236,denim
237,t-shirt
237,lavender
238,t-shirt
238,blue
239,t-shirt
239,burgundy
240,t-shirt
241,t-shirt
241,orange
242,t-shirt
242,gray
243,t-shirt
243,workwear
243,summer
243,winter
243,heavyweight
243,short-sleeve
244,flannel-shirt
244,relaxed-fit
245,flannel-shirt
245,slim-fit
246,t-shirt
247,shirt
247,casual
247,basics
247,preppy
247,blue
247,striped
248,button-up-shirt
248,basics
248,business
248,stretch
249,button-up-shirt
249,business
249,cotton
249,slim-fit
249,stretch
250,shirt
251,t-shirt
251,summer
251,short-sleeve
252,shirt
253,t-shirt
253,streetwear
253,graphic-print
254,t-shirt
254,cotton
255,t-shirt
256,t-shirt
256,summer
256,short-sleeve
257,t-shirt
258,t-shirt
259,t-shirt
259,cotton
260,t-shirt
260,cotton
261,t-shirt
261,cotton
262,t-shirt
262,cotton
263,t-shirt
263,cotton
264,t-shirt
264,cotton
265,t-shirt
265,cotton
266,t-shirt
267,t-shirt
267,cotton
268,t-shirt
268,cotton
269,t-shirt
270,t-shirt
271,t-shirt
271,cotton
272,t-shirt
273,top
273,cotton
273,long-sleeve
274,t-shirt
274,streetwear
274,cotton
274,oversized
275,shirt
276,t-shirt
277,shirt
277,jersey
277,slim-fit
278,t-shirt
278,regular-fit
279,shirt
279,slim-fit
279,stretch
280,t-shirt
280,loose-fit
281,t-shirt
281,printed
281,loose-fit
282,shirt
282,streetwear
282,jersey
282,oversized
282,long-sleeve
283,shirt
283,regular-fit
284,button-up-shirt
284,preppy
284,regular-fit
285,t-shirt
285,regular-fit
286,shirt
286,floral
286,regular-fit
287,shirt
287,slim-fit
288,t-shirt
289,t-shirt
290,t-shirt
290,cotton
291,t-shirt
291,basics
292,t-shirt
292,relaxed-fit
292,stretch
293,shirt
293,button-front
294,shirt
294,summer
294,short-sleeve
294,embroidered
295,shirt
295,poplin
295,stretch
296,t-shirt
296,basics
296,summer
296,short-sleeve
296,crew-neck
297,flannel-shirt
297,business
297,herringbone
297,tailored
298,polo
299,polo
299,basics
300,t-shirt
301,shirt
301,basics
301,summer
301,short-sleeve
301,pockets
302,shirt
302,basics
302,summer
302,short-sleeve
303,t-shirt
303,summer
303,white
304,shirt
304,poplin
305,t-shirt
305,retro
305,jersey
305,relaxed-fit
306,t-shirt
306,retro
306,cotton
306,crew-neck
307,t-shirt
307,winter
307,heavyweight
307,cotton
307,boxy
308,t-shirt
308,summer
308,boxy
308,short-sleeve
308,crew-neck
309,t-shirt
309,cotton
310,t-shirt
311,t-shirt
312,t-shirt
313,t-shirt
313,summer
313,navy
313,short-sleeve
314,shirt
314,basics
314,navy
315,t-shirt
315,navy
315,crew-neck
316,button-up-shirt
316,basics
316,navy
316,down
316,button-front
317,t-shirt
317,navy
317,crew-neck
318,button-up-shirt
318,streetwear
318,navy
318,down
318,oversized
318,button-front
319,shirt
319,basics
319,preppy
319,checkered
319,poplin
319,stretch
320,shirt
320,summer
320,short-sleeve
321,flannel-shirt
322,shirt
322,summer
322,short-sleeve
323,t-shirt
323,outdoor
324,t-shirt
324,athleisure
324,basics
325,t-shirt
325,workwear
326,t-shirt
326,streetwear
326,graphic-print
327,t-shirt
327,streetwear
327,floral
327,graphic-print
327,relaxed-fit
328,t-shirt
328,streetwear
328,graphic-print
329,t-shirt
329,streetwear
329,graphic-print
330,t-shirt
330,streetwear
330,graphic-print
331,t-shirt
331,basics
331,summer
331,short-sleeve
331,crew-neck
332,t-shirt
332,basics
332,crew-neck
333,t-shirt
334,polo
334,preppy
335,t-shirt
335,summer
335,short-sleeve
336,button-up-shirt
336,down
336,button-front
337,shirt
337,striped
337,collared
338,button-up-shirt
338,down
338,button-front
339,t-shirt
339,crew-neck
340,t-shirt
341,button-up-shirt
341,down
341,button-front
342,shirt
342,jersey
342,slim-fit
342,non-iron
343,shirt
343,slim-fit
343,non-iron
344,t-shirt
344,cotton
345,t-shirt
345,cotton
346,t-shirt
346,basics
346,ribbed-knit
347,shorts
347,basics
347,summer
348,shorts
348,summer
348,nylon
349,shorts
349,summer
350,shorts
350,retro
350,summer
350,high-rise
351,shorts
351,streetwear
351,y2k
351,summer
351,baggy
351,low-rise
352,shorts
352,boho
352,summer
352,linen
352,ruffled
353,shorts
353,summer
353,a-line
353,mid-rise
354,shorts
354,summer
354,mid-rise
355,shorts
355,summer
355,linen
355,mid-rise
356,shorts
356,summer
356,checkered
356,stretch
357,shorts
357,casual
357,streetwear
357,summer
357,cargo-pockets
358,shorts
358,casual
358,summer
359,shorts
359,curvy-fit
359,high-rise
360,shorts
360,y2k
360,summer
360,midi
360,low-rise
360,stretch
361,shorts
361,summer
361,relaxed-fit
361,curvy-fit
361,high-rise
362,shorts
362,summer
362,denim
362,relaxed-fit
362,high-rise
363,shorts
363,summer
363,relaxed-fit
363,high-rise
364,shorts
364,summer
364,denim
364,relaxed-fit
364,high-rise
365,shorts
365,y2k
365,curvy-fit
365,low-rise
365,stretch
366,shorts
366,y2k
366,summer
366,midi
366,low-rise
366,stretch
367,shorts
367,y2k
367,denim
367,low-rise
367,stretch
368,shorts
368,summer
368,winter
368,fleece
369,shorts
369,summer
369,mini
370,shorts
370,summer
370,mini
371,shorts
371,mid-thigh
372,shorts
372,summer
372,mini
373,shorts
373,summer
373,mini
374,shorts
374,summer
374,stretch
375,shorts
375,summer
376,shorts
376,summer
377,shorts
377,summer
377,cotton
377,stretch
378,shorts
378,workwear
378,summer
379,shorts
380,shorts
380,athleisure
380,summer
381,shorts
381,summer
381,stretch
382,shorts
382,summer
383,shorts
383,summer
384,shorts
384,outdoor
384,summer
385,shorts
385,summer
386,shorts
386,summer
387,shorts
387,athleisure
387,alternative
387,summer
387,mesh
387,high-rise
388,shorts
388,summer
388,denim
389,shorts
389,athleisure
389,summer
389,knit
390,shorts
390,summer
390,nylon
391,shorts
391,summer
391,denim
392,shorts
392,streetwear
392,summer
392,baggy
393,shorts
393,streetwear
393,summer
393,relaxed-fit
393,cargo-pockets
394,shorts
394,summer
394,denim
394,relaxed-fit
395,shorts
395,summer
395,knit
396,shorts
396,summer
397,shorts
397,summer
397,mini
398,shorts
398,summer
399,shorts
399,summer
399,high-rise
400,shorts
400,summer
400,denim
401,shorts
401,alternative
401,summer
401,denim
401,distressed
402,shorts
402,streetwear
402,summer
402,cargo-pockets
403,shorts
403,summer
403,denim
404,shorts
404,summer
405,leggings
405,summer
405,denim
405,stretch
406,shorts
406,summer
407,shorts
407,summer
408,shorts
408,alternative
408,summer
408,denim
408,ripped
408,stretch
409,shorts
409,summer
410,shorts
410,summer
410,denim
411,shorts
411,summer
411,denim
411,stretch
412,shorts
412,streetwear
412,summer
412,denim
412,cargo-pockets
413,shorts
413,summer
413,denim
413,stretch
414,shorts
414,summer
415,shorts
415,summer
416,shorts
416,retro
416,summer
416,denim
416,loose-fit
417,shorts
417,summer
417,pleated
418,shorts
418,summer
418,denim
419,shorts
419,summer
420,shorts
420,summer
421,shorts
421,summer
422,shorts
422,summer
423,dress
423,summer
423,black
423,high-rise
424,shorts
424,summer
424,jersey
425,shorts
425,summer
425,twill
425,drawstring
426,shorts
426,summer
426,jersey
426,pockets
427,shorts
427,streetwear
427,summer
427,winter
427,fleece
427,baggy
427,knee-length
428,shorts
428,streetwear
428,summer
428,baggy
428,mid-thigh
429,shorts
429,summer
429,winter
429,fleece
429,mid-thigh
430,shorts
430,summer
430,mid-thigh
431,shorts
431,boho
431,summer
431,ruffled
432,shorts
432,summer
432,winter
432,fleece
433,shorts
433,y2k
433,summer
433,denim
433,low-rise
434,shorts
434,y2k
434,summer
434,floral
434,poplin
434,low-rise
435,shorts
435,y2k
435,summer
435,denim
435,low-rise
436,shorts
436,summer
437,shorts
437,athleisure
437,summer
438,shorts
438,summer
439,shorts
439,summer
440,shorts
440,summer
441,shorts
441,streetwear
441,summer
441,baggy
442,shorts
442,summer
442,a-line
443,shorts
443,summer
444,shorts
444,summer
444,twill
445,shorts
445,summer
446,shorts
446,western
446,summer
446,denim
447,shorts
447,summer
447,winter
447,fleece
448,shorts
448,streetwear
448,summer
448,cargo-pockets
449,shorts
449,casual
449,summer
450,shorts
450,summer
450,mini
451,shorts
451,basics
451,summer
452,shorts
452,athleisure
452,summer
453,shorts
453,summer
454,shorts
454,summer
454,knit
455,shorts
455,summer
456,shorts
456,summer
457,shorts
457,athleisure
457,summer
457,mid-rise
458,shorts
458,loungewear
458,summer
458,wide-leg
458,pockets
459,shorts
459,summer
460,shorts
460,summer
460,navy
461,jeans
461,summer
461,navy
461,denim
461,high-rise
462,jeans
462,streetwear
462,summer
462,navy
462,denim
462,baggy
462,high-rise
463,shorts
463,summer
463,navy
463,linen
463,high-rise
464,shorts
464,summer
464,navy
464,high-rise
465,shorts
465,outdoor
466,shorts
466,outdoor
467,shorts
467,outdoor
467,summer
468,shorts
468,outdoor
468,summer
469,shorts
469,outdoor
469,summer
470,shorts
470,outdoor
470,summer
471,shorts
471,basics
471,preppy
471,summer
471,stretch
472,shorts
472,summer
473,shorts
473,streetwear
473,summer
473,cargo-pockets
474,shorts
474,streetwear
474,summer
474,cargo-pockets
475,shorts
475,summer
476,shorts
476,summer
477,shorts
477,summer
478,shorts
478,summer
479,shorts
479,summer
479,denim
480,shorts
480,basics
480,summer
480,winter
480,cotton
480,fleece
481,shorts
481,summer
482,shorts
482,summer
482,denim
482,drawstring
483,shorts
483,summer
483,relaxed-fit
483,high-rise
484,shorts
484,summer
485,shorts
485,outdoor
486,shorts
486,outdoor
486,summer
487,shorts
487,summer
488,shorts
488,summer
489,shorts
490,shorts
490,streetwear
490,summer
490,twill
490,cargo-pockets
491,shorts
491,alternative
491,summer
491,mesh
492,shorts
492,summer
493,shorts
493,summer
494,shorts
494,summer
495,shorts
495,athleisure
495,summer
496,shorts
496,summer
496,linen
496,high-rise
498,shorts
498,summer
499,shorts
499,workwear
499,summer
500,shorts
500,streetwear
500,summer
500,cargo-pockets
500,stretch
501,shorts
501,summer
502,hoodie
502,winter
502,fleece
502,hooded
502,pullover
503,hoodie
503,winter
503,fleece
503,hooded
503,zip-front
504,hoodie
504,athleisure
504,pullover
505,hoodie
505,athleisure
505,basics
506,hoodie
506,streetwear
506,athleisure
506,graphic-print
507,hoodie
507,streetwear
507,athleisure
507,logo
508,hoodie
508,athleisure
508,zip-front
509,hoodie
509,athleisure
510,hoodie
510,athleisure
510,winter
510,fleece
511,hoodie
511,athleisure
511,winter
511,fleece
512,hoodie
512,streetwear
512,athleisure
512,winter
512,heavyweight
512,graphic-print
513,hoodie
513,athleisure
513,winter
513,heavyweight
514,hoodie
514,athleisure
515,hoodie
515,streetwear
515,athleisure
515,winter
515,graphic-print
515,fleece
516,hoodie
516,athleisure
516,winter
516,heavyweight
517,hoodie
517,athleisure
517,summer
517,winter
517,lightweight
517,fleece
518,hoodie
518,athleisure
518,summer
518,lightweight
519,hoodie
519,streetwear
519,athleisure
519,graphic-print
520,hoodie
520,streetwear
520,athleisure
520,basics
520,graphic-print
521,hoodie
521,athleisure
521,basics
522,hoodie
522,athleisure
523,hoodie
523,streetwear
523,athleisure
523,orange
523,graphic-print
523,relaxed-fit
524,hoodie
524,athleisure
525,hoodie
525,athleisure
526,hoodie
526,athleisure
526,basics
526,pullover
527,hoodie
527,athleisure
527,retro
528,hoodie
528,streetwear
528,athleisure
528,basics
528,oversized
529,hoodie
529,streetwear
529,athleisure
529,oversized
530,hoodie
530,athleisure
531,hoodie
531,athleisure
531,pullover
532,hoodie
532,streetwear
532,athleisure
532,workwear
532,midweight
532,olive
532,logo
532,loose-fit
533,sweatshirt
533,streetwear
533,workwear
533,summer
533,lightweight
533,graphic-print
533,logo
533,relaxed-fit
534,hoodie
534,athleisure
534,workwear
535,sweatshirt
535,streetwear
535,workwear
535,midweight
535,logo
535,loose-fit
536,hoodie
536,workwear
536,winter
536,heavyweight
536,hooded
537,sweatshirt
537,streetwear
537,workwear
537,midweight
537,graphic-print
537,terry
537,relaxed-fit
538,hoodie
538,streetwear
538,athleisure
538,workwear
538,midweight
538,graphic-print
538,logo
538,relaxed-fit
539,hoodie
539,athleisure
540,hoodie
540,athleisure
540,winter
540,fleece
541,hoodie
541,hooded
542,hoodie
542,athleisure
543,hoodie
543,summer
543,winter
543,lightweight
543,fleece
543,hooded
544,hoodie
544,streetwear
544,athleisure
544,oversized
545,hoodie
545,streetwear
545,athleisure
545,oversized
546,hoodie
546,athleisure
546,basics
547,hoodie
547,athleisure
547,cotton
548,hoodie
548,streetwear
548,athleisure
548,graphic-print
548,cotton
549,hoodie
549,athleisure
549,cotton
550,hoodie
550,athleisure
550,midweight
550,green
550,pullover
551,hoodie
551,athleisure
551,midweight
551,pullover
552,hoodie
552,streetwear
552,athleisure
552,alternative
552,graphic-print
552,distressed
553,hoodie
554,hoodie
554,athleisure
554,cotton
554,jersey
554,relaxed-fit
555,hoodie
555,hooded
556,hoodie
556,athleisure
556,basics
556,winter
556,fleece
557,hoodie
557,athleisure
557,basics
557,winter
557,fleece
558,hoodie
558,streetwear
558,athleisure
558,camouflage
558,oversized
559,hoodie
559,streetwear
559,athleisure
559,oversized
560,hoodie
560,athleisure
561,hoodie
561,athleisure
562,hoodie
562,athleisure
563,hoodie
563,loungewear
563,athleisure
564,hoodie
564,streetwear
564,athleisure
564,oversized
565,hoodie
565,streetwear
565,athleisure
565,oversized
566,hoodie
566,streetwear
566,athleisure
566,oversized
567,hoodie
567,athleisure
568,hoodie
568,streetwear
568,athleisure
568,oversized
569,hoodie
569,streetwear
569,athleisure
569,oversized
570,hoodie
570,athleisure
571,hoodie
571,athleisure
572,hoodie
572,streetwear
572,athleisure
572,oversized
573,hoodie
573,athleisure
573,embroidered
574,hoodie
574,streetwear
574,athleisure
574,oversized
575,hoodie
575,athleisure
575,basics
576,hoodie
576,athleisure
577,hoodie
577,streetwear
577,athleisure
577,oversized
578,hoodie
578,athleisure
579,hoodie
579,athleisure
580,hoodie
580,athleisure
580,zip-front
581,hoodie
581,athleisure
581,minimalist
581,winter
581,fleece
582,hoodie
582,streetwear
582,athleisure
582,oversized
583,hoodie
583,athleisure
583,basics
584,hoodie
584,athleisure
585,hoodie
585,athleisure
585,gray
586,hoodie
586,athleisure
586,winter
586,fleece
587,hoodie
587,athleisure
587,pullover
588,hoodie
588,streetwear
588,athleisure
588,winter
588,heavyweight
588,oversized
589,hoodie
589,athleisure
589,cropped
590,hoodie
590,athleisure
591,hoodie
591,hooded
592,hoodie
592,hooded
593,hoodie
593,hooded
594,hoodie
594,athleisure
595,hoodie
595,hooded
595,zip-front
596,hoodie
596,athleisure
596,midweight
596,pullover
597,hoodie
597,midweight
597,hooded
598,hoodie
598,streetwear
598,athleisure
598,graphic-print
599,hoodie
599,athleisure
600,hoodie
600,athleisure
600,loose-fit
601,hoodie
601,athleisure
601,printed
601,loose-fit
602,hoodie
602,streetwear
602,athleisure
602,oversized
602,boxy
603,hoodie
603,streetwear
603,athleisure
603,printed
603,oversized
604,hoodie
604,athleisure
604,printed
604,relaxed-fit
605,hoodie
605,cotton
605,hooded
606,hoodie
606,hooded
607,hoodie
607,athleisure
607,winter
607,midweight
607,fleece
607,pullover
608,top
608,cotton
608,pullover
609,hoodie
609,athleisure
609,winter
609,heavyweight
609,fleece
609,zip-front
610,hoodie
610,athleisure
610,pullover
611,hoodie
611,athleisure
612,hoodie
612,athleisure
612,navy
613,hoodie
613,streetwear
613,athleisure
613,baggy
614,hoodie
614,athleisure
614,boxy
615,hoodie
615,streetwear
615,athleisure
615,logo
615,boxy
616,hoodie
616,athleisure
616,boxy
617,hoodie
617,athleisure
617,zip-front
618,hoodie
618,athleisure
618,alternative
618,floral
618,embroidered
618,cutout
619,hoodie
619,athleisure
619,zip-front
620,hoodie
620,athleisure
620,zip-front
621,hoodie
621,athleisure
621,knit
622,hoodie
622,streetwear
622,athleisure
622,graphic-print
622,oversized
623,hoodie
623,resort
623,athleisure
623,pink
624,hoodie
624,athleisure
625,hoodie
626,hoodie
626,athleisure
626,cotton
627,hoodie
627,athleisure
628,hoodie
628,athleisure
629,hoodie
629,athleisure
629,pullover
630,hoodie
630,athleisure
630,winter
630,heavyweight
631,hoodie
631,athleisure
632,hoodie
632,athleisure
633,hoodie
633,athleisure
634,hoodie
634,athleisure
634,pullover
635,hoodie
635,athleisure
635,printed
635,relaxed-fit
636,hoodie
636,streetwear
636,athleisure
636,graphic-print
637,hoodie
637,streetwear
637,athleisure
637,graphic-print
638,hoodie
638,streetwear
638,athleisure
638,graphic-print
639,hoodie
639,athleisure
639,cotton
640,hoodie
640,streetwear
640,athleisure
640,graphic-print
640,boxy
641,hoodie
641,streetwear
641,athleisure
641,graphic-print
641,boxy
641,zip-front
642,hoodie
642,athleisure
642,boxy
642,zip-front
643,hoodie
643,streetwear
643,athleisure
643,graphic-print
643,logo
643,zip-front
644,hoodie
644,athleisure
644,basics
645,hoodie
645,athleisure
645,basics
646,hoodie
646,streetwear
646,athleisure
646,winter
646,logo
646,fleece
647,hoodie
647,streetwear
647,athleisure
647,logo
648,hoodie
648,athleisure
648,pullover
649,hoodie
649,athleisure
649,winter
649,fleece
649,zip-front
650,hoodie
650,athleisure
650,winter
650,fleece
651,hoodie
651,streetwear
651,athleisure
651,winter
651,fleece
651,oversized
652,hoodie
652,athleisure
653,hoodie
653,athleisure
653,navy
654,hoodie
654,athleisure
654,navy
654,cropped
655,hoodie
655,athleisure
655,navy
655,zip-front
656,hoodie
656,outdoor
657,hoodie
657,outdoor
658,hoodie
658,streetwear
658,outdoor
658,logo
659,hoodie
659,athleisure
660,hoodie
660,streetwear
660,athleisure
660,winter
660,pink
660,fleece
660,oversized
661,hoodie
661,basics
661,winter
661,fleece
661,hooded
661,pullover
662,hoodie
662,basics
662,winter
662,fleece
662,hooded
662,pullover
663,hoodie
663,streetwear
663,athleisure
663,graphic-print
663,knit
664,hoodie
664,athleisure
665,hoodie
665,athleisure
665,winter
665,fleece
666,hoodie
666,streetwear
666,athleisure
666,graphic-print
667,hoodie
667,athleisure
667,canvas
667,pullover
667,embroidered
668,hoodie
668,athleisure
669,hoodie
669,athleisure
669,camouflage
670,hoodie
670,athleisure
671,hoodie
671,athleisure
672,hoodie
672,athleisure
672,outdoor
672,winter
672,fleece
673,hoodie
673,streetwear
673,athleisure
673,outdoor
673,oversized
674,hoodie
674,athleisure
674,outdoor
674,winter
674,fleece
674,zip-front
675,hoodie
675,athleisure
676,hoodie
676,athleisure
677,hoodie
677,athleisure
677,basics
677,winter
677,fleece
677,terry
678,hoodie
678,streetwear
678,athleisure
678,logo
679,hoodie
679,athleisure
679,navy
680,hoodie
680,athleisure
680,winter
680,fleece
681,hoodie
681,streetwear
681,athleisure
681,oversized
682,hoodie
682,athleisure
682,zip-front
683,hoodie
683,athleisure
683,winter
683,fleece
684,hoodie
684,athleisure
685,hoodie
685,streetwear
685,athleisure
685,alternative
685,graphic-print
685,distressed
686,hoodie
686,athleisure
686,basics
687,hoodie
687,athleisure
687,cropped
687,zip-front
688,hoodie
688,athleisure
688,basics
688,blue
688,zip-front
689,hoodie
689,streetwear
689,athleisure
689,graphic-print
689,zip-front
690,hoodie
690,streetwear
690,athleisure
690,graphic-print
690,oversized
691,hoodie
691,streetwear
691,athleisure
691,oversized
692,hoodie
692,streetwear
692,athleisure
692,graphic-print
692,terry
692,zip-front
693,hoodie
693,athleisure
693,yellow
883,sweater
883,knit
883,relaxed-fit
884,cardigan
884,transitional
884,knit
885,sweater
885,long-sleeve
885,crew-neck
885,pullover
886,sweater
886,cable-knit
887,sweater
888,sweater
889,sweater
889,winter
889,wool
889,merino
890,sweater
891,sweater
891,cable-knit
892,sweater
892,crew-neck
892,cable-knit
893,cardigan
893,transitional
894,sweater
894,basics
894,crew-neck
895,sweater
896,sweater
896,preppy
896,knit
896,cropped
896,v-neck
896,cable-knit
897,sweater
897,lace
897,lace-up
898,sweater
898,casual
898,v-neck
899,sweater
899,streetwear
899,oversized
900,sweater
901,sweater
901,winter
901,cashmere
901,crew-neck
902,cardigan
902,transitional
903,cardigan
903,transitional
904,sweater
904,winter
904,cashmere
904,v-neck
905,sweater
905,color-blocked
905,mock-neck
906,turtleneck
906,basics
906,winter
906,jacquard
907,turtleneck
907,basics
907,winter
908,sweater
908,cable-knit
909,turtleneck
909,winter
909,ribbed-knit
910,sweater
911,sweater
911,v-neck
912,turtleneck
912,casual
912,winter
912,cable-knit
913,sweater
913,casual
914,sweater
914,casual
914,striped
914,crew-neck
915,sweater
915,preppy
915,winter
915,wool
915,knit
915,crew-neck
915,cable-knit
916,cardigan
916,transitional
917,sweater
917,retro
917,winter
917,wool
917,merino
917,knit
918,sweater
918,striped
918,polyester
918,boxy
919,sweater
919,polyester
920,sweater
920,cotton
920,embroidered
921,sweater
921,knit
922,sweater
922,streetwear
922,preppy
922,knit
922,oversized
922,cable-knit
923,sweater
923,streetwear
923,striped
923,oversized
924,cardigan
924,transitional
925,sweater
925,cotton
925,boxy
926,sweater
927,sweater
927,preppy
927,knit
927,cable-knit
928,turtleneck
928,preppy
928,knit
928,cable-knit
929,sweater
930,sweater
930,v-neck
931,sweater
931,crew-neck
932,sweater
933,cardigan
933,transitional
934,sweater
934,preppy
934,knit
934,pullover
934,cable-knit
935,sweater
935,preppy
935,knit
935,cable-knit
936,sweater
936,preppy
936,knit
936,cable-knit
937,cardigan
937,transitional
938,sweater
938,pullover
939,sweater
939,preppy
939,knit
939,mock-neck
939,cable-knit
940,sweater
941,sweater
941,basics
942,turtleneck
942,preppy
942,knit
942,cable-knit
943,sweater
944,sweater
944,preppy
944,knit
944,cable-knit
945,sweater
946,turtleneck
947,sweater
947,crew-neck
948,sweater
949,sweater
949,preppy
949,knit
949,cable-knit
950,sweater
950,pullover
951,cardigan
951,transitional
952,sweater
953,sweater
953,mock-neck
954,sweater
955,sweater
955,floral
955,crew-neck
956,turtleneck
956,knit
957,sweater
957,v-neck
958,sweater
958,crew-neck
959,sweater
959,cotton
959,barrel-leg
959,cropped
960,sweater
960,cotton
960,cropped
960,pointelle
961,turtleneck
961,cotton
962,sweater
962,streetwear
962,cotton
962,oversized
963,sweater
963,cotton
963,relaxed-fit
963,crew-neck
964,sweater
964,preppy
964,knit
964,cable-knit
965,cardigan
965,transitional
965,knit
966,sweater
966,knit
966,collared
967,sweater
967,knit
968,sweater
968,knit
969,sweater
969,long-sleeve
970,cardigan
970,transitional
970,loose-fit
971,sweater
971,boat-neck
972,turtleneck
972,winter
973,sweater
973,streetwear
973,oversized
973,boat-neck
974,turtleneck
974,streetwear
974,winter
974,oversized
975,sweater
975,streetwear
975,oversized
976,sweater
976,streetwear
976,winter
976,wool
976,oversized
977,sweater
978,sweater
979,sweater
980,sweater
980,v-neck
981,sweater
981,boho
981,knit
981,long-sleeve
982,sweater
982,preppy
982,knit
982,cable-knit
983,sweater
983,preppy
983,knit
983,v-neck
983,cable-knit
984,turtleneck
985,sweater
985,v-neck
986,sweater
986,v-neck
987,sweater
987,cotton
988,sweater
988,slim-fit
988,long-sleeve
988,pullover
989,sweater
990,turtleneck
990,winter
990,knit
991,sweater
991,basics
991,winter
991,wool
991,crew-neck
992,sweater
992,basics
992,crew-neck
992,cable-knit
993,sweater
993,jacquard
994,sweater
995,sweater
995,v-neck
996,sweater
997,sweater
997,color-blocked
998,sweater
998,ribbed-knit
998,mock-neck
999,sweater
1000,sweater
1001,cardigan
1001,transitional
1001,relaxed-fit
1002,sweater
1002,ribbed-knit
1003,sweater
1003,crew-neck
1004,sweater
1004,basics
1004,relaxed-fit
1005,sweater
1005,flared
1005,pointelle
1006,sweater
1006,basics
1006,relaxed-fit
1007,sweater
1007,relaxed-fit
1007,v-neck
1008,sweater
1008,pointelle
1009,sweater
1009,ribbed-knit
1010,sweater
1010,v-neck
1011,sweater
1012,sweater
1012,striped
1013,sweater
1013,winter
1013,cashmere
1013,crew-neck
1014,sweater
1014,crew-neck
1015,sweater
1016,sweater
1016,winter
1016,wool
1016,merino
1017,sweater
1017,cotton
1017,ribbed-knit
1018,sweater
1018,boxy
1018,crew-neck
1019,turtleneck
1019,winter
1020,sweater
1020,knit
1021,sweater
1021,streetwear
1021,oversized
1022,sweater
1023,sweater
1023,streetwear
1023,oversized
1024,sweater
1024,striped
1025,sweater
1025,winter
1025,cashmere
1025,crew-neck
1026,sweater
1026,winter
1026,cashmere
1027,sweater
1028,sweater
1028,navy
1028,jersey
1028,fitted
1028,cropped
1028,scoop-neck
1029,sweater
1029,navy
1029,cotton
1029,knit
1030,turtleneck
1030,preppy
1030,navy
1030,cotton
1030,knit
1030,cable-knit
1031,sweater
1031,navy
1031,crew-neck
1032,sweater
1032,navy
1032,cropped
1033,sweater
1033,winter
1033,wool
1034,sweater
1034,outdoor
1034,winter
1034,wool
1035,sweater
1036,sweater
1036,knit
1036,long-sleeve
1037,sweater
1037,preppy
1037,cotton
1037,knit
1037,cable-knit
1038,sweater
1039,sweater
1039,preppy
1039,striped
1039,half-zip
1040,sweater
1040,knit
1041,sweater
1041,winter
1041,cashmere
1041,crew-neck
1041,cable-knit
1042,sweater
1042,summer
1042,winter
1042,lightweight
1042,cotton
1042,cashmere
1043,sweater
1043,cotton
1044,sweater
1044,regular-fit
1044,v-neck
1045,turtleneck
1045,winter
1045,ribbed-knit
1046,sweater
1046,denim
1046,knit
1047,cardigan
1047,transitional
1048,sweater
1048,long-sleeve
1048,crew-neck
1048,pullover
1049,sweater
1049,knit
1050,sweater
1050,winter
1050,white
1050,cotton
1050,cashmere
1051,sweater
1051,floral
1051,cotton
1051,embroidered
1052,sweater
1052,lace
1052,knit
1053,sweater
1053,cotton
1053,knit
1054,sweater
1054,preppy
1054,cotton
1055,sweater
1055,winter
1055,wool
1055,merino
1056,sweater
1056,preppy
1056,striped
1056,cotton
1057,sweater
1057,preppy
1057,knit
1057,ribbed-knit
1058,sweater
1058,black
1058,v-neck
1059,sweater
1059,knit
1059,crew-neck
1060,top
1060,winter
1060,cashmere
1060,pullover
1061,sweater
1061,winter
1061,cashmere
1061,v-neck
1062,sweater
1062,black
1062,white
1062,knit
1063,sweater
1063,black
1063,white
1063,pullover
1063,pointelle
1064,cardigan
1064,transitional
1065,sweater
1065,pink
1065,boxy
1066,sweater
1067,sweater
1067,basics
1067,relaxed-fit
1067,v-neck
1068,cardigan
1068,transitional
1068,knit
1068,long-sleeve
1069,sweater
1069,ribbed-knit
1069,crew-neck
1070,sweater
1070,winter
1070,wool
1070,merino
1070,v-neck
1070,pullover
1071,sweater
1072,cardigan
1072,transitional
1072,crew-neck
1073,cardigan
1073,transitional
1074,sweater
1074,winter
1074,wool
1074,ribbed-knit
1075,sweater
1076,puffer-jacket
1076,winter
1076,midweight
1076,hooded
1077,puffer-jacket
1077,winter
1077,midweight
1077,sherpa
1077,collared
1078,jacket
1078,workwear
1078,leather
1079,jacket
1080,jacket
1081,jacket
1082,jacket
1083,jacket
1084,hoodie
1085,jacket
1086,jacket
1086,basics
1086,blue
1086,leather
1087,puffer-jacket
1087,winter
1087,black
1088,jacket
1088,stretch
1089,bomber-jacket
1089,streetwear
1089,techwear
1090,jacket
1091,jacket
1091,workwear
1092,jacket
1092,workwear
1093,jacket
1093,workwear
1093,loose-fit
1094,jacket
1094,workwear
1094,insulated
1095,jacket
1095,workwear
1095,insulated
1096,jacket
1096,workwear
1096,relaxed-fit
1097,jacket
1097,workwear
1097,summer
1097,lightweight
1097,relaxed-fit
1097,packable
1098,jacket
1098,workwear
1098,insulated
1098,relaxed-fit
1099,coat
1099,workwear
1099,winter
1099,sherpa
1100,jacket
1100,workwear
1101,puffer-jacket
1101,winter
1101,hooded
1101,packable
1102,jacket
1102,outdoor
1102,black
1103,jacket
1103,outdoor
1103,gray
1104,jacket
1104,outdoor
1105,jacket
1105,outdoor
1106,jacket
1106,outdoor
1106,hooded
1107,jacket
1107,outdoor
1107,winter
1107,fleece
1107,zip-front
1108,jacket
1108,winter
1108,fleece
1109,jacket
1109,insulated
1109,down
1109,reversible
1110,jacket
1110,down
1110,hooded
1111,jacket
1111,down
1111,hooded
1112,jacket
1113,bomber-jacket
1113,streetwear
1113,white
1113,gray
1113,navy
1114,jacket
1114,basics
1115,jacket
1115,workwear
1115,insulated
1116,jacket
1116,nylon
1116,hooded
1117,jacket
1117,floral
1118,jacket
1119,bomber-jacket
1119,streetwear
1119,faux-leather
1120,jacket
1121,bomber-jacket
1121,streetwear
1121,basics
1122,jacket
1123,jacket
1123,streetwear
1123,basics
1124,jacket
1124,casual
1125,bomber-jacket
1125,streetwear
1126,puffer-jacket
1126,winter
1127,jacket
1128,bomber-jacket
1128,streetwear
1128,basics
1128,relaxed-fit
1128,embroidered
1129,jacket
1129,faux-leather
1130,bomber-jacket
1130,streetwear
1131,jacket
1132,puffer-jacket
1132,winter
1132,cropped
1133,puffer-jacket
1133,winter
1133,nylon
1133,hooded
1134,puffer-jacket
1134,winter
1134,faux-leather
1135,puffer-jacket
1135,winter
1136,puffer-jacket
1136,winter
1136,nylon
1137,puffer-jacket
1137,winter
1137,faux-leather
1138,puffer-jacket
1138,winter
1138,nylon
1139,bomber-jacket
1139,streetwear
1139,ruched
1140,puffer-jacket
1140,winter
1141,jacket
1142,bomber-jacket
1142,streetwear
1142,oversized
1142,barrel-leg
1143,jacket
1143,faux-fur
1144,jacket
1144,transitional
1144,wind-resistant
1145,jacket
1145,transitional
1145,wind-resistant
1146,bomber-jacket
1146,streetwear
1146,oversized
1146,ruched
1147,jacket
1147,faux-leather
1148,jacket
1149,jacket
1150,puffer-jacket
1150,winter
1150,packable
1151,jacket
1151,winter
1151,fleece
1152,bomber-jacket
1152,streetwear
1152,collared
1153,jacket
1153,casual
1154,jacket
1154,denim
1155,jacket
1156,jacket
1156,hooded
1157,jacket
1157,transitional
1157,wind-resistant
1157,hooded
1158,jacket
1159,jacket
1160,bomber-jacket
1160,streetwear
1160,oversized
1161,jacket
1161,streetwear
1161,oversized
1162,puffer-jacket
1162,streetwear
1162,winter
1162,oversized
1163,jacket
1164,jacket
1164,cotton
1164,quilted
1165,jacket
1165,quilted
1166,jacket
1166,nylon
1166,quilted
1167,jacket
1167,summer
1168,jacket
1168,summer
1168,short-sleeve
1169,jacket
1169,square-neck
1170,bomber-jacket
1170,streetwear
1170,collared
1171,jacket
1171,cotton
1171,collared
1172,jacket
1172,transitional
1172,wind-resistant
1172,hooded
1173,jacket
1174,bomber-jacket
1174,streetwear
1174,nylon
1174,loose-fit
1175,jacket
1175,scuba
1175,loose-fit
1175,hooded
1176,jacket
1176,transitional
1176,wind-resistant
1176,nylon
1177,puffer-jacket
1177,winter
1177,hooded
1178,puffer-jacket
1178,winter
1178,zip-front
1179,puffer-jacket
1179,winter
1180,jacket
1180,suede
1181,jacket
1182,puffer-jacket
1182,winter
1182,herringbone
1182,wool
1182,wrap
1183,jacket
1183,cotton
1183,canvas
1184,jacket
1185,jacket
1185,zip-front
1186,jacket
1187,jacket
1187,winter
1187,fleece
1187,zip-front
1188,bomber-jacket
1188,streetwear
1188,leather
1189,jacket
1190,jacket
1190,leather
1191,bomber-jacket
1191,streetwear
1192,jacket
1192,basics
1193,jacket
1193,streetwear
1193,graphic-print
1194,jacket
1194,hooded
1194,zip-front
1195,puffer-jacket
1195,basics
1195,outdoor
1195,winter
1196,puffer-jacket
1196,basics
1196,outdoor
1196,winter
1196,color-blocked
1197,jacket
1197,outdoor
1197,waterproof
1197,insulated
1198,jacket
1198,outdoor
1198,hooded
1198,pockets
1199,puffer-jacket
1199,basics
1199,winter
1200,jacket
1200,workwear
1200,black
1200,leather
1200,pockets
1201,hoodie
1201,outdoor
1201,zip-front
1202,jacket
1202,outdoor
1202,insulated
1203,jacket
1203,hooded
1204,jacket
1204,basics
1204,zip-front
1205,jacket
1205,zip-front
1206,bomber-jacket
1206,streetwear
1206,water-resistant
1206,navy
1207,bomber-jacket
1207,streetwear
1207,winter
1207,navy
1207,fleece
1208,jeans
1208,basics
1208,navy
1208,denim
1209,jacket
1209,navy
1209,zip-front
1210,jacket
1210,transitional
1210,wind-resistant
1210,navy
1210,zip-front
1211,jacket
1211,insulated
1211,faux-fur
1211,down
1212,sweater
1212,outdoor
1212,down
1213,jacket
1213,outdoor
1214,jacket
1214,outdoor
1215,jacket
1215,outdoor
1216,jacket
1216,outdoor
1217,sweater
1217,outdoor
1218,hoodie
1218,streetwear
1218,outdoor
1218,quilted
1219,jacket
1219,outdoor
1220,puffer-jacket
1220,winter
1221,jacket
1221,relaxed-fit
1222,jacket
1223,hoodie
1223,athleisure
1223,outdoor
1223,down
1224,jacket
1224,outdoor
1224,insulated
1224,down
1225,jacket
1225,outdoor
1225,insulated
1225,gray
1225,down
1226,jacket
1226,outdoor
1226,winter
1226,fleece
1227,jacket
1227,outdoor
1227,insulated
1227,down
1228,jacket
1229,jacket
1229,outdoor
1229,winter
1229,fleece
1230,hoodie
1230,athleisure
1230,outdoor
1231,jacket
1231,outdoor
1232,jacket
1232,outdoor
1233,hoodie
1233,athleisure
1233,outdoor
1233,down
1234,jacket
1234,outdoor
1234,insulated
1234,down
1235,jacket
1235,outdoor
1235,insulated
1236,jacket
1236,outdoor
1237,jacket
1237,outdoor
1237,stretch
1238,jacket
1238,retro
1238,outdoor
1239,hoodie
1239,athleisure
1239,outdoor
1240,jacket
1240,outdoor
1240,down
1240,hooded
1241,hoodie
1241,athleisure
1241,outdoor
1241,down
1242,jacket
1242,outdoor
1242,insulated
1243,jacket
1243,outdoor
1243,winter
1243,fleece
1244,jacket
1244,athleisure
1244,outdoor
1244,winter
1244,fleece
1244,zip-front
1245,jacket
1245,black
1246,jacket
1247,jacket
1247,pink
1248,jacket
1248,olive
1249,jacket
1250,jacket
1250,pink
1251,jacket
1252,jacket
1252,resort
1252,nylon
1253,jacket
1253,black
1253,gold
1254,jacket
1255,bomber-jacket
1255,streetwear
1255,nylon
1256,jacket
1257,jacket
1258,jacket
1258,summer
1259,jacket
1259,minimalist
1259,down
1260,jacket
1260,stretch
1261,jacket
1261,zip-front
1262,jacket
1262,denim
1262,knit
1263,jacket
1264,jacket
1265,jacket
1265,suede
1265,slim-fit
1266,puffer-jacket
1266,basics
1266,winter
1266,solid
1266,faux-fur
1266,loose-fit
1266,cropped
1266,long-sleeve
1267,jacket
1267,leather
1268,sweater
1268,winter
1268,fleece
1268,zip-front
1269,puffer-jacket
1269,basics
1269,outdoor
1269,winter
1270,puffer-jacket
1270,basics
1270,outdoor
1270,winter
1270,color-blocked
1271,jacket
1272,jeans
1272,basics
1272,denim
1273,jacket
1273,western
1273,denim
1274,jacket
1274,denim
1275,coat
1275,summer
1275,high-neck
1276,t-shirt
1276,athleisure
1276,summer
1276,lightweight
1276,long-sleeve
1276,hooded
1277,t-shirt
1277,athleisure
1277,cotton
1278,t-shirt
1278,athleisure
1278,cotton
1278,long-sleeve
1279,leggings
1279,athleisure
1280,leggings
1280,athleisure
1280,minimalist
1281,leggings
1281,athleisure
1281,summer
1282,leggings
1282,athleisure
1282,summer
1283,leggings
1283,athleisure
1284,leggings
1284,athleisure
1285,socks
1285,athleisure
1286,leggings
1286,athleisure
1286,high-rise
1287,bra
1288,t-shirt
1289,jacket
1289,winter
1289,fleece
1289,zip-front
1290,activewear-set
1290,athleisure
1291,vest
1291,athleisure
1291,basics
1291,summer
1291,solid
1291,slim-fit
1291,sleeveless
1292,leggings
1292,athleisure
1292,midi
1292,high-rise
1292,pockets
1293,tank-top
1294,sports-bra
1295,hoodie
1295,workwear
1295,winter
1295,midweight
1295,hooded
1295,zip-front
1296,leggings
1296,athleisure
1296,knit
1296,high-rise
1297,tank-top
1297,athleisure
1297,color-blocked
1297,stretch
1298,t-shirt
1299,jacket
1299,athleisure
1299,summer
1299,lightweight
1299,slim-fit
1299,cropped
1299,zip-front
1300,activewear-set
1300,brown
1301,t-shirt
1302,leggings
1302,athleisure
1303,leggings
1303,athleisure
1304,shirt
1304,winter
1304,long-sleeve
1305,shorts
1305,athleisure
1305,summer
1306,sports-bra
1306,athleisure
1306,summer
1306,cropped
1306,sleeveless
1307,pants
1307,athleisure
1308,leggings
1308,athleisure
1309,tank-top
1310,activewear-set
1311,top
1312,leggings
1312,athleisure
1313,long-sleeve-top
1313,long-sleeve
1313,ruched
1314,top
1314,printed
1315,sports-bra
1316,tank-top
1316,alternative
1316,summer
1316,mesh
1317,crop-top
1317,athleisure
1317,cropped
1318,tank-top
1318,athleisure
1319,tank-top
1319,athleisure
1319,summer
1320,tank-top
1320,athleisure
1321,tank-top
1321,athleisure
1322,tank-top
1322,athleisure
1323,activewear-set
1323,athleisure
1324,crop-top
1324,athleisure
1324,cropped
1325,tank-top
1325,athleisure
1326,tank-top
1326,athleisure
1327,tank-top
1327,athleisure
1328,sweatshirt
1328,athleisure
1329,tank-top
1329,athleisure
1329,summer
1330,sweatshirt
1330,athleisure
1331,tank-top
1331,athleisure
1332,tank-top
1332,athleisure
1333,tank-top
1333,athleisure
1333,summer
1334,tank-top
1334,athleisure
1335,tank-top
1335,athleisure
1336,tank-top
1336,athleisure
1337,crop-top
1337,athleisure
1337,cropped
1338,sweatshirt
1338,athleisure
1339,tank-top
1339,athleisure
1340,tank-top
1340,athleisure
1341,tank-top
1341,athleisure
1341,summer
1342,t-shirt
1342,athleisure
1342,summer
1342,short-sleeve
1343,shorts
1343,athleisure
1343,summer
1344,shorts
1344,athleisure
1344,summer
1345,shorts
1345,athleisure
1345,summer
1346,shorts
1346,athleisure
1346,summer
1347,shorts
1347,athleisure
1347,summer
1348,shorts
1348,athleisure
1348,minimalist
1348,summer
1348,high-rise
1349,long-sleeve-top
1349,athleisure
1349,long-sleeve
1350,crop-top
1350,minimalist
1350,cropped
1351,leggings
1351,athleisure
1351,minimalist
1352,leggings
1352,athleisure
1352,minimalist
1353,leggings
1353,athleisure
1353,minimalist
1354,shorts
1354,summer
1355,shorts
1355,basics
1355,summer
1355,olive
1356,t-shirt
1356,black
1357,joggers
1357,athleisure
1357,straight-leg
1358,joggers
1358,athleisure
1358,gray
1358,straight-leg
1359,tank-top
1359,red
1360,tank-top
1360,minimalist
1361,leggings
1361,athleisure
1361,minimalist
1362,leggings
1362,athleisure
1362,pockets
1363,t-shirt
1363,minimalist
1363,summer
1363,lightweight
1364,t-shirt
1365,t-shirt
1365,gray
1366,tank-top
1366,ribbed-knit
1367,leggings
1367,athleisure
1368,shorts
1368,summer
1369,shorts
1369,summer
1370,pants
1370,straight-leg
1371,joggers
1371,athleisure
1371,winter
1371,fleece
1372,leggings
1372,casual
1372,athleisure
1372,minimalist
1373,leggings
1373,athleisure
1373,flared
1374,top
1374,minimalist
1375,t-shirt
1376,crop-top
1376,cropped
1377,hoodie
1377,athleisure
1377,summer
1377,sleeveless
1378,hoodie
1378,athleisure
1378,winter
1378,heavyweight
1378,cotton
1379,tank-top
1380,leggings
1380,athleisure
1381,leggings
1381,high-rise
1382,long-sleeve-top
1382,long-sleeve
1383,tank-top
1383,alternative
1383,mesh
1384,t-shirt
1384,athleisure
1384,long-sleeve
1385,hoodie
1385,athleisure
1385,summer
1385,short-sleeve
1386,tank-top
1386,summer
1386,sleeveless
1387,leggings
1387,athleisure
1388,tank-top
1389,t-shirt
1390,socks
1390,basics
1391,tank-top
1391,athleisure
1391,summer
1392,quarter-zip-pullover
1392,half-zip
1393,leggings
1393,athleisure
1393,minimalist
1394,leggings
1394,athleisure
1394,minimalist
1395,leggings
1395,athleisure
1395,minimalist
1396,leggings
1396,athleisure
1396,minimalist
1396,basics
1396,solid
1397,shorts
1397,minimalist
1397,basics
1397,summer
1397,solid
1398,leggings
1398,athleisure
1398,minimalist
1399,leggings
1399,athleisure
1399,minimalist
1399,animal-print
1400,singlet
1401,sports-bra
1401,navy
1402,crop-top
1402,athleisure
1402,cropped
1403,leggings
1403,athleisure
1403,minimalist
1404,leggings
1404,athleisure
1404,minimalist
1405,tank-top
1406,leggings
1406,streetwear
1406,athleisure
1406,minimalist
1406,basics
1406,pink
1406,logo
1407,shorts
1407,athleisure
1407,summer
1407,cotton
1408,shorts
1408,athleisure
1408,summer
1409,leggings
1409,athleisure
1409,minimalist
1410,vest
1410,athleisure
1410,black
1411,leggings
1411,athleisure
1411,high-rise
1412,leggings
1412,athleisure
1413,leggings
1413,athleisure
1413,minimalist
1413,basics
1414,leggings
1414,athleisure
1414,minimalist
1415,sweatshirt
1415,athleisure
1415,summer
1415,lightweight
1415,quarter-zip
1416,t-shirt
1416,athleisure
1416,v-neck
1417,hoodie
1417,athleisure
1417,summer
1417,short-sleeve
1418,t-shirt
1418,athleisure
1418,long-sleeve
1419,t-shirt
1419,summer
1419,short-sleeve
1420,t-shirt
1420,outdoor
1421,hoodie
1421,athleisure
1422,shorts
1422,summer
1422,black
1423,shirt
1423,basics
1424,crop-top
1424,minimalist
1424,cropped
1424,long-sleeve
1425,leggings
1425,athleisure
1425,minimalist
1426,top
1426,minimalist
1426,long-sleeve
1427,t-shirt
1427,athleisure
1428,activewear-set
1428,athleisure
1428,minimalist
1429,jumpsuit
1429,athleisure
1429,high-rise
1430,pajamas
1430,loungewear
1431,jumpsuit
1431,athleisure
1431,minimalist
1432,tank-top
1432,alternative
1432,summer
1432,mesh
1432,reversible
1433,tank-top
1434,leggings
1434,athleisure
1434,high-rise
1435,leggings
1435,athleisure
1436,tank-top
1436,summer
1436,ribbed-knit
1436,fitted
1437,shorts
1437,athleisure
1437,workwear
1437,summer
1437,pockets
1438,t-shirt
1438,athleisure
1439,leggings
1439,athleisure
1440,t-shirt
1441,shorts
1441,alternative
1441,summer
1441,mesh
1442,t-shirt
1442,summer
1442,short-sleeve
1443,sports-bra
1444,sports-bra
1445,jacket
1446,jacket
1446,knit
1446,zip-front
1447,t-shirt
1447,summer
1447,short-sleeve
1448,leggings
1448,athleisure
1448,stretch
1449,leggings
1449,streetwear
1449,athleisure
1449,minimalist
1449,basics
1449,pink
1449,logo
1450,leggings
1450,athleisure
1451,leggings
1451,athleisure
1452,bra
1454,leggings
1454,athleisure
1455,activewear-set
1456,activewear-set
1456,athleisure
1457,t-shirt
1457,athleisure
1457,alternative
1457,mesh
1457,loose-fit
1458,tank-top
1458,alternative
1458,mesh
1459,crop-top
1459,athleisure
1459,cropped
1459,long-sleeve
1460,bra
1461,sports-bra
1462,quarter-zip-pullover
1462,athleisure
1462,summer
1462,short-sleeve
1462,half-zip
1463,leggings
1463,athleisure
1463,minimalist
1464,jeans
1464,slim-fit
1464,straight-leg
1465,jeans
1465,retro
1465,denim
1465,straight-leg
1465,high-rise
1466,jeans
1466,retro
1466,denim
1466,relaxed-fit
1466,high-rise
1467,jeans
1467,loose-fit
1467,high-rise
1468,jeans
1468,wide-leg
1468,high-rise
1469,jeans
1469,retro
1469,denim
1469,straight-leg
1469,mid-rise
1470,jeans
1470,western
1470,denim
1470,bootcut
1470,mid-rise
1471,jeans
1471,retro
1471,denim
1471,straight-leg
1471,high-rise
1472,jeans
1472,retro
1472,denim
1472,relaxed-fit
1472,high-rise
1473,jeans
1473,loose-fit
1473,high-rise
1474,jeans
1474,retro
1474,denim
1474,straight-leg
1474,mid-rise
1475,jeans
1475,western
1475,bootcut
1475,mid-rise
1476,jeans
1476,streetwear
1476,baggy
1476,a-line
1477,jeans
1477,alternative
1477,y2k
1477,wide-leg
1477,low-rise
1477,ripped
1478,jeans
1478,streetwear
1478,denim
1478,wide-leg
1478,baggy
1478,curvy-fit
1478,high-rise
1478,stretch
1479,jeans
1479,streetwear
1479,y2k
1479,wide-leg
1479,baggy
1479,low-rise
1479,stretch
1480,jeans
1480,streetwear
1480,alternative
1480,denim
1480,wide-leg
1480,baggy
1480,high-rise
1480,ripped
1480,stretch
1481,jeans
1481,streetwear
1481,denim
1481,wide-leg
1481,baggy
1481,high-rise
1481,stretch
1482,jeans
1482,streetwear
1482,y2k
1482,denim
1482,wide-leg
1482,baggy
1482,low-rise
1483,jeans
1483,y2k
1483,denim
1483,wide-leg
1483,low-rise
1484,jeans
1484,y2k
1484,wide-leg
1484,low-rise
1485,jeans
1485,athleisure
1486,jeans
1486,athleisure
1487,jeans
1487,denim
1487,straight-leg
1488,jeans
1488,denim
1488,slim-fit
1489,jeans
1489,slim-fit
1489,straight-leg
1490,jeans
1490,alternative
1490,straight-leg
1490,curvy-fit
1490,ripped
1490,stretch
1491,jeans
1491,denim
1491,straight-leg
1491,high-rise
1491,stretch
1492,jeans
1492,denim
1492,stretch
1493,jeans
1493,denim
1493,straight-leg
1493,ankle-length
1493,high-rise
1493,stretch
1494,jeans
1494,alternative
1494,denim
1494,straight-leg
1494,ankle-length
1494,high-rise
1494,ripped
1494,stretch
1495,jeans
1495,denim
1495,straight-leg
1495,high-rise
1495,stretch
1496,jeans
1496,denim
1496,straight-leg
1496,high-rise
1496,stretch
1497,jeans
1497,alternative
1497,curvy-fit
1497,ripped
1498,jeans
1498,streetwear
1498,denim
1498,straight-leg
1498,baggy
1498,curvy-fit
1498,high-rise
1499,jeans
1499,high-rise
1500,jeans
1501,jeans
1501,alternative
1501,high-rise
1501,ripped
1502,jeans
1502,alternative
1502,ripped
1503,jeans
1503,streetwear
1503,denim
1503,straight-leg
1503,baggy
1503,high-rise
1504,jeans
1504,a-line
1505,jeans
1505,flared
1505,high-rise
1506,jeans
1506,high-rise
1507,jeans
1507,straight-leg
1507,high-rise
1507,stretch
1508,jeans
1508,straight-leg
1508,curvy-fit
1508,stretch
1509,jeans
1509,skinny-leg
1509,stretch
1510,jeans
1510,western
1510,relaxed-fit
1510,bootcut
1511,jeans
1511,stretch
1512,jeans
1512,denim
1512,straight-leg
1512,stretch
1513,jeans
1513,streetwear
1513,y2k
1513,baggy
1513,low-rise
1514,jeans
1514,denim
1514,straight-leg
1514,stretch
1515,jeans
1515,denim
1515,straight-leg
1515,stretch
1516,jeans
1516,wide-leg
1516,high-rise
1517,jeans
1517,denim
1517,straight-leg
1517,stretch
1518,jeans
1518,workwear
1518,western
1518,denim
1518,relaxed-fit
1518,bootcut
1518,pockets
1519,jeans
1519,western
1519,slim-fit
1519,bootcut
1520,jeans
1520,western
1520,denim
1520,relaxed-fit
1520,bootcut
1521,pants
1521,denim
1521,stretch
1522,jeans
1522,y2k
1522,cotton
1522,straight-leg
1522,low-rise
1523,jeans
1523,western
1523,denim
1523,bootcut
1523,high-rise
1524,jeans
1524,denim
1524,straight-leg
1525,jeans
1525,y2k
1525,low-rise
1526,jeans
1526,high-rise
1527,jeans
1527,wide-leg
1528,jeans
1528,wide-leg
1528,stretch
1529,jeans
1529,stretch
1530,jeans
1530,skinny-leg
1530,high-rise
1531,jeans
1531,straight-leg
1531,high-rise
1531,stretch
1532,jeans
1533,jeans
1533,retro
1533,straight-leg
1534,jeans
1534,skinny-leg
1534,high-rise
1534,stretch
1535,jeans
1535,skinny-leg
1535,stretch
1536,jeans
1536,high-rise
1537,jeans
1537,basics
1537,denim
1537,stretch
1538,jeans
1538,barrel-leg
1538,mid-rise
1539,jeans
1539,wide-leg
1540,jeans
1540,slim-fit
1541,jeans
1541,slim-fit
1542,jeans
1542,retro
1542,slim-fit
1542,straight-leg
1542,high-rise
1543,jeans
1543,straight-leg
1543,high-rise
1544,jeans
1544,retro
1544,y2k
1544,loose-fit
1544,low-rise
1545,jeans
1545,basics
1546,jeans
1546,denim
1547,jeans
1547,straight-leg
1548,jeans
1548,wide-leg
1548,high-rise
1549,jeans
1549,wide-leg
1549,high-rise
1550,jeans
1550,slim-fit
1550,ankle-length
1550,high-rise
1551,jeans
1551,skinny-leg
1551,high-rise
1552,jeans
1552,wide-leg
1552,high-rise
1553,jeans
1554,jeans
1554,straight-leg
1555,jeans
1555,straight-leg
1555,high-rise
1556,jeans
1556,streetwear
1556,y2k
1556,baggy
1556,low-rise
1557,jeans
1557,slim-fit
1557,straight-leg
1558,jeans
1558,tapered-leg
1558,wide-leg
1558,high-rise
1559,jeans
1559,regular-fit
1559,straight-leg
1560,jeans
1560,retro
1561,jeans
1561,slim-fit
1562,jeans
1562,athleisure
1563,jeans
1563,blue
1563,relaxed-fit
1563,straight-leg
1564,jeans
1564,blue
1564,relaxed-fit
1564,straight-leg
1564,stretch
1565,jeans
1565,loose-fit
1565,straight-leg
1566,jeans
1566,straight-leg
1566,high-rise
1567,jeans
1567,streetwear
1567,baggy
1568,jeans
1568,streetwear
1568,baggy
1569,jeans
1569,loose-fit
1570,jeans
1570,loose-fit
1571,jeans
1571,straight-leg
1572,jeans
1572,athleisure
1573,jeans
1573,relaxed-fit
1574,jeans
1574,loose-fit
1574,straight-leg
1575,jeans
1576,jeans
1577,jeans
1577,straight-leg
1577,ankle-length
1578,jeans
1578,wide-leg
1579,jeans
1580,jeans
1580,streetwear
1580,baggy
1580,barrel-leg
1581,jeans
1581,basics
1581,straight-leg
1582,jeans
1582,blue
1582,denim
1582,stretch
1583,jeans
1583,western
1583,bootcut
1584,jeans
1584,straight-leg
1585,jeans
1585,summer
1585,lightweight
1585,denim
1586,jeans
1586,straight-leg
1586,mid-rise
1587,jeans
1587,denim
1587,wide-leg
1588,jeans
1588,retro
1588,denim
1588,wide-leg
1589,jeans
1589,wide-leg
1590,jeans
1590,relaxed-fit
1590,straight-leg
1590,high-rise
1591,jeans
1591,blue
1591,relaxed-fit
1591,straight-leg
1591,stretch
1592,jeans
1592,straight-leg
1593,jeans
1593,navy
1593,straight-leg
1593,stretch
1594,jeans
1594,navy
1594,barrel-leg
1594,high-rise
1595,jeans
1595,navy
1595,loose-fit
1595,high-rise
1596,jeans
1596,navy
1596,loose-fit
1596,high-rise
1597,jeans
1597,navy
1597,straight-leg
1597,ankle-length
1597,high-rise
1598,jeans
1598,navy
1598,skinny-leg
1598,high-rise
1599,jeans
1599,navy
1599,wide-leg
1599,high-rise
1600,jeans
1600,navy
1600,loose-fit
1600,high-rise
1601,jeans
1601,navy
1601,straight-leg
1601,ankle-length
1601,high-rise
1602,jeans
1602,navy
1602,mid-rise
1603,jeans
1603,navy
1603,loose-fit
1603,mid-rise
1604,jeans
1604,navy
1604,straight-leg
1604,mid-rise
1605,jeans
1605,navy
1605,straight-leg
1605,mid-rise
1606,jeans
1606,straight-leg
1607,jeans
1607,straight-leg
1607,mid-rise
1608,jeans
1608,cotton
1608,relaxed-fit
1608,straight-leg
1608,stretch
1609,jeans
1609,western
1609,denim
1609,bootcut
1610,jeans
1610,slim-fit
1611,jeans
1612,jeans
1612,basics
1612,slim-fit
1613,jeans
1613,retro
1613,denim
1613,relaxed-fit
1613,high-rise
1613,embroidered
1614,jeans
1614,basics
1614,western
1614,bootcut
1614,high-rise
1615,jeans
1615,blue
1616,jeans
1616,denim
1616,straight-leg
1616,high-rise
1617,jeans
1617,western
1618,jeans
1618,western
1619,jeans
1619,retro
1619,y2k
1619,low-rise
1620,jeans
1620,wide-leg
1620,high-rise
1621,cardigan
1621,transitional
1621,knit
1621,ribbed-knit
1622,cardigan
1622,winter
1622,transitional
1622,wool
1623,cardigan
1623,transitional
1623,long-sleeve
1624,cardigan
1624,transitional
1624,knit
1625,cardigan
1625,winter
1625,transitional
1625,cashmere
1626,cardigan
1626,transitional
1627,cardigan
1627,transitional
1628,cardigan
1628,transitional
1628,v-neck
1629,cardigan
1629,transitional
1630,cardigan
1630,transitional
1630,v-neck
1630,pointelle
1631,cardigan
1631,summer
1631,transitional
1631,short-sleeve
1631,collared
1632,cardigan
1632,transitional
1633,cardigan
1633,summer
1633,transitional
1633,short-sleeve
1634,cardigan
1634,transitional
1634,v-neck
1635,cardigan
1635,transitional
1636,cardigan
1636,transitional
1636,fitted
1636,crew-neck
1637,cardigan
1637,transitional
1637,cotton
1638,cardigan
1638,transitional
1639,cardigan
1639,basics
1639,winter
1639,transitional
1639,gray
1639,wool
1640,cardigan
1640,transitional
1640,crew-neck
1641,cardigan
1641,basics
1641,transitional
1642,cardigan
1642,transitional
1643,cardigan
1643,transitional
1643,v-neck
1644,cardigan
1644,casual
1644,transitional
1644,crew-neck
1645,cardigan
1645,casual
1645,transitional
1645,puff-sleeve
1646,cardigan
1646,transitional
1646,floral
1646,long-sleeve
1647,cardigan
1647,transitional
1648,cardigan
1648,transitional
1648,viscose
1649,cardigan
1649,transitional
1650,cardigan
1650,transitional
1650,cotton
1651,cardigan
1651,transitional
1652,cardigan
1652,transitional
1653,cardigan
1653,winter
1653,transitional
1653,cashmere
1654,cardigan
1654,transitional
1654,cotton
1654,silk
1654,flared
1655,cardigan
1655,transitional
1655,merino
1656,cardigan
1656,transitional
1657,cardigan
1657,transitional
1658,cardigan
1658,transitional
1658,knit
1658,crew-neck
1659,cardigan
1659,transitional
1660,cardigan
1660,transitional
1660,striped
1660,rayon
1660,cable-knit
1661,cardigan
1661,transitional
1662,cardigan
1662,transitional
1662,cotton
1663,cardigan
1663,winter
1663,transitional
1663,cashmere
1664,cardigan
1664,transitional
1664,embroidered
1664,cable-knit
1665,cardigan
1665,transitional
1665,cotton
1666,cardigan
1666,transitional
1666,cable-knit
1667,cardigan
1667,winter
1667,transitional
1667,cashmere
1667,ribbed-knit
1668,cardigan
1668,summer
1668,transitional
1668,cotton
1668,short-sleeve
1669,cardigan
1669,transitional
1669,herringbone
1670,cardigan
1670,transitional
1671,cardigan
1671,winter
1671,transitional
1671,wool
1671,merino
1672,cardigan
1672,boho
1672,transitional
1672,striped
1672,knit
1672,collared
1673,cardigan
1673,transitional
1673,animal-print
1673,curvy-fit
1674,cardigan
1674,transitional
1675,cardigan
1675,basics
1675,transitional
1676,cardigan
1676,preppy
1676,transitional
1676,knit
1676,cable-knit
1677,cardigan
1677,transitional
1677,knit
1678,cardigan
1678,transitional
1678,striped
1678,knit
1678,button-front
1679,cardigan
1679,streetwear
1679,transitional
1679,oversized
1679,v-neck
1680,cardigan
1680,transitional
1680,knit
1680,cropped
1681,cardigan
1681,winter
1681,transitional
1681,cashmere
1681,silk
1682,cardigan
1682,transitional
1682,cotton
1683,cardigan
1683,transitional
1684,cardigan
1684,summer
1684,transitional
1684,lightweight
1684,crew-neck
1685,cardigan
1685,transitional
1685,lace
1686,cardigan
1686,transitional
1687,cardigan
1687,transitional
1688,cardigan
1688,transitional
1689,cardigan
1689,transitional
1689,knit
1690,cardigan
1690,transitional
1690,pointelle
1691,cardigan
1691,transitional
1692,cardigan
1692,transitional
1693,cardigan
1693,transitional
1694,cardigan
1694,transitional
1695,cardigan
1695,transitional
1696,cardigan
1696,transitional
1696,cropped
1697,cardigan
1697,basics
1697,transitional
1698,cardigan
1698,knit
1699,cardigan
1699,transitional
1700,cardigan
1700,transitional
1700,cropped
1701,cardigan
1701,streetwear
1701,transitional
1701,oversized
1702,cardigan
1702,transitional
1702,pointelle
1703,cardigan
1703,transitional
1704,cardigan
1704,transitional
1704,crew-neck
1705,cardigan
1705,transitional
1705,pointelle
1706,cardigan
1706,transitional
1706,cotton
1706,relaxed-fit
1707,cardigan
1707,transitional
1707,knit
1708,cardigan
1708,transitional
1709,cardigan
1709,transitional
1709,collared
1710,cardigan
1710,transitional
1711,cardigan
1711,transitional
1711,knit
1712,cardigan
1712,transitional
1712,jersey
1713,cardigan
1713,transitional
1713,jersey
1713,pockets
1714,cardigan
1714,transitional
1714,knit
1715,cardigan
1715,transitional
1716,cardigan
1716,transitional
1716,loose-fit
1717,cardigan
1717,transitional
1717,knit
1717,ribbed-knit
1718,cardigan
1718,streetwear
1718,transitional
1718,oversized
1719,cardigan
1719,transitional
1719,knit
1719,pointelle
1720,cardigan
1720,boho
1720,transitional
1720,ruffled
1721,cardigan
1721,transitional
1721,knit
1722,cardigan
1722,transitional
1722,beige
1722,jersey
1723,cardigan
1723,transitional
1723,pointelle
1724,cardigan
1724,boho
1724,transitional
1724,tie-front
1725,cardigan
1725,preppy
1725,transitional
1725,knit
1725,v-neck
1725,cable-knit
1726,cardigan
1726,winter
1726,transitional
1726,fleece
1726,faux-fur
1727,cardigan
1727,transitional
1728,cardigan
1729,cardigan
1729,transitional
1729,cotton
1730,cardigan
1730,transitional
1731,cardigan
1731,transitional
1731,knit
1732,cardigan
1732,transitional
1733,cardigan
1733,transitional
1733,crew-neck
1734,cardigan
1734,transitional
1734,long-sleeve
1734,crew-neck
1735,cardigan
1735,transitional
1735,long-sleeve
1735,v-neck
1736,cardigan
1736,transitional
1736,relaxed-fit
1737,cardigan
1737,transitional
1737,striped
1737,pointelle
1738,cardigan
1738,transitional
1738,ribbed-knit
1738,relaxed-fit
1739,cardigan
1739,transitional
1739,sheer
1740,cardigan
1740,transitional
1740,pointelle
1741,cardigan
1741,transitional
1741,pointelle
1742,cardigan
1742,transitional
1742,ribbed-knit
1742,v-neck
1743,cardigan
1743,transitional
1743,v-neck
1744,cardigan
1744,transitional
1745,cardigan
1745,transitional
1746,cardigan
1746,transitional
1746,cotton
1746,pockets
1747,cardigan
1747,transitional
1747,pointelle
1748,cardigan
1748,transitional
1748,cotton
1748,pointelle
1749,cardigan
1749,winter
1749,transitional
1749,cashmere
1750,cardigan
1750,summer
1750,transitional
1750,linen
1751,cardigan
1751,transitional
1752,cardigan
1752,retro
1752,transitional
1752,striped
1753,cardigan
1753,transitional
1753,printed
1754,cardigan
1754,transitional
1754,knit
1754,pockets
1755,cardigan
1755,transitional
1755,button-front
1756,cardigan
1756,transitional
1756,striped
1757,cardigan
1757,transitional
1758,cardigan
1758,transitional
1758,collared
1758,button-front
1759,cardigan
1759,summer
1759,transitional
1759,lightweight
1760,cardigan
1760,boho
1760,transitional
1761,cardigan
1761,basics
1761,transitional
1762,cardigan
1762,transitional
1762,navy
1762,cotton
1762,knit
1763,cardigan
1763,streetwear
1763,transitional
1763,oversized
1764,cardigan
1764,transitional
1765,cardigan
1765,transitional
1765,striped
1766,cardigan
1766,transitional
1766,pockets
1767,cardigan
1767,transitional
1767,pink
1767,knit
1767,down
1767,button-front
1768,cardigan
1768,transitional
1768,pink
1768,knit
1769,cardigan
1769,transitional
1770,cardigan
1770,transitional
1770,red
1771,cardigan
1771,transitional
1771,crew-neck
1772,cardigan
1772,transitional
1773,cardigan
1773,transitional
1773,jacquard
1773,knit
1774,cardigan
1774,transitional
1774,cotton
1774,cropped
1775,cardigan
1775,winter
1775,transitional
1775,cotton
1775,cashmere
1776,cardigan
1776,winter
1776,transitional
1776,cashmere
1777,cardigan
1777,transitional
1777,knit
1777,ribbed-knit
1777,collared
1778,cardigan
1778,winter
1778,transitional
1778,cashmere
1779,cardigan
1779,winter
1779,transitional
1779,cashmere
1780,cardigan
1780,transitional
1781,cardigan
1781,transitional
1782,cardigan
1783,cardigan
1783,transitional
1783,floral
1783,knit
1784,cardigan
1784,basics
1784,summer
1784,transitional
1784,lightweight
1784,solid
1784,long-sleeve
1785,cardigan
1785,winter
1785,transitional
1785,striped
1785,floral
1785,wool
1786,cardigan
1786,transitional
1786,knit
1786,collared
1787,cardigan
1787,transitional
1787,knit
1787,pockets
1788,cardigan
1788,transitional
1789,cardigan
1789,transitional
1789,printed
1789,knit
1790,cardigan
1790,transitional
1790,color-blocked
1791,cardigan
1791,winter
1791,transitional
1791,wool
1791,merino
1792,cardigan
1792,transitional
1793,cardigan
1793,transitional
1793,pointelle
1794,cardigan
1794,transitional
1794,striped
1795,cardigan
1795,transitional
1796,cardigan
1796,transitional
1796,knit
1797,cardigan
1797,transitional
1798,cardigan
1798,pink
1798,printed
1799,cardigan
1799,preppy
1799,transitional
1799,knit
1799,cable-knit
1800,cardigan
1800,basics
1800,transitional
1801,cardigan
1801,transitional
1802,cardigan
1802,transitional
1802,pointelle
1803,cardigan
1803,streetwear
1803,transitional
1803,gray
1803,oversized
1804,cardigan
1804,streetwear
1804,transitional
1804,navy
1804,oversized
1805,cardigan
1805,transitional
1806,cardigan
1806,transitional
1806,pointelle
1807,cardigan
1807,transitional
1807,v-neck
1807,pointelle
1808,cardigan
1808,transitional
1808,crew-neck
1809,cardigan
1809,transitional
1810,cardigan
1810,transitional
1811,cardigan
1811,winter
1811,transitional
1811,black
1811,white
1811,wool
1812,cardigan
1812,transitional
1812,navy
1812,cropped
1813,cardigan
1813,transitional
1813,camouflage
1814,cardigan
1814,transitional
1814,ribbed-knit
1815,button-up-shirt
1815,casual
1815,business
1815,summer
1815,short-sleeve
1816,button-up-shirt
1816,business
1816,long-sleeve
1816,stretch
1817,button-up-shirt
1817,button-front
1818,button-up-shirt
1818,button-front
1819,button-up-shirt
1819,collared
1819,button-front
1820,shirt
1820,collared
1821,button-up-shirt
1821,cotton
1821,button-front
1822,shirt
1823,button-up-shirt
1823,summer
1823,lightweight
1823,plaid
1823,button-front
1824,button-up-shirt
1824,summer
1824,linen
1824,button-front
1825,button-up-shirt
1825,summer
1825,linen
1825,short-sleeve
1825,button-front
1826,button-up-shirt
1826,plaid
1826,long-sleeve
1826,button-front
1827,button-up-shirt
1827,plaid
1827,button-front
1828,button-up-shirt
1828,streetwear
1828,summer
1828,graphic-print
1828,poplin
1828,short-sleeve
1828,button-front
1829,shirt
1829,resort
1830,button-up-shirt
1830,summer
1830,short-sleeve
1830,button-front
1831,button-up-shirt
1831,summer
1831,short-sleeve
1831,button-front
1832,shirt
1832,streetwear
1832,poplin
1832,oversized
1833,button-up-shirt
1833,basics
1833,preppy
1833,relaxed-fit
1833,button-front
1834,button-up-shirt
1834,basics
1834,poplin
1834,button-front
1835,shirt
1835,relaxed-fit
1835,collared
1836,button-up-shirt
1836,preppy
1836,relaxed-fit
1836,button-front
1837,button-up-shirt
1837,preppy
1837,relaxed-fit
1838,button-up-shirt
1838,poplin
1838,relaxed-fit
1838,button-front
1839,button-up-shirt
1839,preppy
1839,button-front
1840,button-up-shirt
1840,button-front
1841,button-up-shirt
1841,plaid
1841,down
1841,button-front
1842,button-up-shirt
1842,button-front
1843,shirt
1843,poplin
1844,button-up-shirt
1844,summer
1844,cotton
1844,down
1844,short-sleeve
1844,button-front
1845,button-up-shirt
1845,cotton
1845,down
1845,button-front
1846,button-up-shirt
1846,streetwear
1846,cotton
1846,down
1846,oversized
1846,button-front
1847,button-up-shirt
1847,checkered
1847,cotton
1847,button-front
1848,button-up-shirt
1848,athleisure
1848,button-front
1849,shirt
1849,workwear
1849,summer
1849,midweight
1849,loose-fit
1849,short-sleeve
1850,button-up-shirt
1850,streetwear
1850,oversized
1850,button-front
1851,shirt
1851,poplin
1852,shirt
1852,western
1852,striped
1852,long-sleeve
1853,shirt
1853,outdoor
1853,long-sleeve
1854,pants
1854,outdoor
1855,button-up-shirt
1855,business
1855,down
1855,long-sleeve
1855,button-front
1856,button-up-shirt
1856,business
1856,down
1856,regular-fit
1856,button-front
1857,button-up-shirt
1857,cotton
1857,down
1857,button-front
1858,shirt
1858,blue
1858,plaid
1858,twill
1858,long-sleeve
1859,shirt
1859,retro
1859,denim
1860,shirt
1860,workwear
1860,long-sleeve
1861,flannel-shirt
1861,slim-fit
1862,button-up-shirt
1862,streetwear
1862,cotton
1862,oversized
1862,button-front
1863,button-up-shirt
1863,business
1863,tailored
1863,button-front
1864,button-up-shirt
1864,button-front
1865,flannel-shirt
1866,button-up-shirt
1866,streetwear
1866,cotton
1866,down
1866,oversized
1866,button-front
1867,button-up-shirt
1867,business
1867,slim-fit
1867,stretch
1868,button-up-shirt
1868,printed
1868,long-sleeve
1868,button-front
1869,button-up-shirt
1869,boho
1869,summer
1869,short-sleeve
1869,button-front
1870,button-up-shirt
1870,floral
1870,long-sleeve
1870,button-front
1871,button-up-shirt
1871,long-sleeve
1871,button-front
1872,button-up-shirt
1872,poplin
1872,long-sleeve
1872,button-front
1873,button-up-shirt
1873,long-sleeve
1873,button-front
1874,button-up-shirt
1874,western
1874,long-sleeve
1875,button-up-shirt
1875,button-front
1876,button-up-shirt
1876,workwear
1876,boxy
1876,button-front
1877,button-up-shirt
1877,collared
1877,button-front
1878,button-up-shirt
1878,relaxed-fit
1878,long-sleeve
1878,button-front
1879,button-up-shirt
1879,button-front
1880,button-up-shirt
1880,button-front
1881,button-up-shirt
1881,button-front
1882,button-up-shirt
1882,button-front
1883,button-up-shirt
1883,button-front
1884,button-up-shirt
1884,button-front
1885,button-up-shirt
1885,streetwear
1885,graphic-print
1885,oversized
1885,button-front
1886,button-up-shirt
1886,button-front
1887,button-up-shirt
1887,relaxed-fit
1887,button-front
1887,pockets
1888,button-up-shirt
1888,relaxed-fit
1888,button-front
1889,shirt
1889,cotton
1889,relaxed-fit
1890,button-up-shirt
1890,summer
1890,short-sleeve
1890,button-front
1891,button-up-shirt
1891,button-front
1892,button-up-shirt
1892,button-front
1893,button-up-shirt
1893,button-front
1894,button-up-shirt
1894,button-front
1895,button-up-shirt
1895,summer
1895,short-sleeve
1895,button-front
1896,button-up-shirt
1896,poplin
1896,button-front
1897,shirt
1897,basics
1897,poplin
1898,shirt
1899,button-up-shirt
1899,polka-dot
1899,long-sleeve
1899,button-front
1900,flannel-shirt
1900,relaxed-fit
1901,shirt
1901,summer
1901,linen
1901,relaxed-fit
1902,shirt
1902,denim
1903,shirt
1903,summer
1903,linen
1904,button-up-shirt
1904,down
1904,loose-fit
1904,button-front
1905,button-up-shirt
1905,preppy
1905,regular-fit
1906,shirt
1906,regular-fit
1907,shirt
1908,shirt
1908,poplin
1908,boxy
1908,button-front
1909,shirt
1909,summer
1909,plaid
1909,boxy
1909,short-sleeve
1910,shirt
1910,button-front
1911,shirt
1911,summer
1911,short-sleeve
1911,button-front
1912,shirt
1912,poplin
1912,stretch
1913,shirt
1913,summer
1913,poplin
1913,short-sleeve
1913,button-front
1913,stretch
1914,button-up-shirt
1914,preppy
1914,cotton
1915,button-up-shirt
1915,boho
1915,checkered
1915,paisley
1915,cotton
1915,button-front
1916,button-up-shirt
1916,streetwear
1916,cotton
1916,down
1916,oversized
1916,button-front
1917,button-up-shirt
1917,button-front
1918,button-up-shirt
1918,summer
1918,lightweight
1918,collared
1918,button-front
1919,button-up-shirt
1919,button-front
1920,button-up-shirt
1920,cotton
1920,button-front
1921,button-up-shirt
1921,athleisure
1921,cotton
1921,button-front
1922,button-up-shirt
1922,white
1922,striped
1922,collared
1922,button-front
1923,button-up-shirt
1923,denim
1923,button-front
1924,button-up-shirt
1924,preppy
1924,down
1924,button-front
1925,button-up-shirt
1925,summer
1925,short-sleeve
1925,button-front
1926,shirt
1926,button-front
1927,shirt
1927,basics
1927,navy
1928,shirt
1928,basics
1928,navy
1928,printed
1928,slim-fit
1929,button-up-shirt
1929,business
1929,navy
1929,slim-fit
1930,button-up-shirt
1930,basics
1930,navy
1930,down
1930,button-front
1931,button-up-shirt
1931,boho
1931,summer
1931,lightweight
1931,navy
1931,down
1931,button-front
1931,smocked
1932,button-up-shirt
1932,summer
1932,navy
1932,linen
1932,down
1932,loose-fit
1932,button-front
1933,button-up-shirt
1933,navy
1933,down
1933,long-sleeve
1933,button-front
1934,button-up-shirt
1934,navy
1934,down
1934,gauze
1934,button-front
1935,button-up-shirt
1935,navy
1935,down
1935,slim-fit
1935,button-front
1936,shirt
1936,outdoor
1937,flannel-shirt
1937,outdoor
1938,shirt
1938,outdoor
1939,shirt
1939,outdoor
1940,flannel-shirt
1940,outdoor
1941,button-up-shirt
1941,summer
1941,plaid
1941,down
1941,short-sleeve
1941,button-front
1942,button-up-shirt
1942,outdoor
1942,plaid
1942,long-sleeve
1942,button-front
1943,button-up-shirt
1943,outdoor
1943,plaid
1943,long-sleeve
1943,button-front
1944,button-up-shirt
1944,techwear
1944,summer
1944,short-sleeve
1944,button-front
1945,button-up-shirt
1945,techwear
1945,summer
1945,short-sleeve
1945,button-front
1946,button-up-shirt
1946,techwear
1946,summer
1946,gray
1946,short-sleeve
1946,button-front
1947,pants
1947,techwear
1947,summer
1947,short-sleeve
1947,button-front
1948,button-up-shirt
1948,techwear
1948,summer
1948,short-sleeve
1948,button-front
1949,button-up-shirt
1949,down
1949,long-sleeve
1949,button-front
1950,button-up-shirt
1950,button-front
1951,button-up-shirt
1951,techwear
1951,button-front
1952,button-up-shirt
1952,floral
1952,button-front
1953,button-up-shirt
1953,athleisure
1953,summer
1953,lightweight
1953,button-front
1954,button-up-shirt
1954,athleisure
1954,business
1955,button-up-shirt
1955,button-front
1956,button-up-shirt
1956,button-front
1957,button-up-shirt
1957,down
1957,button-front
1958,button-up-shirt
1958,down
1958,button-front
1959,shirt
1959,slim-fit
1959,non-iron
1960,shirt
1960,slim-fit
1960,collared
1960,non-iron
1961,shirt
1961,plaid
1961,mini
1962,button-up-shirt
1962,button-front
1963,button-up-shirt
1963,basics
1963,button-front
1964,button-up-shirt
1964,basics
1964,preppy
1964,button-front
1965,button-up-shirt
1965,basics
1965,button-front
1966,button-up-shirt
1966,basics
1966,long-sleeve
1966,button-front
1967,shirt
1968,button-up-shirt
1968,business
1968,summer
1968,down
1968,short-sleeve
1968,collared
1968,button-front
1969,shirt
1970,button-up-shirt
1970,button-front
1971,button-up-shirt
1971,poplin
1971,button-front
1972,skirt
1972,streetwear
1972,twill
1972,pockets
1972,cargo-pockets
1972,stretch
1973,skirt
1973,poplin
1973,midi
1974,skirt
1974,a-line
1975,skirt
1975,boho
1975,maxi
1976,skirt
1976,midi
1977,skirt
1977,midi
1977,mid-rise
1978,skirt
1978,striped
1978,midi
1978,mid-rise
1979,skirt
1979,denim
1979,mini
1979,mid-rise
1980,skirt
1980,midi
1980,mid-rise
1981,skirt
1981,maxi
1981,mid-rise
1981,wrap
1982,skirt
1982,mini
1982,high-rise
1983,skirt
1983,mini
1983,high-rise
1983,drop-waist
1984,skirt
1984,mini
1984,high-rise
1985,skirt
1985,mini
1985,high-rise
1985,pleated
1986,skirt
1986,boho
1986,mini
1986,high-rise
1986,ruffled
1987,skirt
1987,summer
1987,mini
1988,skirt
1988,boho
1988,ruffled
1988,tiered
1989,skirt
1989,boho
1989,ruffled
1989,wrap
1990,skirt
1990,midi
1991,skirt
1991,summer
1991,linen
1992,skirt
1992,maxi
1992,slit
1993,skirt
1993,midi
1994,skirt
1995,skirt
1996,skirt
1996,stretch
1997,skirt
1997,a-line
1998,skirt
1998,crepe
1998,flared
1999,skirt
1999,floral
1999,satin
1999,midi
2000,skirt
2000,crepe
2000,midi
2000,pockets
2001,skirt
2001,a-line
2001,belted
2002,skirt
2002,midi
2002,wrap
2003,skirt
2004,skirt
2004,satin
2004,midi
2004,pleated
2005,skirt
2005,midi
2006,skirt
2006,knit
2006,maxi
2007,skirt
2007,satin
2007,maxi
2008,skirt
2008,preppy
2008,pleated
2009,skirt
2009,maxi
2010,skirt
2010,basics
2010,mini
2011,skirt
2011,jersey
2012,skirt
2012,mini
2012,ruched
2013,skirt
2013,satin
2013,midi
2014,skirt
2014,cotton
2014,midi
2015,skirt
2015,crepe
2015,mini
2016,skirt
2016,boho
2016,paisley
2016,maxi
2017,skirt
2017,knit
2018,skirt
2019,skirt
2019,y2k
2019,mini
2019,low-rise
2020,skirt
2020,mini
2021,skirt
2021,y2k
2021,denim
2021,mini
2021,low-rise
2022,skirt
2022,faux-leather
2022,midi
2023,skirt
2023,summer
2023,linen
2024,skirt
2024,mini
2024,stretch
2025,skirt
2025,midi
2025,high-rise
2025,belted
2025,stretch
2026,skirt
2026,polka-dot
2026,mini
2026,high-rise
2026,pleated
2027,skirt
2027,twill
2027,mini
2027,high-rise
2027,stretch
2028,skirt
2028,y2k
2028,mini
2029,skirt
2029,mini
2030,skirt
2030,floral
2030,flared
2031,skirt
2031,floral
2031,mini
2031,wrap
2032,skirt
2033,skirt
2033,striped
2033,midi
2034,skirt
2034,midi
2034,stretch
2035,skirt
2035,maxi
2036,skirt
2036,poplin
2036,maxi
2036,drop-waist
2037,skirt
2037,boho
2037,mini
2037,smocked
2038,skirt
2038,maxi
2038,slit
2039,skirt
2039,a-line
2040,skirt
2041,skirt
2041,denim
2041,a-line
2042,skirt
2042,midi
2043,skirt
2043,cotton
2043,twill
2043,midi
2044,skirt
2044,embroidered
2045,skirt
2045,summer
2045,linen
2045,flared
2046,skirt
2046,mini
2047,skirt
2047,loose-fit
2047,maxi
2048,skirt
2048,midi
2049,skirt
2049,mini
2050,skirt
2051,skirt
2051,boho
2051,smocked
2052,skirt
2052,midi
2053,skirt
2053,mini
2054,skirt
2054,slit
2055,skirt
2055,boho
2055,striped
2055,midi
2055,high-rise
2056,skirt
2057,skirt
2057,midi
2058,skirt
2058,printed
2059,skirt
2059,green
2059,a-line
2059,mini
2060,skirt
2060,summer
2060,linen
2061,skirt
2061,organza
2061,knee-length
2062,skirt
2062,crepe
2062,stretch
2063,skirt
2063,crepe
2063,stretch
2064,skirt
2064,crepe
2064,stretch
2065,skirt
2065,twill
2065,midi
2066,skirt
2067,skirt
2067,maxi
2067,wrap
2068,skirt
2068,alternative
2068,mesh
2068,midi
2069,skirt
2069,boho
2069,lace
2069,stretch
2069,ruffled
2070,skirt
2070,boho
2070,mini
2070,smocked
2071,skirt
2071,denim
2072,skirt
2072,leather
2072,midi
2073,skirt
2073,winter
2073,wool
2073,merino
2073,maxi
2074,skirt
2074,mid-rise
2075,skirt
2075,alternative
2075,denim
2075,maxi
2076,skirt
2076,plaid
2076,mini
2076,pockets
2077,skirt
2077,boho
2077,mini
2077,ruffled
2078,skirt
2078,midi
2078,pockets
2079,skirt
2079,workwear
2079,midi
2079,pockets
2080,skirt
2080,maxi
2080,pockets
2081,skirt
2081,mini
2082,skirt
2082,mini
2083,skirt
2083,high-rise
2084,skirt
2084,floral
2084,midi
2085,skirt
2085,floral
2086,skirt
2086,floral
2086,midi
2087,skirt
2087,satin
2087,midi
2088,skirt
2088,midi
2089,skirt
2089,midi
2089,drawstring
2090,skirt
2090,boho
2090,poplin
2090,midi
2090,smocked
2091,skirt
2091,floral
2091,mini
2092,skirt
2092,cotton
2092,flared
2092,maxi
2093,skirt
2093,floral
2094,skirt
2094,boho
2094,a-line
2094,maxi
2095,skirt
2095,summer
2095,linen
2095,a-line
2095,maxi
2096,skirt
2096,chiffon
2096,a-line
2096,midi
2097,skirt
2097,cotton
2097,maxi
2098,skirt
2098,denim
2098,embroidered
2099,skirt
2099,y2k
2099,modal
2099,mini
2099,low-rise
2100,skirt
2100,navy
2100,lace
2100,maxi
2101,skirt
2101,olive
2102,skirt
2102,boho
2102,paisley
2102,cotton
2102,maxi
2103,skirt
2103,cotton
2103,twill
2104,skirt
2104,black
2104,a-line
2105,skirt
2105,mini
2105,pleated
2106,skirt
2106,floral
2106,midi
2107,skirt
2107,midi
2107,pleated
2108,skirt
2108,floral
2108,maxi
2109,skirt
2109,alternative
2109,animal-print
2109,mesh
2109,maxi
2110,skirt
2110,knit
2110,maxi
2111,skirt
2111,striped
2111,midi
2111,wrap
2112,skirt
2112,midi
2113,skirt
2113,midi
2113,pleated
2114,skirt
2114,midi
2115,skirt
2115,floral
2115,satin
2115,maxi
2116,skirt
2116,floral
2116,midi
2117,skirt
2117,pink
2117,a-line
2118,skirt
2118,pinstriped
2118,mini
2119,skirt
2119,plaid
2119,mini
2120,skirt
2120,pinstriped
2120,a-line
2120,midi
2121,skirt
2121,midi
2122,skirt
2122,boho
2122,cream
2122,yellow
2122,lace
2122,maxi
2122,tiered
2123,skirt
2123,summer
2123,gold
2123,linen
2123,midi
2124,skirt
2124,maxi
2125,skirt
2125,summer
2125,linen
2125,maxi
2126,skirt
2126,midi
2127,skirt
2127,summer
2127,linen
2127,midi
2128,skirt
2128,slim-fit
2129,skirt
2129,mini
2130,skirt
2130,boho
2130,ruffled
2131,skirt
2132,skirt
2132,boho
2132,midi
2132,fringe
2133,skirt
2133,boho
2133,midi
2134,skirt
2135,skirt
2135,boho
2135,maxi
2135,tiered
2136,skirt
2136,stretch
2137,skirt
2137,lace
2137,midi
2138,skirt
2138,jacquard
2138,flared
2139,skirt
2139,midi
2140,skirt
2140,midi
2141,skirt
2142,skirt
2142,midi
2143,skirt
2143,midi
2144,skirt
2144,straight-leg
2145,skirt
2145,striped
2145,knit
2146,skirt
2146,boho
2146,maxi
2146,tiered
2147,skirt
2147,printed
2147,satin
2147,midi
2148,skirt
2148,a-line
2148,maxi
2149,skirt
2149,a-line
2150,skirt
2150,black
2150,white
2150,floral
2150,mini
2151,skirt
2151,knit
2151,wide-leg
2151,elastic-waist
2152,skirt
2152,business
2152,bodycon
2153,skirt
2153,boho
2153,floral
2153,a-line
2153,midi
2153,elastic-waist
2154,skirt
2154,checkered
2154,mini
2154,wrap
2155,skirt
2155,crepe
2155,mini
2156,skirt
2156,streetwear
2156,denim
2156,mini
2156,pockets
2156,cargo-pockets
2157,skirt
2158,skirt
2158,satin
2159,skirt
2159,silk
2159,a-line
2159,maxi
2160,skirt
2160,twill
2160,flared
2161,skirt
2161,flared
2161,pleated
2162,skirt
2162,y2k
2162,plaid
2162,flared
2162,mini
2162,low-rise
2163,skirt
2163,lace
2163,midi
2164,skirt
2164,knit
2164,midi
2165,skirt
2165,midi
2166,skirt
2166,plaid
2166,midi
2166,ruffled
2167,dress
2167,boho
2167,maxi
2167,smocked
2167,drop-waist
2168,dress
2168,midi
2169,dress
2169,maxi
2170,dress
2170,midi
2170,stretch
2171,dress
2171,maxi
2172,dress
2172,y2k
2172,midi
2173,dress
2173,midi
2173,tie-front
2174,dress
2174,mini
2174,puff-sleeve
2175,dress
2175,midi
2175,scoop-neck
2176,dress
2176,maxi
2177,dress
2177,flared
2177,fit-and-flare
2177,mini
2178,dress
2178,formal
2178,satin
2178,one-shoulder
2179,dress
2179,formal
2179,floral
2179,satin
2179,sequined
2180,dress
2180,floral
2180,midi
2181,dress
2181,button-front
2182,dress
2183,dress
2184,dress
2185,dress
2186,dress
2186,floral
2186,maxi
2187,dress
2187,maxi
2188,dress
2188,maxi
2189,dress
2189,alternative
2189,mesh
2189,midi
2190,dress
2191,dress
2191,long-sleeve
2192,dress
2193,dress
2194,dress
2194,black
2195,dress
2196,dress
2196,floral
2196,mini
2196,halter-neck
2197,dress
2197,resort
2197,midi
2198,dress
2198,abstract
2198,maxi
2199,dress
2199,summer
2199,floral
2199,maxi
2199,sleeveless
2200,dress
2200,tie-dye
2200,midi
2200,spaghetti-straps
2201,dress
2201,striped
2201,mini
2202,dress
2202,tropical
2202,maxi
2203,dress
2203,black
2203,maxi
2204,dress
2204,alternative
2204,mesh
2205,dress
2205,a-line
2205,strapless
2205,pleated
2206,dress
2206,crepe
2206,mini
2206,long-sleeve
2206,crew-neck
2206,wrap
2207,dress
2207,summer
2207,crepe
2207,maxi
2207,sleeveless
2207,mock-neck
2207,ruched
2208,dress
2208,animal-print
2208,midi
2209,dress
2209,midi
2210,dress
2210,summer
2210,crepe
2210,midi
2210,sleeveless
2210,sweetheart-neck
2211,dress
2211,y2k
2211,summer
2211,crepe
2211,maxi
2211,short-sleeve
2211,off-shoulder
2212,dress
2212,alternative
2212,summer
2212,mesh
2212,sleeveless
2212,v-neck
2212,backless
2213,dress
2213,maxi
2213,halter-neck
2213,backless
2214,bra
2214,formal
2214,summer
2214,maxi
2214,sleeveless
2214,off-shoulder
2214,sequined
2215,dress
2215,crepe
2215,mini
2215,long-sleeve
2215,sweetheart-neck
2216,dress
2216,boho
2216,y2k
2216,mini
2216,strapless
2216,sweetheart-neck
2216,ruffled
2217,dress
2217,crepe
2217,midi
2217,v-neck
2217,cutout
2218,dress
2218,crepe
2218,midi
2218,v-neck
2218,cutout
2219,dress
2219,y2k
2219,lace
2219,maxi
2220,dress
2220,ribbed-knit
2220,midi
2220,high-neck
2221,dress
2221,floral
2221,jacquard
2221,midi
2221,off-shoulder
2222,dress
2222,summer
2222,scuba
2222,mini
2222,sleeveless
2222,v-neck
2222,double-breasted
2223,dress
2223,summer
2223,satin
2223,maxi
2223,sleeveless
2223,v-neck
2224,dress
2224,crepe
2224,maxi
2224,high-neck
2224,cutout
2225,dress
2225,lace
2225,maxi
2225,cowl-neck
2226,dress
2226,gauze
2226,maxi
2226,backless
2227,dress
2227,boho
2227,midi
2227,off-shoulder
2227,ruffled
2228,dress
2228,summer
2228,mini
2228,short-sleeve
2228,one-shoulder
2229,dress
2229,satin
2229,maxi
2230,dress
2230,chiffon
2230,mini
2230,ruched
2231,dress
2231,poplin
2231,maxi
2231,v-neck
2231,halter-neck
2231,drop-waist
2232,dress
2232,summer
2232,tricot
2232,short-sleeve
2232,off-shoulder
2232,slit
2233,dress
2233,down
2233,midi
2233,button-front
2234,dress
2234,chiffon
2234,maxi
2234,long-sleeve
2234,one-shoulder
2235,dress
2235,summer
2235,rayon
2235,midi
2235,sleeveless
2236,dress
2236,floral
2236,poplin
2236,midi
2237,dress
2237,alternative
2237,summer
2237,mesh
2237,midi
2237,sleeveless
2237,sweetheart-neck
2238,dress
2238,satin
2238,maxi
2238,slit
2239,dress
2239,tricot
2239,maxi
2239,off-shoulder
2239,ruched
2240,dress
2240,summer
2240,maxi
2240,short-sleeve
2240,pleated
2241,dress
2241,business
2241,midi
2241,collared
2242,dress
2242,midi
2242,mock-neck
2242,drop-waist
2243,dress
2243,summer
2243,maxi
2243,sleeveless
2243,mock-neck
2243,ruched
2244,dress
2244,chiffon
2244,maxi
2244,one-shoulder
2245,dress
2245,floral
2245,chiffon
2245,maxi
2246,dress
2246,lace
2246,maxi
2246,lace-up
2247,dress
2247,summer
2247,cream
2247,maxi
2247,sleeveless
2247,one-shoulder
2247,cutout
2248,dress
2248,summer
2248,olive
2248,crepe
2248,maxi
2248,sleeveless
2248,sweetheart-neck
2249,dress
2249,summer
2249,jacquard
2249,midi
2249,sleeveless
2249,sweetheart-neck
2250,dress
2250,summer
2250,midi
2250,sleeveless
2250,one-shoulder
2251,dress
2251,summer
2251,ribbed-knit
2251,maxi
2251,sleeveless
2251,scoop-neck
2252,dress
2252,summer
2252,floral
2252,scuba
2252,midi
2252,sleeveless
2252,boat-neck
2253,dress
2253,summer
2253,scuba
2253,midi
2253,sleeveless
2253,boat-neck
2254,dress
2254,summer
2254,maxi
2254,sleeveless
2254,one-shoulder
2255,dress
2255,boho
2255,chiffon
2255,maxi
2255,puff-sleeve
2255,ruffled
2256,dress
2256,jacquard
2256,lace
2256,midi
2256,strapless
2256,lace-up
2257,dress
2257,midi
2257,collared
2258,dress
2258,lace
2258,midi
2258,v-neck
2259,dress
2259,midi
2259,v-neck
2259,slit
2260,dress
2260,summer
2260,maxi
2260,short-sleeve
2260,high-neck
2261,dress
2261,summer
2261,midi
2261,sleeveless
2261,square-neck
2262,dress
2262,maxi
2262,slit
2263,dress
2263,y2k
2263,summer
2263,tricot
2263,maxi
2263,sleeveless
2264,dress
2264,maxi
2265,dress
2265,flared
2265,fit-and-flare
2266,dress
2266,floral
2266,maxi
2267,dress
2267,maxi
2268,dress
2268,mini
2269,dress
2269,lace
2269,crepe
2269,maxi
2269,v-neck
2270,dress
2270,bodycon
2271,dress
2272,dress
2272,flared
2273,dress
2273,boho
2273,smocked
2274,dress
2274,boho
2274,smocked
2275,dress
2275,boho
2275,cotton
2275,smocked
2276,dress
2276,boho
2276,smocked
2277,dress
2278,dress
2278,summer
2278,mini
2278,short-sleeve
2278,button-front
2279,dress
2279,formal
2279,satin
2279,lace
2279,lace-up
2280,dress
2280,formal
2280,lace
2280,sheer
2280,lace-up
2281,dress
2282,dress
2282,floral
2282,flared
2282,fit-and-flare
2283,dress
2283,summer
2283,linen
2283,embroidered
2284,dress
2284,midi
2284,ruched
2285,dress
2285,winter
2285,long-sleeve
2286,dress
2286,floral
2286,chiffon
2286,maxi
2287,dress
2287,boho
2287,floral
2287,maxi
2287,tiered
2288,dress
2288,floral
2288,organza
2288,maxi
2289,dress
2289,floral
2289,midi
2289,ruched
2290,dress
2290,maxi
2290,pleated
2291,dress
2291,maxi
2291,pleated
2292,dress
2292,maxi
2292,ruched
2293,dress
2293,floral
2293,mini
2294,dress
2294,printed
2295,dress
2295,boho
2295,printed
2295,mini
2295,long-sleeve
2295,tiered
2296,dress
2296,printed
2296,midi
2296,notch-neck
2297,dress
2298,dress
2298,jersey
2298,maxi
2298,backless
2299,dress
2299,maxi
2299,cowl-neck
2300,dress
2301,dress
2301,formal
2301,long-sleeve
2301,sheer
2302,dress
2302,boho
2302,navy
2302,maxi
2302,smocked
2303,dress
2303,navy
2303,gauze
2303,mini
2304,dress
2304,navy
2304,flared
2304,mini
2305,dress
2305,summer
2305,navy
2305,flared
2305,mini
2306,dress
2306,summer
2306,navy
2306,flared
2306,midi
2306,sleeveless
2307,dress
2307,boho
2307,navy
2307,flared
2307,midi
2307,smocked
2308,dress
2308,navy
2308,mini
2308,long-sleeve
2309,dress
2309,summer
2309,navy
2309,mini
2309,short-sleeve
2310,dress
2310,preppy
2310,summer
2310,navy
2310,midi
2310,short-sleeve
2311,dress
2311,boho
2311,navy
2311,flared
2311,mini
2311,puff-sleeve
2311,smocked
2312,dress
2312,maxi
2312,slit
2313,dress
2313,floral
2313,maxi
2313,one-shoulder
2314,dress
2314,boho
2314,floral
2314,tiered
2315,dress
2315,maxi
2316,dress
2316,maxi
2317,dress
2317,navy
2318,dress
2319,dress
2319,floral
2319,chiffon
2319,maxi
2320,dress
2320,floral
2320,midi
2321,dress
2321,floral
2321,maxi
2321,cowl-neck
2322,dress
2322,summer
2322,midi
2322,sleeveless
2323,dress
2323,maxi
2323,strapless
2324,dress
2325,dress
2325,midi
2326,dress
2326,maxi
2327,dress
2327,boho
2327,ruffled
2328,dress
2328,mini
2329,dress
2329,maxi
2330,dress
2330,satin
2330,mini
2330,long-sleeve
2331,dress
2331,floral
2332,dress
2332,alternative
2332,retro
2332,mesh
2332,backless
2333,dress
2333,maxi
2334,dress
2334,formal
2335,dress
2335,midi
2336,dress
2336,velvet
2336,maxi
2337,dress
2337,satin
2337,halter-neck
2338,dress
2338,stretch
2339,dress
2339,retro
2339,bodycon
2339,backless
2340,dress
2340,midi
2340,puff-sleeve
2341,dress
2341,jacquard
2341,flared
2342,dress
2342,summer
2342,flared
2342,short-sleeve
2343,dress
2343,strapless
2344,dress
2344,jersey
2344,midi
2345,dress
2345,summer
2345,knit
2346,dress
2346,summer
2346,linen
2346,midi
2347,blouse
2348,blouse
2349,top
2349,summer
2349,linen
2350,blouse
2350,lace
2351,blouse
2351,long-sleeve
2352,blouse
2352,boho
2352,lace
2352,ruffled
2353,button-up-shirt
2353,summer
2353,short-sleeve
2353,button-front
2354,blouse
2354,summer
2354,short-sleeve
2354,tie-front
2355,blouse
2356,blouse
2356,casual
2356,boho
2356,floral
2356,chiffon
2356,three-quarter-sleeve
2356,ruffled
2357,blouse
2357,boho
2357,chiffon
2357,long-sleeve
2357,ruffled
2358,blouse
2359,blouse
2359,crew-neck
2360,blouse
2360,wrap
2361,blouse
2361,lace
2362,blouse
2362,summer
2362,linen
2363,top
2363,pleated
2364,blouse
2365,blouse
2365,boho
2365,ruffled
2366,blouse
2366,casual
2366,collared
2366,embroidered
2367,blouse
2367,wrap
2368,blouse
2369,blouse
2369,streetwear
2369,oversized
2369,collared
2370,blouse
2370,satin
2371,blouse
2371,satin
2371,halter-neck
2372,blouse
2372,boho
2373,blouse
2373,cotton
2373,lace
2373,three-quarter-sleeve
2373,ruffled
2374,blouse
2374,casual
2374,boho
2374,floral
2374,chiffon
2374,three-quarter-sleeve
2374,ruffled
2375,blouse
2375,boho
2375,ruffled
2376,blouse
2376,boho
2376,floral
2376,ruffled
2377,blouse
2378,blouse
2379,blouse
2379,lace
2380,blouse
2380,floral
2380,long-sleeve
2380,embroidered
2381,blouse
2381,boho
2381,navy
2381,chiffon
2381,square-neck
2381,ruffled
2382,blouse
2382,floral
2382,polyester
2382,chiffon
2383,top
2383,alternative
2383,printed
2383,mesh
2383,three-quarter-sleeve
2383,v-neck
2384,top
2385,blouse
2385,summer
2385,linen
2386,blouse
2386,summer
2386,linen
2386,viscose
2387,shirt
2388,top
2388,puff-sleeve
2388,button-front
2389,blouse
2389,boho
2389,knit
2390,blouse
2390,summer
2390,sleeveless
2391,blouse
2391,summer
2391,sleeveless
2391,v-neck
2392,blouse
2393,blouse
2393,poplin
2393,cropped
2394,blouse
2394,long-sleeve
2394,high-neck
2394,cutout
2395,blouse
2395,satin
2395,cutout
2396,blouse
2396,long-sleeve
2397,blouse
2397,lace
2397,poplin
2397,v-neck
2398,blouse
2398,satin
2398,lace
2398,long-sleeve
2398,lace-up
2399,blouse
2399,satin
2399,lace
2399,lace-up
2400,blouse
2400,long-sleeve
2401,button-up-shirt
2401,satin
2401,long-sleeve
2401,button-front
2402,blouse
2402,long-sleeve
2402,v-neck
2403,blouse
2403,high-neck
2403,sheer
2404,blouse
2405,blouse
2405,long-sleeve
2405,off-shoulder
2406,blouse
2406,poplin
2406,puff-sleeve
2407,blouse
2407,boho
2407,puff-sleeve
2407,ruffled
2408,blouse
2408,summer
2408,short-sleeve
2408,cowl-neck
2408,ruched
2409,blouse
2409,long-sleeve
2409,ruched
2410,blouse
2410,long-sleeve
2410,cowl-neck
2410,ruched
2411,blouse
2411,long-sleeve
2411,v-neck
2411,ruched
2412,blouse
2412,summer
2412,sleeveless
2412,ruched
2413,blouse
2413,summer
2413,sleeveless
2413,high-neck
2413,ruched
2414,blouse
2414,long-sleeve
2414,cowl-neck
2414,ruched
2414,tie-front
2415,blouse
2415,boho
2415,long-sleeve
2415,ruffled
2416,blouse
2416,lace
2416,v-neck
2416,sheer
2417,blouse
2417,summer
2417,short-sleeve
2418,blouse
2418,summer
2418,sleeveless
2418,cowl-neck
2419,blouse
2419,summer
2419,twill
2419,sleeveless
2420,blouse
2421,top
2421,lace
2422,blouse
2422,cotton
2422,poplin
2423,top
2423,boho
2423,v-neck
2423,collared
2423,ruffled
2424,top
2424,button-front
2424,sheer
2425,blouse
2425,chiffon
2426,blouse
2426,lace
2427,blouse
2427,embroidered
2428,blouse
2428,cotton
2428,embroidered
2429,blouse
2430,blouse
2430,lace
2431,blouse
2431,cotton
2431,lace
2432,blouse
2432,lace
2433,blouse
2433,cotton
2433,lace
2434,blouse
2434,summer
2434,linen
2435,blouse
2435,boho
2435,off-shoulder
2435,smocked
2436,blouse
2436,streetwear
2436,jacquard
2436,oversized
2437,blouse
2438,blouse
2439,blouse
2439,poplin
2440,blouse
2440,boho
2440,ruffled
2441,blouse
2441,boho
2441,cotton
2441,ruffled
2442,blouse
2442,boho
2442,poplin
2442,ruffled
2443,blouse
2443,summer
2444,blouse
2444,boho
2444,smocked
2445,blouse
2445,jersey
2446,blouse
2447,blouse
2447,tie-front
2448,blouse
2448,v-neck
2449,blouse
2449,pink
2450,blouse
2450,plaid
2450,long-sleeve
2451,blouse
2451,polka-dot
2451,wide-leg
2451,v-neck
2452,button-up-shirt
2452,boho
2452,printed
2452,button-front
2452,ruffled
2453,shirt
2453,cotton
2454,tunic
2454,satin
2454,three-quarter-sleeve
2454,v-neck
2455,blouse
2455,white
2455,floral
2456,blouse
2456,floral
2456,v-neck
2457,shirt
2457,basics
2457,silk
2458,shirt
2458,silk
2459,blouse
2459,summer
2459,linen
2459,jersey
2460,blouse
2460,summer
2460,short-sleeve
2460,crew-neck
2461,blouse
2461,summer
2461,satin
2461,short-sleeve
2461,crew-neck
2462,blouse
2462,floral
2462,poplin
2462,embroidered
2463,blouse
2463,boho
2463,floral
2463,lace
2463,ruffled
2464,blouse
2465,blouse
2465,poplin
2465,puff-sleeve
2465,embroidered
2466,blouse
2466,poplin
2466,square-neck
2467,blouse
2467,striped
2467,sweetheart-neck
2468,blouse
2468,floral
2469,blouse
2470,blouse
2470,floral
2470,button-front
2471,blouse
2471,boho
2471,floral
2472,blouse
2472,floral
2472,v-neck
2472,button-front
2472,pleated
2473,blouse
2473,boho
2473,floral
2473,smocked
2474,blouse
2474,floral
2474,jacquard
2474,lace
2475,blouse
2475,lace
2476,blouse
2476,v-neck
2476,button-front
2476,pleated
2477,blouse
2477,lace
2478,blouse
2478,lace
2478,v-neck
2478,button-front
2479,blouse
2479,off-shoulder
2480,shirt
2480,boho
2480,polyester
2481,blouse
2481,formal
2481,alternative
2481,floral
2481,mesh
2481,off-shoulder
2481,sequined
2482,blouse
2482,chiffon
2483,blouse
2484,button-up-shirt
2484,navy
2484,down
2484,button-front
2485,button-up-shirt
2485,boho
2485,summer
2485,lightweight
2485,navy
2485,down
2485,button-front
2485,smocked
2486,button-up-shirt
2486,summer
2486,navy
2486,linen
2486,down
2486,loose-fit
2486,button-front
2487,top
2487,boho
2487,navy
2487,long-sleeve
2487,ruffled
2488,top
2488,boho
2488,navy
2488,puff-sleeve
2488,smocked
2489,button-up-shirt
2489,boho
2489,navy
2489,down
2489,collared
2489,button-front
2489,ruffled
2490,button-up-shirt
2490,navy
2490,satin
2490,down
2490,button-front
2491,button-up-shirt
2491,navy
2491,down
2491,slim-fit
2491,button-front
2492,blouse
2492,gray
2493,blouse
2493,floral
2493,rayon
2493,lace
2494,blouse
2494,crepe
2495,blouse
2496,blouse
2496,silk
2496,stretch
2497,blouse
2498,blouse
2499,blouse
2499,summer
2499,checkered
2499,short-sleeve
2499,collared
2499,button-front
2500,blouse
2500,v-neck
2500,ruched
2501,blouse
2501,boho
2501,ruffled
2502,blouse
2502,boho
2502,chiffon
2502,long-sleeve
2502,ruffled
2503,blouse
2503,chiffon
2504,button-up-shirt
2504,long-sleeve
2504,button-front
2505,blouse
2506,blouse
2506,rayon
2506,three-quarter-sleeve
2506,collared
2507,blouse
2507,striped
2507,rayon
2508,top
2508,boho
2508,paisley
2509,blouse
2509,v-neck
2510,blouse
2510,boho
2510,retro
2510,chiffon
2510,long-sleeve
2510,ruffled
2511,blouse
2512,blouse
2512,printed
2513,blouse
2513,black
2513,white
2513,chiffon
2514,blouse
2514,black
2514,white
2514,knit
2515,blouse
2515,boho
2515,black
2515,white
2515,ruffled
2516,blouse
2517,blouse
2517,casual
2517,boho
2517,navy
2517,floral
2517,chiffon
2517,three-quarter-sleeve
2517,ruffled
2518,blouse
2518,long-sleeve
2518,collared
2519,blouse
2519,long-sleeve
2519,collared
2520,blouse
2520,long-sleeve
2520,collared
2521,blouse
2521,red
2521,chiffon
2521,v-neck
2522,blouse
2522,chiffon
2522,v-neck
2523,blouse
2523,black
2523,chiffon
2523,v-neck
2524,button-up-shirt
2524,boho
2524,down
2524,long-sleeve
2524,v-neck
2524,button-front
2524,ruffled
2525,blouse
2525,retro
2525,beige
2525,red
2525,floral
2525,three-quarter-sleeve
2526,blouse
2526,retro
2526,blue
2526,floral
2526,three-quarter-sleeve
2527,blouse
2527,retro
2527,white
2527,blue
2527,floral
2527,three-quarter-sleeve
2528,blouse
2528,lace
2529,blouse
2529,lace
2530,blouse
2530,boho
2530,blue
2530,chiffon
2530,v-neck
2530,ruffled
2531,blouse
2531,boho
2531,blue
2531,chiffon
2531,v-neck
2531,ruffled
2532,blouse
2532,boho
2532,blue
2532,chiffon
2532,v-neck
2532,ruffled
2533,blouse
2533,boho
2533,green
2533,chiffon
2533,v-neck
2533,ruffled
2534,blouse
2534,blue
2534,floral
2535,blouse
2535,boho
2535,smocked
2536,blouse
2536,boho
2536,blue
2536,smocked
2537,blouse
2537,boho
2537,white
2537,blue
2537,floral
2537,smocked
2538,blouse
2538,boho
2538,smocked
2539,blouse
2540,blouse
2540,boho
2541,blouse
2541,boho
2542,blouse
2542,ruffled
2543,blouse
2543,satin
2544,blouse
2544,poplin
2544,ruffled
2545,blouse
2545,printed
2545,ruffled
2546,turtleneck
2546,winter
2546,knit
2546,ribbed-knit
2547,turtleneck
2547,winter
2547,long-sleeve
2548,turtleneck
2548,winter
2549,turtleneck
2550,turtleneck
2550,winter
2550,ribbed-knit
2550,slim-fit
2551,turtleneck
2551,winter
2552,turtleneck
2552,winter
2552,cashmere
2553,turtleneck
2553,winter
2554,turtleneck
2554,winter
2555,turtleneck
2555,casual
2555,winter
2555,plaid
2555,slim-fit
2555,long-sleeve
2555,stretch
2556,turtleneck
2556,winter
2557,turtleneck
2557,winter
2557,ribbed-knit
2558,turtleneck
2558,winter
2559,turtleneck
2559,winter
2560,turtleneck
2560,winter
2561,turtleneck
2561,basics
2561,winter
2562,turtleneck
2562,winter
2562,floral
2563,turtleneck
2563,basics
2563,winter
2564,turtleneck
2564,casual
2564,winter
2565,turtleneck
2565,winter
2565,ribbed-knit
2566,turtleneck
2566,winter
2566,cashmere
2566,ribbed-knit
2567,turtleneck
2567,casual
2567,winter
2567,cable-knit
2568,turtleneck
2568,casual
2568,winter
2568,floral
2569,turtleneck
2569,casual
2569,winter
2569,striped
2570,turtleneck
2570,casual
2570,winter
2571,turtleneck
2571,winter
2571,pink
2572,turtleneck
2572,winter
2572,lace
2573,turtleneck
2573,alternative
2573,winter
2573,mesh
2574,turtleneck
2574,winter
2574,ribbed-knit
2574,long-sleeve
2575,turtleneck
2575,winter
2576,turtleneck
2576,winter
2576,knit
2577,turtleneck
2577,winter
2577,ribbed-knit
2578,turtleneck
2578,winter
2578,cashmere
2579,turtleneck
2579,minimalist
2579,winter
2580,turtleneck
2580,streetwear
2580,winter
2580,oversized
2581,turtleneck
2581,winter
2582,turtleneck
2582,winter
2582,cashmere
2582,silk
2583,turtleneck
2583,winter
2583,cashmere
2584,turtleneck
2584,alternative
2584,winter
2584,mesh
2584,fitted
2585,turtleneck
2585,basics
2585,winter
2586,turtleneck
2586,winter
2586,wool
2586,merino
2587,turtleneck
2587,outdoor
2587,winter
2587,long-sleeve
2588,turtleneck
2588,summer
2588,winter
2588,lightweight
2589,turtleneck
2589,winter
2590,turtleneck
2590,winter
2590,long-sleeve
2591,turtleneck
2591,streetwear
2591,oversized
2592,turtleneck
2592,ribbed-knit
2592,fitted
2593,turtleneck
2593,winter
2593,wool
2593,merino
2594,turtleneck
2594,preppy
2594,winter
2594,knit
2594,cable-knit
2595,turtleneck
2595,winter
2596,turtleneck
2596,winter
2596,fitted
2596,cropped
2597,turtleneck
2597,winter
2597,ribbed-knit
2598,turtleneck
2598,winter
2598,fitted
2599,turtleneck
2599,winter
2600,turtleneck
2600,winter
2601,turtleneck
2602,turtleneck
2602,preppy
2602,knit
2602,cable-knit
2603,turtleneck
2603,winter
2604,turtleneck
2605,turtleneck
2605,winter
2606,turtleneck
2606,winter
2606,wool
2606,merino
2606,ribbed-knit
2607,turtleneck
2607,winter
2607,wool
2607,slim-fit
2608,turtleneck
2608,winter
2608,striped
2609,turtleneck
2609,winter
2610,turtleneck
2611,turtleneck
2611,winter
2611,printed
2611,jersey
2612,turtleneck
2612,winter
2612,stretch
2613,turtleneck
2613,winter
2614,turtleneck
2614,winter
2615,turtleneck
2615,streetwear
2615,winter
2615,oversized
2615,pointelle
2616,turtleneck
2616,winter
2616,ribbed-knit
2616,cropped
2616,pointelle
2617,turtleneck
2617,winter
2617,cashmere
2618,turtleneck
2618,winter
2618,gray
2619,turtleneck
2619,winter
2619,knit
2620,turtleneck
2620,winter
2620,knit
2621,turtleneck
2621,winter
2621,knit
2622,turtleneck
2622,winter
2622,loose-fit
2623,turtleneck
2623,winter
2624,turtleneck
2624,winter
2625,turtleneck
2625,winter
2626,turtleneck
2626,winter
2626,ribbed-knit
2627,turtleneck
2627,winter
2627,regular-fit
2628,turtleneck
2628,winter
2628,cashmere
2628,silk
2629,turtleneck
2629,winter
2630,turtleneck
2630,winter
2631,turtleneck
2631,winter
2632,turtleneck
2632,winter
2632,cashmere
2632,long-sleeve
2633,turtleneck
2633,winter
2633,long-sleeve
2634,turtleneck
2634,winter
2635,turtleneck
2635,summer
2635,winter
2635,lightweight
2635,gray
2635,wool
2635,merino
2635,knit
2635,pullover
2636,turtleneck
2636,winter
2636,fleece
2637,turtleneck
2637,winter
2637,knit
2638,turtleneck
2638,winter
2639,turtleneck
2639,winter
2640,turtleneck
2640,winter
2641,turtleneck
2641,winter
2641,cotton
2641,long-sleeve
2642,top
2642,long-sleeve
2643,turtleneck
2643,winter
2643,cotton
2644,turtleneck
2644,basics
2644,winter
2645,turtleneck
2645,summer
2645,winter
2645,lightweight
2645,fitted
2646,turtleneck
2646,summer
2646,winter
2646,lightweight
2646,jersey
2646,long-sleeve
2647,turtleneck
2647,winter
2647,jersey
2648,turtleneck
2648,winter
2648,fitted
2649,turtleneck
2649,winter
2650,turtleneck
2650,winter
2650,jersey
2651,turtleneck
2651,winter
2651,modal
2652,turtleneck
2652,winter
2652,lace
2653,turtleneck
2653,basics
2653,winter
2653,gray
2653,modal
2654,turtleneck
2654,winter
2654,wool
2654,cashmere
2655,turtleneck
2655,winter
2655,ribbed-knit
2656,turtleneck
2656,winter
2656,knit
2657,turtleneck
2657,winter
2657,rayon
2657,ribbed-knit
2658,turtleneck
2658,winter
2658,wool
2658,merino
2658,ribbed-knit
2659,turtleneck
2659,winter
2659,ribbed-knit
2660,turtleneck
2660,winter
2660,wool
2661,turtleneck
2661,summer
2661,winter
2661,knit
2661,sleeveless
2662,turtleneck
2662,winter
2663,turtleneck
2663,winter
2664,turtleneck
2664,winter
2665,turtleneck
2665,winter
2665,fitted
2666,turtleneck
2666,winter
2666,fitted
2666,long-sleeve
2667,turtleneck
2667,winter
2667,sheer
2668,top
2669,turtleneck
2669,alternative
2669,winter
2669,mesh
2669,cutout
2670,turtleneck
2670,alternative
2670,winter
2670,mesh
2670,knit
2671,turtleneck
2671,winter
2671,knit
2671,ribbed-knit
2671,long-sleeve
2672,turtleneck
2672,winter
2673,turtleneck
2673,winter
2673,wool
2673,merino
2674,turtleneck
2674,knit
2675,turtleneck
2675,streetwear
2675,winter
2675,cashmere
2675,oversized
2676,turtleneck
2676,winter
2676,cashmere
2677,turtleneck
2677,winter
2677,cotton
2677,long-sleeve
2678,turtleneck
2678,winter
2679,turtleneck
2679,winter
2679,long-sleeve
2680,turtleneck
2680,winter
2680,modal
2680,long-sleeve
2681,turtleneck
2681,winter
2681,cotton
2681,ribbed-knit
2682,turtleneck
2682,winter
2682,knit
2683,turtleneck
2683,winter
2683,wool
2684,turtleneck
2684,winter
2684,cotton
2684,ribbed-knit
2685,turtleneck
2685,winter
2685,cashmere
2686,turtleneck
2686,winter
2686,stretch
2687,turtleneck
2687,ribbed-knit
2688,turtleneck
2688,winter
2688,ribbed-knit
2689,turtleneck
2689,winter
2689,ribbed-knit
2689,long-sleeve
2690,turtleneck
2690,winter
2690,ribbed-knit
2691,turtleneck
2691,minimalist
2691,winter
2691,cashmere
2691,silk
2692,turtleneck
2692,winter
2692,off-white
2693,turtleneck
2693,cotton
2693,jersey
2693,stretch
2694,turtleneck
2694,winter
2694,long-sleeve
2695,turtleneck
2695,winter
2695,ribbed-knit
2696,turtleneck
2696,winter
2696,ribbed-knit
2697,turtleneck
2697,winter
2697,ribbed-knit
2698,turtleneck
2698,striped
2698,ribbed-knit
2699,turtleneck
2699,winter
2699,wool
2699,merino
2700,turtleneck
2700,basics
2700,winter
2701,turtleneck
2701,winter
2701,jersey
2702,turtleneck
2702,winter
2702,ribbed-knit
2702,stretch
2703,turtleneck
2703,basics
2703,winter
2704,turtleneck
2704,winter
2705,turtleneck
2705,winter
2705,gray
2706,sweater
2706,knit
2707,turtleneck
2707,winter
2707,wool
2707,jersey
2708,turtleneck
2708,winter
2708,cashmere
2708,ribbed-knit
2709,turtleneck
2709,winter
2709,cashmere
2710,turtleneck
2710,merino
2710,ribbed-knit
2710,long-sleeve
2711,turtleneck
2711,winter
2711,cashmere
2712,turtleneck
2712,winter
2713,turtleneck
2713,winter
2713,knit
2714,turtleneck
2714,winter
2714,slim-fit
2715,turtleneck
2715,winter
2715,off-white
2715,fitted
2716,turtleneck
2716,winter
2716,cotton
2716,long-sleeve
2717,turtleneck
2717,basics
2717,winter
2717,long-sleeve
2718,turtleneck
2718,winter
2718,knit
2719,turtleneck
2719,winter
2719,fitted
2719,long-sleeve
2720,turtleneck
2720,winter
2720,cotton
2720,long-sleeve
2721,turtleneck
2721,winter
2721,black
2721,cotton
2721,long-sleeve
2722,turtleneck
2722,winter
2722,white
2722,cotton
2722,long-sleeve
2723,turtleneck
2723,winter
2723,ribbed-knit
2723,slim-fit
2724,turtleneck
2724,winter
2724,slim-fit
2724,long-sleeve
2725,turtleneck
2725,basics
2725,winter
2726,turtleneck
2726,basics
2726,winter
2726,mini
2727,turtleneck
2727,winter
2727,long-sleeve
2728,turtleneck
2728,winter
2729,turtleneck
2729,winter
2730,turtleneck
2730,basics
2730,winter
2731,turtleneck
2731,winter
2731,cotton
2732,turtleneck
2732,winter
2732,jersey
2733,turtleneck
2733,winter
2734,turtleneck
2735,turtleneck
2735,winter
2735,navy
2735,ribbed-knit
2735,pullover
2736,turtleneck
2736,basics
2736,winter
2736,long-sleeve
2737,turtleneck
2737,preppy
2737,winter
2737,knit
2737,cropped
2737,cable-knit
2738,turtleneck
2738,winter
2739,turtleneck
2739,winter
2739,lace
2739,knit
2740,blazer
2740,business
2740,checkered
2741,blazer
2741,business
2741,slim-fit
2742,blazer
2742,basics
2742,business
2743,blazer
2743,business
2743,winter
2743,wool
2744,blazer
2744,business
2745,blazer
2745,business
2746,blazer
2746,business
2747,blazer
2747,business
2747,crepe
2748,blazer
2748,business
2748,fitted
2749,blazer
2749,business
2749,plaid
2749,fitted
2750,blazer
2750,business
2751,blazer
2751,business
2751,crepe
2752,blazer
2752,business
2752,twill
2752,longline
2752,stretch
2753,blazer
2753,business
2754,blazer
2754,business
2754,plaid
2755,blazer
2755,business
2755,crepe
2756,blazer
2756,business
2756,summer
2756,linen
2757,blazer
2757,business
2757,plaid
2758,blazer
2758,business
2759,blazer
2759,business
2759,collared
2759,belted
2760,blazer
2760,business
2760,twill
2761,blazer
2761,business
2762,blazer
2762,business
2763,blazer
2763,casual
2763,business
2763,knit
2764,blazer
2764,business
2764,winter
2764,wool
2765,blazer
2765,business
2766,blazer
2766,business
2767,blazer
2767,business
2768,blazer
2768,business
2769,blazer
2769,business
2770,blazer
2770,business
2771,blazer
2771,business
2772,blazer
2772,athleisure
2772,business
2772,stretch
2773,blazer
2773,business
2773,slim-fit
2773,stretch
2774,blazer
2774,business
2774,winter
2774,wool
2774,slim-fit
2775,blazer
2775,business
2776,blazer
2776,business
2777,blazer
2777,business
2778,blazer
2778,business
2778,boxy
2778,cropped
2779,blazer
2779,streetwear
2779,business
2779,oversized
2779,tailored
2780,blazer
2780,business
2781,blazer
2781,business
2781,summer
2781,linen
2781,twill
2782,blazer
2782,casual
2782,business
2783,blazer
2783,business
2783,slim-fit
2784,blazer
2784,basics
2784,business
2784,collared
2785,blazer
2785,casual
2785,business
2786,blazer
2786,basics
2786,business
2786,blue
2786,solid
2786,polyester
2786,knit
2787,blazer
2787,business
2787,crepe
2788,blazer
2788,business
2788,relaxed-fit
2788,sequined
2789,blazer
2789,business
2789,crepe
2790,blazer
2790,basics
2790,business
2791,blazer
2791,business
2792,blazer
2792,business
2792,summer
2792,linen
2793,blazer
2793,business
2793,knit
2794,blazer
2794,casual
2794,business
2795,blazer
2795,business
2796,blazer
2796,business
2797,blazer
2797,business
2798,blazer
2798,business
2799,blazer
2799,business
2799,gray
2800,blazer
2800,business
2800,polyester
2800,pockets
2801,blazer
2801,business
2802,blazer
2802,business
2802,twill
2802,fitted
2802,cropped
2802,stretch
2803,blazer
2803,business
2803,fitted
2803,cropped
2803,square-neck
2803,stretch
2804,crop-top
2804,business
2804,fitted
2804,cropped
2804,v-neck
2804,stretch
2805,blazer
2805,business
2805,slim-fit
2805,cropped
2805,stretch
2806,blazer
2806,business
2806,twill
2806,cropped
2806,stretch
2807,blazer
2807,business
2807,twill
2807,cropped
2807,double-breasted
2807,stretch
2808,blazer
2808,streetwear
2808,business
2808,twill
2808,oversized
2808,stretch
2809,blazer
2809,business
2809,knit
2810,blazer
2810,business
2811,blazer
2811,business
2812,blazer
2812,streetwear
2812,business
2812,oversized
2813,blazer
2813,business
2813,fitted
2814,blazer
2814,business
2814,embroidered
2815,blazer
2815,business
2815,embroidered
2816,blazer
2816,business
2816,pinstriped
2816,twill
2817,blazer
2817,business
2817,fitted
2818,blazer
2818,business
2818,fitted
2819,blazer
2819,business
2819,lace
2819,lace-up
2820,blazer
2820,business
2820,fitted
2821,blazer
2821,business
2821,pinstriped
2822,blazer
2822,business
2823,blazer
2823,business
2824,blazer
2824,basics
2824,business
2825,blazer
2825,business
2825,fitted
2826,blazer
2826,business
2826,ruched
2827,blazer
2827,business
2827,crepe
2827,fitted
2828,blazer
2828,business
2828,crepe
2829,blazer
2829,streetwear
2829,business
2829,oversized
2830,blazer
2830,business
2831,blazer
2831,business
2832,blazer
2832,business
2833,blazer
2833,business
2833,pinstriped
2834,blazer
2834,business
2834,faux-leather
2835,blazer
2835,streetwear
2835,business
2835,oversized
2836,blazer
2836,business
2836,cotton
2836,collared
2837,blazer
2837,streetwear
2837,business
2837,oversized
2837,double-breasted
2838,blazer
2838,business
2839,blazer
2839,business
2839,scuba
2840,blazer
2840,business
2840,double-breasted
2841,blazer
2841,business
2842,blazer
2842,business
2842,loose-fit
2843,blazer
2843,business
2844,blazer
2844,streetwear
2844,business
2844,twill
2844,oversized
2845,blazer
2845,business
2846,jacket
2846,regular-fit
2847,jacket
2847,slim-fit
2848,jacket
2848,slim-fit
2849,blazer
2849,business
2850,blazer
2850,business
2851,blazer
2851,business
2851,double-breasted
2852,blazer
2852,business
2853,blazer
2853,business
2854,blazer
2854,business
2854,charcoal
2854,knit
2854,slim-fit
2855,blazer
2855,business
2855,winter
2855,gray
2855,wool
2856,blazer
2856,business
2856,cotton
2857,blazer
2857,business
2857,cotton
2858,blazer
2858,business
2858,plaid
2858,knit
2859,blazer
2859,business
2859,winter
2859,navy
2859,wool
2859,slim-fit
2859,stretch
2860,blazer
2860,business
2860,crepe
2860,stretch
2861,blazer
2861,business
2861,crepe
2861,stretch
2862,blazer
2862,business
2863,blazer
2863,business
2864,blazer
2864,business
2864,pinstriped
2865,blazer
2865,basics
2865,business
2866,blazer
2866,business
2867,blazer
2867,basics
2867,business
2868,blazer
2868,basics
2868,business
2869,blazer
2869,business
2869,relaxed-fit
2870,blazer
2870,business
2870,herringbone
2870,relaxed-fit
2871,blazer
2871,business
2871,crepe
2872,blazer
2872,business
2872,herringbone
2872,knit
2873,blazer
2873,business
2873,crepe
2873,belted
2874,blazer
2874,business
2874,crepe
2875,blazer
2875,streetwear
2875,business
2875,crepe
2875,oversized
2876,blazer
2876,business
2876,checkered
2876,relaxed-fit
2877,blazer
2877,business
2878,blazer
2878,business
2878,pinstriped
2879,blazer
2879,business
2879,fitted
2880,blazer
2880,business
2881,blazer
2881,business
2881,stretch
2882,blazer
2883,blazer
2883,business
2884,blazer
2884,athleisure
2884,business
2884,stretch
2885,blazer
2885,business
2885,winter
2885,herringbone
2885,wool
2885,merino
2886,blazer
2886,business
2886,velvet
2886,longline
2886,double-breasted
2887,blazer
2887,business
2887,stretch
2888,coat
2888,suede
2889,blazer
2889,business
2890,blazer
2890,basics
2890,business
2890,navy
2891,blazer
2891,business
2892,jacket
2892,crepe
2892,stretch
2893,blazer
2893,business
2893,black
2894,blazer
2894,business
2894,double-breasted
2895,blazer
2895,business
2895,plaid
2896,blazer
2896,business
2896,winter
2896,wool
2896,merino
2897,blazer
2897,business
2897,winter
2897,wool
2898,blazer
2898,business
2898,pinstriped
2899,blazer
2899,business
2899,jacquard
2900,blazer
2900,business
2900,slim-fit
2901,blazer
2901,basics
2901,business
2902,blazer
2902,basics
2902,business
2903,blazer
2903,business
2904,blazer
2904,business
2904,summer
2904,linen
2904,satin
2905,blazer
2905,business
2905,stretch
2906,blazer
2906,business
2906,winter
2906,navy
2906,wool
2906,tailored
2907,blazer
2907,business
2907,navy
2908,blazer
2908,business
2908,double-breasted
2909,blazer
2909,business
2910,blazer
2910,business
2911,blazer
2911,business
2911,double-breasted
2912,blazer
2912,basics
2912,business
2912,summer
2912,white
2912,linen
2913,blazer
2913,basics
2913,business
2913,solid
2914,blazer
2914,business
2915,blazer
2915,business
2915,winter
2915,gray
2915,wool
2916,blazer
2916,business
2916,winter
2916,checkered
2916,wool
2917,jacket
2917,striped
2918,blazer
2918,business
2918,winter
2918,plaid
2918,wool
2919,blazer
2919,business
2919,summer
2919,linen
2919,three-quarter-sleeve
2920,blazer
2920,business
2920,crepe
2921,blazer
2921,business
2921,crepe
2922,blazer
2922,business
2922,checkered
2922,belted
2923,blazer
2923,business
2923,collared
2924,blazer
2924,business
2925,blazer
2925,business
2926,blazer
2926,business
2926,double-breasted
2927,blazer
2927,basics
2927,business
2927,navy
2928,blazer
2928,business
2928,knit
2929,blazer
2929,business
2930,blazer
2930,basics
2930,business
2931,blazer
2931,business
2931,crepe
2932,blazer
2932,business
2932,tailored
2932,stretch
2933,blazer
2933,business
2933,summer
2933,linen
2933,double-breasted
2934,polo
2934,basics
2934,preppy
2935,polo
2935,preppy
2936,polo
2936,preppy
2936,techwear
2936,summer
2936,short-sleeve
2937,polo
2937,preppy
2938,polo
2938,streetwear
2938,preppy
2938,logo
2939,polo
2939,streetwear
2939,preppy
2939,striped
2939,logo
2940,polo
2940,preppy
2941,polo
2941,preppy
2942,polo
2942,casual
2942,preppy
2942,slim-fit
2943,polo
2943,preppy
2943,slim-fit
2944,polo
2944,preppy
2944,summer
2944,cotton
2944,short-sleeve
2945,polo
2945,preppy
2946,polo
2946,preppy
2947,polo
2947,preppy
2948,polo
2948,preppy
2949,polo
2949,athleisure
2949,preppy
2950,polo
2950,basics
2950,preppy
2950,black
2951,polo
2951,preppy
2951,winter
2951,fleece
2951,stretch
2952,polo
2952,preppy
2952,checkered
2952,cotton
2952,collared
2953,polo
2953,preppy
2953,cotton
2954,polo
2954,preppy
2955,polo
2955,preppy
2955,cotton
2956,polo
2956,preppy
2956,long-sleeve
2957,polo
2957,preppy
2957,workwear
2957,cotton
2957,pockets
2958,polo
2958,preppy
2958,workwear
2958,summer
2958,midweight
2958,loose-fit
2958,short-sleeve
2958,pockets
2959,polo
2959,preppy
2959,cotton
2959,knit
2959,cable-knit
2960,polo
2960,preppy
2960,striped
2960,knit
2961,polo
2961,athleisure
2961,preppy
2961,summer
2961,lightweight
2962,polo
2962,athleisure
2962,preppy
2962,summer
2962,lightweight
2963,polo
2963,athleisure
2963,preppy
2963,summer
2963,lightweight
2963,polyester
2964,polo
2964,athleisure
2964,basics
2964,preppy
2964,stretch
2965,polo
2965,preppy
2965,workwear
2965,outdoor
2966,polo
2966,preppy
2966,outdoor
2967,polo
2967,preppy
2967,outdoor
2967,summer
2967,short-sleeve
2968,polo
2968,preppy
2968,outdoor
2968,summer
2968,blue
2968,short-sleeve
2969,polo
2969,preppy
2969,outdoor
2969,summer
2969,short-sleeve
2970,polo
2970,preppy
2970,stretch
2971,polo
2971,preppy
2972,polo
2972,preppy
2972,relaxed-fit
2973,polo
2973,preppy
2973,summer
2973,short-sleeve
2973,pockets
2974,polo
2974,athleisure
2974,preppy
2975,polo
2975,preppy
2975,summer
2975,short-sleeve
2976,polo
2976,preppy
2977,polo
2977,streetwear
2977,preppy
2977,logo
2977,cotton
2978,polo
2978,preppy
2978,summer
2978,short-sleeve
2979,polo
2979,preppy
2980,polo
2980,preppy
2980,summer
2980,knit
2980,short-sleeve
2981,top
2981,preppy
2981,relaxed-fit
2982,polo
2982,preppy
2983,polo
2983,preppy
2983,summer
2983,short-sleeve
2984,polo
2984,preppy
2985,polo
2985,athleisure
2985,preppy
2985,techwear
2985,summer
2985,short-sleeve
2986,shirt
2986,preppy
2987,polo
2987,preppy
2988,polo
2988,preppy
2988,cotton
2989,polo
2989,preppy
2990,polo
2990,preppy
2990,regular-fit
2991,polo
2991,preppy
2991,jacquard
2991,knit
2991,slim-fit
2992,polo
2992,preppy
2992,slim-fit
2993,polo
2993,preppy
2993,knit
2993,slim-fit
2994,polo
2994,preppy
2994,regular-fit
2995,polo
2995,preppy
2995,slim-fit
2996,polo
2996,athleisure
2996,preppy
2997,polo
2997,preppy
2997,jersey
2998,polo
2998,preppy
2998,pockets
2999,polo
2999,athleisure
2999,preppy
2999,summer
2999,short-sleeve
3000,polo
3000,athleisure
3000,preppy
3001,polo
3001,preppy
3001,printed
3002,polo
3002,basics
3002,preppy
3002,blue
3002,solid
3002,slim-fit
3003,polo
3004,polo
3004,preppy
3005,polo
3005,streetwear
3005,preppy
3005,logo
3005,relaxed-fit
3006,polo
3006,preppy
3007,polo
3007,athleisure
3007,preppy
3007,summer
3007,striped
3007,short-sleeve
3008,polo
3008,preppy
3009,polo
3009,athleisure
3009,preppy
3009,jersey
3010,polo
3010,athleisure
3010,preppy
3011,polo
3011,athleisure
3011,preppy
3011,jersey
3012,polo
3012,athleisure
3012,preppy
3012,alternative
3012,mesh
3013,polo
3013,preppy
3013,alternative
3013,striped
3013,mesh
3014,polo
3014,business
3014,preppy
3014,jacquard
3014,tailored
3015,polo
3015,athleisure
3015,preppy
3015,summer
3015,fitted
3015,short-sleeve
3015,stretch
3016,polo
3016,basics
3016,preppy
3017,polo
3017,preppy
3018,polo
3018,preppy
3018,cotton
3018,regular-fit
3019,polo
3019,preppy
3019,summer
3019,regular-fit
3019,short-sleeve
3020,polo
3020,preppy
3020,slim-fit
3021,polo
3021,preppy
3021,alternative
3021,summer
3021,mesh
3021,short-sleeve
3022,polo
3022,preppy
3022,cotton
3023,polo
3023,preppy
3024,polo
3024,preppy
3025,top
3025,preppy
3026,polo
3026,preppy
3026,jersey
3026,slim-fit
3027,polo
3027,athleisure
3027,preppy
3028,polo
3028,preppy
3029,polo
3029,athleisure
3029,preppy
3030,polo
3030,preppy
3031,polo
3031,preppy
3033,polo
3033,preppy
3033,slim-fit
3034,polo
3034,preppy
3034,black
3035,polo
3035,preppy
3036,polo
3036,preppy
3037,shirt
3037,preppy
3037,blue
3037,long-sleeve
3038,polo
3038,streetwear
3038,preppy
3038,logo
3038,cotton
3039,polo
3039,preppy
3039,cotton
3040,polo
3040,basics
3040,preppy
3040,color-blocked
3041,polo
3041,basics
3041,preppy
3042,polo
3042,minimalist
3042,basics
3042,preppy
3043,polo
3043,basics
3043,preppy
3043,printed
3044,polo
3044,basics
3044,preppy
3044,printed
3045,polo
3045,basics
3045,preppy
3045,striped
3046,polo
3046,basics
3046,preppy
3046,collared
3047,polo
3047,basics
3047,formal
3047,preppy
3047,summer
3047,short-sleeve
3048,polo
3048,basics
3048,preppy
3048,color-blocked
3049,polo
3049,preppy
3050,polo
3050,athleisure
3050,basics
3050,preppy
3051,polo
3051,basics
3051,preppy
3052,polo
3052,basics
3052,preppy
3052,printed
3053,polo
3053,athleisure
3053,preppy
3053,printed
3054,polo
3054,preppy
3054,slim-fit
3055,polo
3055,preppy
3055,stretch
3056,polo
3056,preppy
3056,slim-fit
3057,polo
3057,preppy
3058,polo
3058,preppy
3059,polo
3059,basics
3059,preppy
3059,navy
3060,polo
3060,preppy
3060,navy
3060,color-blocked
3061,polo
3061,preppy
3062,polo
3062,preppy
3062,jersey
3063,polo
3063,basics
3063,preppy
3063,outdoor
3064,polo
3064,athleisure
3064,basics
3064,preppy
3064,solid
3064,jersey
3065,polo
3065,preppy
3066,polo
3066,preppy
3067,polo
3067,preppy
3067,alternative
3067,mesh
3067,slim-fit
3068,polo
3068,basics
3068,preppy
3068,cotton
3069,polo
3069,basics
3069,preppy
3070,polo
3070,basics
3070,preppy
3070,alternative
3070,striped
3070,mesh
3071,polo
3071,preppy
3072,polo
3072,basics
3072,preppy
3073,polo
3073,preppy
3074,polo
3074,athleisure
3074,preppy
3075,polo
3075,basics
3075,preppy
3075,jersey
3075,knit
3076,polo
3076,preppy
3077,polo
3077,athleisure
3077,preppy
3077,summer
3077,short-sleeve
3078,polo
3078,basics
3078,preppy
3078,summer
3078,short-sleeve
3079,polo
3079,basics
3079,preppy
3079,summer
3079,short-sleeve
3080,polo
3080,basics
3080,preppy
3080,summer
3080,short-sleeve
3081,polo
3081,basics
3081,preppy
3081,summer
3081,short-sleeve
3082,polo
3082,basics
3082,preppy
3082,summer
3082,navy
3082,short-sleeve
3083,polo
3083,basics
3083,preppy
3083,summer
3083,short-sleeve
3084,polo
3084,athleisure
3084,preppy
3085,polo
3085,preppy
3085,slim-fit
3086,polo
3086,preppy
3087,polo
3087,preppy
3088,polo
3088,preppy
3089,polo
3089,basics
3089,preppy
3089,summer
3089,short-sleeve
3089,stretch
3090,polo
3090,preppy
3091,polo
3091,preppy
3092,polo
3092,preppy
3092,regular-fit
3093,polo
3093,preppy
3093,regular-fit
3094,polo
3094,preppy
3095,polo
3095,preppy
3096,polo
3096,athleisure
3096,basics
3096,preppy
3096,cotton
3097,polo
3097,athleisure
3097,basics
3097,preppy
3097,cotton
3098,polo
3098,athleisure
3098,basics
3098,preppy
3098,cotton
3099,polo
3099,athleisure
3099,basics
3099,preppy
3099,cotton
3100,polo
3100,basics
3100,preppy
3100,green
3101,polo
3101,athleisure
3101,basics
3101,preppy
3101,cotton
3102,polo
3102,preppy
3102,summer
3102,black
3102,short-sleeve
3103,polo
3103,preppy
3104,polo
3104,preppy
3104,summer
3104,black
3104,short-sleeve
3105,polo
3105,preppy
3105,summer
3105,black
3105,short-sleeve
3106,polo
3106,preppy
3106,summer
3106,gray
3106,green
3106,short-sleeve
3107,polo
3107,preppy
3107,summer
3107,navy
3107,short-sleeve
3108,polo
3108,preppy
3108,summer
3108,red
3108,short-sleeve
3109,polo
3109,preppy
3109,summer
3109,short-sleeve
3110,polo
3110,preppy
3110,cotton
3111,polo
3111,athleisure
3111,preppy
3112,polo
3112,preppy
3113,polo
3113,athleisure
3113,basics
3113,preppy
3113,white
3113,navy
3113,striped
3114,polo
3114,preppy
3115,polo
3115,preppy
3115,printed
3116,trench-coat
3116,transitional
3116,belted
3117,trench-coat
3117,transitional
3117,checkered
3118,trench-coat
3118,transitional
3118,double-breasted
3120,trench-coat
3120,winter
3120,transitional
3120,wool
3121,trench-coat
3121,basics
3121,transitional
3122,trench-coat
3122,transitional
3122,cropped
3123,trench-coat
3123,transitional
3123,suede
3124,trench-coat
3124,transitional
3125,trench-coat
3125,transitional
3125,brown
3126,trench-coat
3126,transitional
3126,faux-leather
3127,trench-coat
3127,transitional
3127,denim
3128,trench-coat
3128,transitional
3128,suede
3129,trench-coat
3129,transitional
3129,denim
3130,trench-coat
3130,transitional
3130,collared
3131,trench-coat
3131,transitional
3131,brown
3132,trench-coat
3132,summer
3132,transitional
3132,lightweight
3133,trench-coat
3133,transitional
3133,belted
3134,trench-coat
3134,transitional
3135,trench-coat
3135,transitional
3136,trench-coat
3136,transitional
3136,belted
3137,trench-coat
3137,transitional
3138,trench-coat
3138,transitional
3139,trench-coat
3139,transitional
3140,trench-coat
3140,transitional
3141,trench-coat
3141,transitional
3142,trench-coat
3142,transitional
3143,trench-coat
3143,transitional
3144,trench-coat
3144,transitional
3144,cropped
3145,trench-coat
3145,transitional
3145,longline
3146,trench-coat
3146,transitional
3146,longline
3147,trench-coat
3147,transitional
3147,longline
3147,pleated
3148,trench-coat
3148,streetwear
3148,transitional
3148,oversized
3149,trench-coat
3149,transitional
3149,maxi
3149,double-breasted
3150,trench-coat
3150,transitional
3150,plaid
3151,trench-coat
3151,transitional
3151,plaid
3152,trench-coat
3152,transitional
3152,double-breasted
3153,trench-coat
3153,streetwear
3153,transitional
3153,oversized
3153,belted
3154,trench-coat
3154,transitional
3155,trench-coat
3155,streetwear
3155,transitional
3155,oversized
3156,trench-coat
3156,transitional
3157,trench-coat
3157,transitional
3157,belted
3158,trench-coat
3158,streetwear
3158,transitional
3158,oversized
3159,trench-coat
3159,retro
3159,transitional
3159,faux-leather
3160,trench-coat
3160,retro
3160,transitional
3161,trench-coat
3161,retro
3161,transitional
3161,suede
3162,trench-coat
3162,transitional
3163,trench-coat
3163,transitional
3164,trench-coat
3164,retro
3164,transitional
3165,trench-coat
3165,transitional
3165,cotton
3166,trench-coat
3166,retro
3166,transitional
3167,trench-coat
3167,transitional
3168,trench-coat
3168,transitional
3169,trench-coat
3169,transitional
3170,trench-coat
3170,basics
3170,transitional
3171,trench-coat
3171,transitional
3172,trench-coat
3172,transitional
3172,cotton
3173,trench-coat
3173,transitional
3173,hooded
3174,trench-coat
3174,transitional
3174,denim
3175,trench-coat
3175,transitional
3175,pleated
3176,trench-coat
3176,transitional
3176,faux-leather
3176,belted
3177,trench-coat
3177,transitional
3177,double-breasted
3178,trench-coat
3178,transitional
3178,maxi
3179,trench-coat
3179,transitional
3179,checkered
3180,trench-coat
3180,transitional
3181,trench-coat
3181,transitional
3181,belted
3181,wrap
3182,trench-coat
3182,transitional
3182,maxi
3182,double-breasted
3182,belted
3183,trench-coat
3183,transitional
3183,cotton
3183,double-breasted
3184,trench-coat
3184,transitional
3184,satin
3185,trench-coat
3185,transitional
3186,trench-coat
3186,transitional
3186,belted
3187,trench-coat
3187,transitional
3187,denim
3188,trench-coat
3188,transitional
3189,trench-coat
3189,transitional
3190,trench-coat
3191,trench-coat
3191,transitional
3192,trench-coat
3192,streetwear
3192,transitional
3192,oversized
3193,trench-coat
3193,streetwear
3193,transitional
3193,twill
3193,oversized
3194,trench-coat
3194,streetwear
3194,transitional
3194,oversized
3195,trench-coat
3195,streetwear
3195,transitional
3195,plaid
3195,oversized
3196,trench-coat
3196,transitional
3197,trench-coat
3197,transitional
3198,trench-coat
3198,transitional
3199,trench-coat
3199,transitional
3200,trench-coat
3200,streetwear
3200,transitional
3200,twill
3200,oversized
3201,trench-coat
3201,transitional
3201,beige
3202,trench-coat
3202,transitional
3203,trench-coat
3203,transitional
3204,trench-coat
3204,transitional
3205,trench-coat
3205,transitional
3206,trench-coat
3206,transitional
3206,double-breasted
3207,trench-coat
3207,transitional
3207,faux-leather
3207,double-breasted
3208,pants
3208,transitional
3208,green
3208,double-breasted
3209,trench-coat
3209,transitional
3209,hooded
3210,trench-coat
3210,summer
3210,transitional
3210,lightweight
3211,trench-coat
3211,streetwear
3211,winter
3211,transitional
3211,cashmere
3211,oversized
3212,trench-coat
3212,transitional
3212,cropped
3213,trench-coat
3213,transitional
3213,insulated
3214,coat
3214,belted
3215,trench-coat
3215,transitional
3215,cotton
3215,double-breasted
3216,trench-coat
3216,transitional
3216,cotton
3217,trench-coat
3217,transitional
3217,belted
3218,trench-coat
3218,basics
3218,transitional
3219,trench-coat
3219,transitional
3220,trench-coat
3220,streetwear
3220,transitional
3220,crepe
3220,oversized
3221,trench-coat
3221,transitional
3221,faux-leather
3222,trench-coat
3222,transitional
3222,satin
3223,trench-coat
3223,transitional
3223,double-breasted
3223,belted
3224,trench-coat
3224,transitional
3224,cotton
3224,hooded
3224,double-breasted
3225,trench-coat
3225,transitional
3225,hooded
3225,belted
3226,trench-coat
3226,transitional
3226,hooded
3226,belted
3227,trench-coat
3227,transitional
3227,water-resistant
3227,belted
3228,trench-coat
3228,transitional
3228,twill
3228,collared
3228,button-front
3229,trench-coat
3229,transitional
3229,plaid
3229,double-breasted
3230,trench-coat
3230,transitional
3230,belted
3231,trench-coat
3231,transitional
3231,cropped
3232,trench-coat
3232,transitional
3232,twill
3233,trench-coat
3233,transitional
3233,cotton
3233,belted
3234,trench-coat
3234,transitional
3234,cotton
3235,trench-coat
3235,transitional
3235,brown
3235,cotton
3235,double-breasted
3236,trench-coat
3236,transitional
3236,reversible
3237,trench-coat
3237,transitional
3237,leather
3238,trench-coat
3238,basics
3238,transitional
3238,herringbone
3240,trench-coat
3240,transitional
3240,belted
3241,trench-coat
3241,transitional
3241,cotton
3241,belted
3242,trench-coat
3242,transitional
3242,mini
3242,collared
3242,double-breasted
3243,trench-coat
3243,transitional
3243,faux-leather
3244,trench-coat
3244,transitional
3244,printed
3244,faux-leather
3245,trench-coat
3245,transitional
3245,denim
3246,trench-coat
3246,transitional
3246,suede
3247,trench-coat
3247,transitional
3248,trench-coat
3248,transitional
3248,checkered
3248,double-breasted
3249,trench-coat
3249,transitional
3249,cotton
3250,trench-coat
3250,transitional
3251,trench-coat
3251,transitional
3251,double-breasted
3251,belted
3252,trench-coat
3252,transitional
3252,cotton
3252,stretch
3253,trench-coat
3253,transitional
3253,double-breasted
3253,belted
3254,trench-coat
3254,streetwear
3254,transitional
3254,oversized
3255,trench-coat
3255,transitional
3255,leather
3256,trench-coat
3256,streetwear
3256,transitional
3256,oversized
3256,double-breasted
3257,trench-coat
3257,streetwear
3257,transitional
3257,oversized
3258,trench-coat
3258,transitional
3258,cropped
3259,trench-coat
3259,transitional
3259,plaid
3260,trench-coat
3260,transitional
3260,cream
3260,beige
3260,tan
3261,trench-coat
3261,transitional
3262,trench-coat
3262,transitional
3262,cotton
3262,stretch
3263,trench-coat
3263,transitional
3263,crepe
3263,stretch
3264,trench-coat
3264,transitional
3264,cotton
3265,trench-coat
3265,transitional
3265,double-breasted
3265,belted
3266,trench-coat
3266,transitional
3266,cotton
3266,double-breasted
3267,trench-coat
3267,transitional
3267,twill
3267,double-breasted
3268,dress
3268,transitional
3268,red
3268,belted
3269,trench-coat
3269,transitional
3269,suede
3269,double-breasted
3270,trench-coat
3270,transitional
3270,leather
3270,double-breasted
3271,trench-coat
3271,workwear
3271,transitional
3272,trench-coat
3272,transitional
3272,denim
3273,trench-coat
3273,transitional
3273,belted
3274,trench-coat
3274,boho
3274,transitional
3274,suede
3274,fringe
3275,trench-coat
3275,basics
3275,transitional
3276,trench-coat
3276,transitional
3277,trench-coat
3277,transitional
3277,double-breasted
3277,belted
3278,trench-coat
3278,transitional
3278,suede
3279,trench-coat
3279,winter
3279,transitional
3279,wool
3280,trench-coat
3280,winter
3280,transitional
3280,pink
3280,slim-fit
3280,pockets
3281,trench-coat
3281,winter
3281,transitional
3281,wool
3282,trench-coat
3282,transitional
3282,poplin
3283,trench-coat
3283,transitional
3283,beige
3284,trench-coat
3284,transitional
3284,double-breasted
3284,belted
3285,trench-coat
3285,transitional
3285,cotton
3286,trench-coat
3286,retro
3286,transitional
3286,checkered
3287,trench-coat
3287,transitional
3287,longline
3288,trench-coat
3288,transitional
3288,nylon
3288,longline
3289,trench-coat
3289,transitional
3290,trench-coat
3290,transitional
3290,relaxed-fit
3291,trench-coat
3291,summer
3291,transitional
3291,boxy
3292,trench-coat
3292,transitional
3292,water-resistant
3292,cotton
3293,trench-coat
3293,transitional
3293,longline
3294,trench-coat
3294,transitional
3294,hooded
3294,double-breasted
3295,trench-coat
3295,transitional
3295,a-line
3295,double-breasted
3296,trench-coat
3296,summer
3296,transitional
3296,lightweight
3296,double-breasted
3297,trench-coat
3297,streetwear
3297,transitional
3297,oversized
3298,trench-coat
3298,transitional
3298,beige
3298,olive
3298,reversible
3299,trench-coat
3299,summer
3299,transitional
3300,trench-coat
3300,transitional
3300,suede
3300,belted
3301,trench-coat
3301,transitional
3301,belted
3302,trench-coat
3302,casual
3302,transitional
3302,belted
3303,trench-coat
3303,summer
3303,transitional
3304,trench-coat
3304,transitional
3305,trench-coat
3305,transitional
3305,belted
3306,trench-coat
3306,boho
3306,transitional
3307,trench-coat
3307,transitional
3307,belted
3308,trench-coat
3308,transitional
3308,suede
3309,trench-coat
3309,streetwear
3309,transitional
3309,oversized
3309,belted
3310,trench-coat
3310,streetwear
3310,transitional
3310,oversized
3311,trench-coat
3311,streetwear
3311,transitional
3311,oversized
3312,trench-coat
3312,streetwear
3312,transitional
3312,oversized
3313,trench-coat
3313,streetwear
3313,transitional
3313,oversized
3314,shirt
3314,cropped
3315,crop-top
3315,cropped
3316,top
3317,tank-top
3317,summer
3317,cropped
3318,tank-top
3318,summer
3318,cropped
3319,crop-top
3319,cropped
3319,ruffled
3320,t-shirt
3320,cropped
3320,stretch
3321,tank-top
3321,summer
3321,cropped
3322,blouse
3322,lace
3322,cropped
3323,crop-top
3323,summer
3323,cropped
3323,sleeveless
3324,tank-top
3324,summer
3324,slim-fit
3324,sleeveless
3324,cutout
3325,crop-top
3325,athleisure
3325,summer
3325,cropped
3325,short-sleeve
3326,crop-top
3326,summer
3326,cropped
3326,short-sleeve
3327,t-shirt
3327,summer
3327,cotton
3327,short-sleeve
3328,crop-top
3328,cropped
3329,tank-top
3329,summer
3329,sequined
3330,crop-top
3330,cropped
3331,t-shirt
3331,cropped
3332,crop-top
3332,satin
3332,cropped
3332,square-neck
3333,t-shirt
3333,cropped
3334,t-shirt
3334,cropped
3334,three-quarter-sleeve
3334,square-neck
3335,crop-top
3335,cropped
3336,t-shirt
3336,canvas
3336,cropped
3337,tank-top
3337,athleisure
3337,cropped
3338,crop-top
3338,cropped
3339,crop-top
3339,floral
3339,cropped
3339,high-neck
3340,crop-top
3340,basics
3340,summer
3340,cropped
3340,short-sleeve
3341,crop-top
3341,knit
3341,cropped
3341,halter-neck
3342,t-shirt
3342,cropped
3342,long-sleeve
3343,crop-top
3343,cropped
3344,crop-top
3344,cotton
3344,cropped
3344,high-neck
3345,crop-top
3345,basics
3345,solid
3345,knit
3345,ribbed-knit
3345,cropped
3346,tank-top
3346,basics
3346,summer
3346,solid
3346,satin
3346,cropped
3346,cowl-neck
3347,tank-top
3347,ribbed-knit
3347,cropped
3348,crop-top
3348,cotton
3348,cropped
3349,crop-top
3349,cropped
3350,top
3351,crop-top
3351,cotton
3351,cropped
3351,long-sleeve
3351,wrap
3352,crop-top
3352,y2k
3352,cropped
3353,crop-top
3353,cropped
3354,tank-top
3354,basics
3354,summer
3355,t-shirt
3355,cropped
3356,crop-top
3356,cropped
3356,off-shoulder
3357,crop-top
3357,cropped
3357,v-neck
3358,crop-top
3358,knit
3358,cropped
3358,embroidered
3359,crop-top
3359,cropped
3359,long-sleeve
3359,square-neck
3360,crop-top
3360,streetwear
3360,knit
3360,oversized
3360,cropped
3361,crop-top
3361,ribbed-knit
3361,cropped
3362,crop-top
3362,ribbed-knit
3362,cropped
3363,crop-top
3363,ribbed-knit
3363,cropped
3363,square-neck
3364,crop-top
3364,cropped
3365,crop-top
3365,ribbed-knit
3365,cropped
3366,crop-top
3366,cropped
3367,crop-top
3367,bodycon
3367,cropped
3367,high-neck
3368,crop-top
3368,alternative
3368,printed
3368,mesh
3368,cropped
3368,square-neck
3368,ruched
3369,crop-top
3369,cropped
3369,sweetheart-neck
3370,t-shirt
3370,y2k
3370,cropped
3371,t-shirt
3371,streetwear
3371,y2k
3371,graphic-print
3371,cropped
3372,t-shirt
3372,y2k
3372,cropped
3373,crop-top
3373,streetwear
3373,y2k
3373,summer
3373,graphic-print
3373,cropped
3373,sleeveless
3374,crop-top
3374,summer
3374,cropped
3374,sleeveless
3374,halter-neck
3375,t-shirt
3375,y2k
3376,t-shirt
3376,cotton
3376,cropped
3376,stretch
3377,crop-top
3377,cropped
3378,t-shirt
3378,floral
3378,cotton
3378,cropped
3378,stretch
3379,tank-top
3380,top
3381,tank-top
3381,summer
3382,crop-top
3382,minimalist
3382,cropped
3383,crop-top
3383,minimalist
3383,cropped
3384,crop-top
3384,cotton
3384,cropped
3385,crop-top
3385,cropped
3386,crop-top
3386,summer
3386,linen
3386,cropped
3387,crop-top
3387,cropped
3388,t-shirt
3388,ribbed-knit
3388,cropped
3389,t-shirt
3389,ribbed-knit
3390,tank-top
3390,summer
3390,cropped
3391,t-shirt
3391,cropped
3392,t-shirt
3392,cropped
3392,square-neck
3393,t-shirt
3393,cotton
3393,jersey
3393,cropped
3394,shirt
3394,cotton
3394,fitted
3394,cropped
3395,t-shirt
3395,streetwear
3395,cotton
3395,oversized
3396,t-shirt
3396,cropped
3396,crew-neck
3397,crop-top
3397,off-white
3397,cotton
3397,cropped
3398,crop-top
3398,minimalist
3398,cropped
3399,t-shirt
3399,cropped
3400,tank-top
3400,cropped
3401,tank-top
3401,summer
3401,cropped
3402,t-shirt
3402,cropped
3403,tank-top
3403,summer
3403,ribbed-knit
3403,cropped
3404,t-shirt
3404,cropped
3404,scoop-neck
3405,crop-top
3405,alternative
3405,twill
3405,cropped
3405,distressed
3406,crop-top
3406,cropped
3406,off-shoulder
3407,crop-top
3407,cropped
3407,pleated
3408,crop-top
3408,boho
3408,cropped
3408,ruffled
3409,crop-top
3409,boho
3409,cropped
3409,smocked
3410,crop-top
3410,striped
3410,cropped
3411,crop-top
3411,terry
3411,cropped
3412,crop-top
3412,cropped
3413,crop-top
3413,lace
3413,cropped
3414,tank-top
3414,ribbed-knit
3414,cropped
3415,crop-top
3415,ribbed-knit
3415,cropped
3416,crop-top
3416,cropped
3416,scoop-neck
3417,crop-top
3417,cropped
3418,crop-top
3418,cropped
3419,crop-top
3419,cropped
3420,crop-top
3420,jersey
3420,cropped
3421,crop-top
3421,cropped
3422,crop-top
3422,lace
3423,tank-top
3423,cropped
3424,t-shirt
3425,tank-top
3425,summer
3425,cropped
3426,crop-top
3426,alternative
3426,floral
3426,mesh
3426,cropped
3427,crop-top
3427,floral
3427,cropped
3428,crop-top
3428,alternative
3428,mesh
3428,cropped
3429,crop-top
3429,satin
3429,cropped
3429,off-shoulder
3430,crop-top
3430,alternative
3430,summer
3430,ribbed-knit
3430,cropped
3430,short-sleeve
3430,cutout
3431,crop-top
3431,summer
3431,striped
3431,cropped
3431,short-sleeve
3432,crop-top
3432,cropped
3433,t-shirt
3433,cotton
3433,boxy
3433,cropped
3434,t-shirt
3434,cropped
3434,v-neck
3435,t-shirt
3435,boxy
3435,cropped
3436,crop-top
3436,fitted
3436,cropped
3437,crop-top
3437,basics
3437,solid
3437,viscose
3437,cropped
3437,ruched
3438,tank-top
3438,casual
3438,summer
3438,printed
3438,cropped
3439,t-shirt
3439,casual
3439,cropped
3439,ruched
3439,tie-front
3440,tank-top
3440,summer
3440,cropped
3440,square-neck
3441,tank-top
3441,summer
3441,cropped
3442,crop-top
3442,orange
3442,cropped
3443,crop-top
3443,black
3443,cropped
3444,crop-top
3444,cotton
3444,cropped
3444,high-neck
3444,embroidered
3445,crop-top
3445,printed
3445,cropped
3446,t-shirt
3446,cropped
3447,t-shirt
3447,basics
3447,slim-fit
3447,cropped
3448,crop-top
3448,cropped
3449,crop-top
3449,cropped
3449,long-sleeve
3449,cowl-neck
3450,crop-top
3450,cropped
3451,crop-top
3451,modal
3451,cropped
3452,crop-top
3452,cropped
3453,button-up-shirt
3453,boho
3453,navy
3453,down
3453,cropped
3453,button-front
3453,ruffled
3454,t-shirt
3454,minimalist
3454,navy
3454,ribbed-knit
3454,cropped
3455,tank-top
3455,minimalist
3455,summer
3455,navy
3455,fitted
3455,cropped
3456,t-shirt
3456,navy
3456,cropped
3457,tank-top
3457,summer
3457,navy
3457,ribbed-knit
3457,cropped
3458,t-shirt
3458,navy
3458,cropped
3458,v-neck
3459,t-shirt
3459,streetwear
3459,retro
3459,navy
3459,oversized
3459,cropped
3459,crew-neck
3460,crop-top
3460,cropped
3461,tank-top
3461,cotton
3461,cropped
3462,tank-top
3462,outdoor
3462,summer
3462,cropped
3463,tank-top
3463,summer
3463,linen
3463,cropped
3464,crop-top
3464,summer
3464,floral
3464,tropical
3464,cropped
3464,short-sleeve
3465,top
3465,cotton
3465,tie-front
3466,top
3466,summer
3466,cotton
3466,linen
3466,one-shoulder
3467,crop-top
3467,cropped
3468,crop-top
3468,cropped
3469,crop-top
3469,cotton
3469,cropped
3470,crop-top
3470,cropped
3470,scoop-neck
3471,crop-top
3471,boho
3471,cropped
3471,ruffled
3472,t-shirt
3472,cropped
3473,t-shirt
3473,cotton
3473,cropped
3474,crop-top
3474,ribbed-knit
3474,fitted
3474,cropped
3475,crop-top
3475,cropped
3476,crop-top
3476,cropped
3477,shirt
3477,cropped
3478,t-shirt
3478,retro
3478,y2k
3478,striped
3478,cropped
3479,crop-top
3479,cropped
3480,t-shirt
3480,athleisure
3480,cropped
3481,crop-top
3481,minimalist
3481,summer
3481,cropped
3481,short-sleeve
3481,square-neck
3482,tank-top
3482,slim-fit
3482,cropped
3483,crop-top
3483,pink
3483,cropped
3484,t-shirt
3484,black
3485,t-shirt
3485,white
3486,crop-top
3486,cropped
3487,crop-top
3487,cropped
3488,t-shirt
3488,mini
3489,bra
3489,ribbed-knit
3489,cropped
3490,crop-top
3490,cropped
3491,crop-top
3491,streetwear
3491,minimalist
3491,cropped
3492,crop-top
3492,cropped
3492,sweetheart-neck
3493,crop-top
3493,cropped
3493,halter-neck
3494,crop-top
3494,summer
3494,cropped
3494,sleeveless
3494,halter-neck
3495,t-shirt
3495,winter
3495,heavyweight
3495,cropped
3496,t-shirt
3496,cropped
3497,crop-top
3497,summer
3497,cropped
3497,short-sleeve
3498,crop-top
3498,cropped
3498,sweetheart-neck
3499,tank-top
3499,summer
3499,cropped
3500,t-shirt
3500,cropped
3501,bodysuit
3501,summer
3501,cropped
3501,short-sleeve
3502,t-shirt
3502,cropped
3502,crew-neck
3503,crop-top
3503,boho
3503,lace
3503,cropped
3503,stretch
3503,ruffled
3504,t-shirt
3504,y2k
3504,slim-fit
3505,crop-top
3505,cropped
3506,crop-top
3506,cropped
3506,long-sleeve
3507,crop-top
3507,cropped
3508,crop-top
3508,summer
3508,cropped
3508,short-sleeve
3509,quarter-zip-pullover
3509,athleisure
3509,quarter-zip
3510,sweatshirt
3510,boxy
3510,quarter-zip
3511,sweatshirt
3511,basics
3511,quarter-zip
3512,sweatshirt
3512,quarter-zip
3513,quarter-zip-pullover
3513,quarter-zip
3514,sweater
3515,sweatshirt
3515,winter
3515,fleece
3515,quarter-zip
3516,quarter-zip-pullover
3516,midweight
3516,quarter-zip
3517,quarter-zip-pullover
3517,quarter-zip
3518,sweatshirt
3518,black
3518,quarter-zip
3519,quarter-zip-pullover
3519,cotton
3519,quarter-zip
3519,pullover
3520,quarter-zip-pullover
3520,cotton
3520,quarter-zip
3521,sweater
3521,winter
3521,wool
3521,merino
3521,long-sleeve
3521,half-zip
3522,sweater
3522,winter
3522,wool
3522,merino
3522,quarter-zip
3523,quarter-zip-pullover
3523,quarter-zip
3523,pullover
3524,quarter-zip-pullover
3524,quarter-zip
3524,pullover
3525,quarter-zip-pullover
3525,workwear
3525,long-sleeve
3525,quarter-zip
3526,sweatshirt
3526,workwear
3526,midweight
3526,loose-fit
3526,mock-neck
3526,quarter-zip
3527,quarter-zip-pullover
3527,cotton
3527,terry
3527,quarter-zip
3527,pullover
3528,quarter-zip-pullover
3528,outdoor
3528,winter
3528,fleece
3528,long-sleeve
3528,half-zip
3528,pullover
3529,quarter-zip-pullover
3529,outdoor
3529,winter
3529,fleece
3529,half-zip
3530,sweatshirt
3530,streetwear
3530,graphic-print
3530,cotton
3530,quarter-zip
3531,sweatshirt
3531,cotton
3531,quarter-zip
3532,quarter-zip-pullover
3532,quarter-zip
3533,quarter-zip-pullover
3533,knit
3533,quarter-zip
3533,pullover
3533,stretch
3534,quarter-zip-pullover
3534,quarter-zip
3535,quarter-zip-pullover
3535,quarter-zip
3535,pullover
3536,sweater
3536,streetwear
3536,oversized
3536,quarter-zip
3537,sweatshirt
3537,streetwear
3537,oversized
3537,quarter-zip
3538,sweatshirt
3538,quarter-zip
3539,sweatshirt
3539,quarter-zip
3540,sweatshirt
3540,streetwear
3540,oversized
3540,quarter-zip
3541,quarter-zip-pullover
3541,streetwear
3541,winter
3541,heavyweight
3541,oversized
3541,quarter-zip
3541,pullover
3542,quarter-zip-pullover
3542,quarter-zip
3543,quarter-zip-pullover
3543,quarter-zip
3544,quarter-zip-pullover
3544,athleisure
3544,quarter-zip
3545,quarter-zip-pullover
3545,quarter-zip
3546,quarter-zip-pullover
3546,winter
3546,fleece
3546,quarter-zip
3546,pullover
3547,quarter-zip-pullover
3547,winter
3547,fleece
3547,quarter-zip
3547,pullover
3548,quarter-zip-pullover
3549,sweatshirt
3549,streetwear
3549,logo
3549,boxy
3549,quarter-zip
3550,sweatshirt
3550,boxy
3550,quarter-zip
3551,quarter-zip-pullover
3551,off-white
3552,quarter-zip-pullover
3553,sweater
3553,cotton
3553,quarter-zip
3554,sweatpants
3554,collared
3554,quarter-zip
3555,sweatshirt
3555,collared
3555,quarter-zip
3556,quarter-zip-pullover
3556,quarter-zip
3556,pullover
3557,quarter-zip-pullover
3557,quarter-zip
3558,quarter-zip-pullover
3559,quarter-zip-pullover
3559,quarter-zip
3559,pullover
3560,quarter-zip-pullover
3560,athleisure
3560,quarter-zip
3561,quarter-zip-pullover
3561,business
3561,tailored
3561,quarter-zip
3561,pullover
3562,quarter-zip-pullover
3562,zip-front
3562,quarter-zip
3563,sweater
3563,quarter-zip
3564,sweater
3564,long-sleeve
3564,quarter-zip
3565,sweatshirt
3565,quarter-zip
3566,quarter-zip-pullover
3566,quarter-zip
3567,quarter-zip-pullover
3567,winter
3567,fleece
3567,quarter-zip
3567,embroidered
3568,quarter-zip-pullover
3568,winter
3568,fleece
3568,quarter-zip
3569,sweater
3569,winter
3569,wool
3569,merino
3569,quarter-zip
3570,quarter-zip-pullover
3570,quarter-zip
3570,pullover
3571,quarter-zip-pullover
3571,cotton
3571,quarter-zip
3572,quarter-zip-pullover
3572,streetwear
3572,winter
3572,heavyweight
3572,logo
3572,oversized
3572,quarter-zip
3572,pullover
3573,quarter-zip-pullover
3573,knit
3573,long-sleeve
3573,quarter-zip
3574,sweater
3574,summer
3574,lightweight
3574,cotton
3574,quarter-zip
3575,sweater
3575,winter
3575,wool
3575,merino
3575,quarter-zip
3576,quarter-zip-pullover
3576,quarter-zip
3577,quarter-zip-pullover
3577,athleisure
3577,quarter-zip
3578,sweater
3578,athleisure
3578,quarter-zip
3579,quarter-zip-pullover
3579,long-sleeve
3579,quarter-zip
3580,quarter-zip-pullover
3580,quarter-zip
3581,sweatshirt
3581,winter
3581,fleece
3581,quarter-zip
3582,quarter-zip-pullover
3582,quarter-zip
3583,quarter-zip-pullover
3583,winter
3583,midweight
3583,wool
3583,merino
3583,quarter-zip
3584,quarter-zip-pullover
3584,winter
3584,wool
3584,merino
3584,quarter-zip
3585,sweatshirt
3585,winter
3585,fleece
3585,quarter-zip
3586,quarter-zip-pullover
3586,winter
3586,fleece
3586,mock-neck
3586,quarter-zip
3586,pullover
3587,quarter-zip-pullover
3587,cotton
3587,terry
3587,quarter-zip
3588,quarter-zip-pullover
3588,navy
3588,knit
3588,quarter-zip
3588,pullover
3589,sweatshirt
3589,winter
3589,navy
3589,fleece
3589,half-zip
3589,pullover
3590,quarter-zip-pullover
3590,quarter-zip
3591,quarter-zip-pullover
3591,cotton
3591,quarter-zip
3592,sweatshirt
3592,winter
3592,fleece
3592,quarter-zip
3593,quarter-zip-pullover
3593,outdoor
3593,quarter-zip
3594,quarter-zip-pullover
3594,half-zip
3595,sweater
3595,outdoor
3595,quarter-zip
3596,top
3596,outdoor
3596,winter
3596,fleece
3596,pullover
3597,sweater
3597,outdoor
3597,quarter-zip
3598,quarter-zip-pullover
3598,outdoor
3598,quarter-zip
3599,sweatshirt
3599,quarter-zip
3600,sweater
3600,cotton
3600,quarter-zip
3601,top
3601,pullover
3602,sweater
3602,athleisure
3602,quarter-zip
3603,quarter-zip-pullover
3603,athleisure
3603,quarter-zip
3604,quarter-zip-pullover
3604,athleisure
3604,quarter-zip
3605,quarter-zip-pullover
3605,preppy
3605,ribbed-knit
3605,quarter-zip
3605,pullover
3606,quarter-zip-pullover
3606,preppy
3606,jersey
3606,quarter-zip
3606,pullover
3607,quarter-zip-pullover
3607,preppy
3607,jersey
3608,quarter-zip-pullover
3608,preppy
3608,jersey
3608,quarter-zip
3608,pullover
3609,sweatshirt
3609,basics
3609,winter
3609,fleece
3609,quarter-zip
3609,pullover
3610,sweatshirt
3610,winter
3610,fleece
3610,quarter-zip
3610,pullover
3611,quarter-zip-pullover
3611,quarter-zip
3612,quarter-zip-pullover
3612,quarter-zip
3612,pullover
3613,quarter-zip-pullover
3613,quarter-zip
3614,quarter-zip-pullover
3614,quarter-zip
3615,quarter-zip-pullover
3615,winter
3615,fleece
3615,quarter-zip
3615,pullover
3616,quarter-zip-pullover
3616,winter
3616,brown
3616,charcoal
3616,cotton
3616,wool
3616,quarter-zip
3617,quarter-zip-pullover
3617,winter
3617,gray
3617,cotton
3617,wool
3617,quarter-zip
3618,sweater
3618,quarter-zip
3619,quarter-zip-pullover
3619,quarter-zip
3620,quarter-zip-pullover
3620,quarter-zip
3621,quarter-zip-pullover
3621,quarter-zip
3621,stretch
3622,quarter-zip-pullover
3622,athleisure
3622,quarter-zip
3622,pullover
3623,sweater
3623,quarter-zip
3624,sweatshirt
3624,quarter-zip
3625,quarter-zip-pullover
3625,quarter-zip
3625,pullover
3626,quarter-zip-pullover
3626,quarter-zip
3627,quarter-zip-pullover
3627,quarter-zip
3628,quarter-zip-pullover
3628,winter
3628,fleece
3628,quarter-zip
3629,quarter-zip-pullover
3629,red
3629,terry
3629,quarter-zip
3630,quarter-zip-pullover
3630,casual
3630,quarter-zip
3631,quarter-zip-pullover
3631,outdoor
3631,winter
3631,fleece
3631,quarter-zip
3632,quarter-zip-pullover
3632,outdoor
3632,quarter-zip
3632,pullover
3633,quarter-zip-pullover
3633,outdoor
3633,quarter-zip
3634,quarter-zip-pullover
3634,outdoor
3634,quarter-zip
3635,quarter-zip-pullover
3635,athleisure
3635,outdoor
3635,winter
3635,fleece
3635,quarter-zip
3636,quarter-zip-pullover
3636,outdoor
3636,quarter-zip
3637,sweatshirt
3637,streetwear
3637,logo
3637,quarter-zip
3638,quarter-zip-pullover
3638,quarter-zip
3639,sweater
3639,quarter-zip
3640,quarter-zip-pullover
3640,quarter-zip
3641,quarter-zip-pullover
3641,quarter-zip
3642,quarter-zip-pullover
3642,quarter-zip
3643,quarter-zip-pullover
3644,quarter-zip-pullover
3644,quarter-zip
3645,quarter-zip-pullover
3645,athleisure
3645,quarter-zip
3645,pullover
3646,quarter-zip-pullover
3646,merino
3646,knit
3646,quarter-zip
3647,quarter-zip-pullover
3647,winter
3647,wool
3647,quarter-zip
3648,quarter-zip-pullover
3648,winter
3648,fleece
3648,quarter-zip
3649,quarter-zip-pullover
3649,athleisure
3649,navy
3649,quarter-zip
3650,quarter-zip-pullover
3650,quarter-zip
3651,quarter-zip-pullover
3651,athleisure
3651,quarter-zip
3652,quarter-zip-pullover
3652,quarter-zip
3653,quarter-zip-pullover
3653,minimalist
3653,quarter-zip
3653,pullover
3654,quarter-zip-pullover
3654,quarter-zip
3654,pullover
3655,quarter-zip-pullover
3655,olive
3655,quarter-zip
3655,pullover
3656,quarter-zip-pullover
3656,quarter-zip
3657,quarter-zip-pullover
3657,streetwear
3657,winter
3657,heavyweight
3657,logo
3657,oversized
3657,quarter-zip
3657,pullover
3658,quarter-zip-pullover
3659,sweatshirt
3659,basics
3659,quarter-zip
3660,sweater
3660,knit
3660,quarter-zip
3661,sweater
3661,quarter-zip
3662,button-up-shirt
3662,business
3662,slim-fit
3662,non-iron
3663,button-up-shirt
3663,casual
3663,business
3663,summer
3663,short-sleeve
3664,button-up-shirt
3664,business
3664,long-sleeve
3664,stretch
3665,shirt
3665,slim-fit
3665,stretch
3666,button-up-shirt
3666,basics
3666,business
3666,solid
3666,regular-fit
3666,collared
3667,button-up-shirt
3667,business
3667,slim-fit
3668,button-up-shirt
3668,business
3668,slim-fit
3669,button-up-shirt
3669,athleisure
3669,business
3670,button-up-shirt
3670,athleisure
3670,business
3670,plaid
3671,button-up-shirt
3671,business
3671,geometric
3671,down
3671,slim-fit
3671,button-front
3672,button-up-shirt
3672,business
3672,slim-fit
3673,button-up-shirt
3673,business
3674,button-up-shirt
3674,business
3674,cotton
3674,poplin
3674,slim-fit
3674,tailored
3675,button-up-shirt
3675,business
3676,button-up-shirt
3676,athleisure
3676,business
3677,button-up-shirt
3677,business
3677,slim-fit
3678,button-up-shirt
3678,basics
3678,business
3678,preppy
3679,button-up-shirt
3679,basics
3679,preppy
3680,button-up-shirt
3680,business
3680,stretch
3681,button-up-shirt
3681,business
3681,twill
3681,stretch
3682,button-up-shirt
3682,business
3683,button-up-shirt
3683,business
3683,slim-fit
3684,button-up-shirt
3684,business
3684,preppy
3684,down
3684,button-front
3685,button-up-shirt
3685,business
3685,non-iron
3686,button-up-shirt
3686,business
3686,cotton
3686,stretch
3686,non-iron
3687,button-up-shirt
3687,preppy
3687,cotton
3687,stretch
3688,button-up-shirt
3688,business
3688,printed
3688,regular-fit
3689,button-up-shirt
3689,basics
3689,business
3689,stretch
3689,non-iron
3690,button-up-shirt
3690,business
3690,slim-fit
3690,non-iron
3691,button-up-shirt
3691,basics
3691,business
3691,black
3691,solid
3691,cotton
3691,slim-fit
3692,button-up-shirt
3692,basics
3692,business
3692,formal
3692,white
3692,solid
3692,cotton
3692,down
3692,slim-fit
3692,button-front
3693,button-up-shirt
3693,business
3693,formal
3693,workwear
3693,green
3693,cotton
3693,slim-fit
3693,stretch
3694,button-up-shirt
3694,business
3694,slim-fit
3695,button-up-shirt
3695,business
3695,slim-fit
3695,non-iron
3696,button-up-shirt
3696,business
3696,cotton
3696,slim-fit
3696,stretch
3697,button-up-shirt
3697,basics
3697,business
3697,black
3697,solid
3697,cotton
3697,down
3697,slim-fit
3697,button-front
3698,button-up-shirt
3698,basics
3698,business
3698,formal
3698,gray
3698,solid
3698,cotton
3698,down
3698,slim-fit
3698,button-front
3699,button-up-shirt
3699,business
3699,striped
3700,button-up-shirt
3700,business
3700,checkered
3700,twill
3700,non-iron
3701,button-up-shirt
3701,athleisure
3701,business
3701,twill
3701,non-iron
3702,button-up-shirt
3702,business
3702,poplin
3702,stretch
3702,non-iron
3703,button-up-shirt
3703,business
3703,button-front
3704,button-up-shirt
3704,business
3704,regular-fit
3705,button-up-shirt
3705,business
3705,regular-fit
3706,button-up-shirt
3706,business
3706,long-sleeve
3707,button-up-shirt
3707,business
3707,down
3707,regular-fit
3707,button-front
3708,button-up-shirt
3708,streetwear
3708,preppy
3708,logo
3708,long-sleeve
3709,shirt
3709,basics
3709,solid
3710,button-up-shirt
3710,business
3710,formal
3710,black
3710,skinny-leg
3711,button-up-shirt
3711,business
3711,preppy
3711,down
3711,skinny-leg
3711,button-front
3712,button-up-shirt
3712,basics
3712,business
3712,preppy
3712,charcoal
3712,solid
3712,down
3712,skinny-leg
3712,long-sleeve
3712,button-front
3713,button-up-shirt
3713,business
3713,checkered
3713,cotton
3714,button-up-shirt
3714,business
3714,cotton
3714,slim-fit
3714,stretch
3715,button-up-shirt
3715,business
3715,slim-fit
3715,stretch
3716,button-up-shirt
3716,business
3716,cotton
3716,slim-fit
3716,stretch
3717,button-up-shirt
3717,business
3717,floral
3717,slim-fit
3717,mini
3718,button-up-shirt
3718,business
3718,summer
3718,cotton
3718,slim-fit
3718,short-sleeve
3718,stretch
3719,button-up-shirt
3719,business
3719,cotton
3719,slim-fit
3719,stretch
3720,button-up-shirt
3720,business
3720,slim-fit
3720,stretch
3721,button-up-shirt
3721,business
3721,striped
3721,slim-fit
3722,button-up-shirt
3722,business
3722,plaid
3722,slim-fit
3723,button-up-shirt
3723,business
3723,slim-fit
3724,button-up-shirt
3724,business
3724,stretch
3725,button-up-shirt
3725,business
3725,summer
3726,button-up-shirt
3726,business
3726,summer
3726,short-sleeve
3727,button-up-shirt
3727,preppy
3727,regular-fit
3728,button-up-shirt
3728,business
3728,down
3728,long-sleeve
3728,button-front
3729,button-up-shirt
3729,business
3729,down
3729,long-sleeve
3729,button-front
3730,button-up-shirt
3730,business
3731,button-up-shirt
3731,business
3731,blue
3731,slim-fit
3731,stretch
3732,button-up-shirt
3732,business
3732,floral
3732,stretch
3733,button-up-shirt
3733,business
3733,long-sleeve
3733,button-front
3734,button-up-shirt
3734,business
3734,non-iron
3735,button-up-shirt
3735,business
3735,non-iron
3736,button-up-shirt
3736,business
3736,non-iron
3737,button-up-shirt
3737,basics
3737,business
3737,solid
3737,down
3737,collared
3737,button-front
3738,button-up-shirt
3738,basics
3738,business
3738,blue
3738,checkered
3738,cotton
3738,collared
3738,non-iron
3739,button-up-shirt
3739,athleisure
3739,basics
3739,business
3739,black
3739,solid
3739,twill
3739,knit
3739,collared
3739,button-front
3740,button-up-shirt
3740,athleisure
3740,business
3740,stretch
3741,button-up-shirt
3741,business
3741,cotton
3741,slim-fit
3741,stretch
3742,button-up-shirt
3742,business
3742,slim-fit
3742,stretch
3743,button-up-shirt
3743,business
3743,cotton
3743,collared
3744,button-up-shirt
3744,business
3744,preppy
3744,summer
3744,short-sleeve
3745,button-up-shirt
3745,business
3745,tailored
3746,shirt
3746,cotton
3746,stretch
3747,shirt
3747,business
3747,cotton
3747,poplin
3747,slim-fit
3748,button-up-shirt
3748,basics
3748,business
3748,solid
3748,slim-fit
3749,shirt
3749,basics
3749,herringbone
3749,non-iron
3750,button-up-shirt
3750,business
3750,striped
3750,poplin
3750,stretch
3750,non-iron
3751,button-up-shirt
3751,business
3751,twill
3751,non-iron
3752,button-up-shirt
3752,business
3752,striped
3752,twill
3752,non-iron
3753,button-up-shirt
3753,basics
3753,business
3754,button-up-shirt
3754,business
3754,cotton
3754,regular-fit
3755,button-up-shirt
3755,business
3755,regular-fit
3756,button-up-shirt
3756,business
3756,cotton
3756,slim-fit
3756,stretch
3757,button-up-shirt
3757,business
3757,slim-fit
3758,button-up-shirt
3758,business
3758,plaid
3758,slim-fit
3759,button-up-shirt
3759,business
3759,plaid
3759,slim-fit
3760,button-up-shirt
3760,business
3760,striped
3760,slim-fit
3761,button-up-shirt
3761,business
3761,checkered
3761,non-iron
3762,button-up-shirt
3762,basics
3762,business
3762,solid
3762,non-iron
3763,button-up-shirt
3763,basics
3763,business
3763,solid
3763,non-iron
3764,button-up-shirt
3764,business
3764,long-sleeve
3765,button-up-shirt
3765,business
3765,stretch
3765,non-iron
3766,button-up-shirt
3766,business
3766,blue
3767,button-up-shirt
3767,business
3767,navy
3767,slim-fit
3768,button-up-shirt
3768,basics
3768,navy
3768,down
3768,button-front
3769,button-up-shirt
3769,navy
3769,down
3769,slim-fit
3769,button-front
3770,button-up-shirt
3770,business
3770,striped
3770,long-sleeve
3771,button-up-shirt
3771,business
3771,preppy
3771,off-white
3771,brown
3772,button-up-shirt
3772,business
3772,preppy
3772,white
3772,down
3772,long-sleeve
3772,button-front
3773,button-up-shirt
3773,business
3773,checkered
3773,non-iron
3774,button-up-shirt
3774,business
3774,non-iron
3775,button-up-shirt
3775,business
3775,checkered
3775,non-iron
3776,button-up-shirt
3776,business
3776,checkered
3776,cotton
3776,stretch
3776,non-iron
3777,button-up-shirt
3777,business
3777,cotton
3777,stretch
3777,non-iron
3778,button-up-shirt
3778,business
3778,checkered
3778,stretch
3778,non-iron
3779,button-up-shirt
3779,business
3779,mini
3779,stretch
3779,non-iron
3780,button-up-shirt
3780,business
3780,twill
3780,mini
3780,stretch
3780,non-iron
3781,button-up-shirt
3781,business
3781,stretch
3781,non-iron
3782,button-up-shirt
3782,business
3782,striped
3782,twill
3782,non-iron
3783,button-up-shirt
3783,business
3783,merino
3784,button-up-shirt
3784,business
3784,cotton
3785,shirt
3785,striped
3786,button-up-shirt
3786,business
3786,preppy
3787,button-up-shirt
3787,business
3787,regular-fit
3787,stretch
3788,button-up-shirt
3788,business
3788,non-iron
3789,button-up-shirt
3789,athleisure
3789,business
3790,button-up-shirt
3790,business
3790,non-iron
3791,button-up-shirt
3791,business
3791,non-iron
3792,button-up-shirt
3792,business
3792,regular-fit
3793,button-up-shirt
3793,business
3793,regular-fit
3793,stretch
3794,button-up-shirt
3794,business
3794,checkered
3794,down
3794,button-front
3795,button-up-shirt
3795,athleisure
3795,basics
3795,business
3796,shirt
3796,jersey
3796,slim-fit
3796,non-iron
3797,shirt
3797,slim-fit
3797,non-iron
3798,button-up-shirt
3798,basics
3798,business
3798,black
3798,down
3798,long-sleeve
3798,button-front
3798,stretch
3799,button-up-shirt
3799,business
3799,regular-fit
3800,button-up-shirt
3800,business
3800,poplin
3800,regular-fit
3801,button-up-shirt
3801,business
3801,regular-fit
3801,stretch
3802,button-up-shirt
3802,business
3802,canvas
3802,regular-fit
3803,button-up-shirt
3803,business
3803,slim-fit
3804,button-up-shirt
3804,business
3804,regular-fit
3804,long-sleeve
3804,stretch
3805,flannel-shirt
3805,plaid
3806,flannel-shirt
3807,flannel-shirt
3807,boxy
3808,flannel-shirt
3808,summer
3808,lightweight
3808,boxy
3809,flannel-shirt
3810,flannel-shirt
3810,relaxed-fit
3811,flannel-shirt
3811,summer
3811,lightweight
3812,flannel-shirt
3812,basics
3813,flannel-shirt
3813,green
3813,long-sleeve
3814,flannel-shirt
3814,purple
3814,long-sleeve
3815,flannel-shirt
3815,blue
3815,plaid
3815,long-sleeve
3816,flannel-shirt
3816,blue
3816,long-sleeve
3817,flannel-shirt
3817,burgundy
3817,plaid
3817,long-sleeve
3818,flannel-shirt
3818,blue
3818,plaid
3818,long-sleeve
3819,flannel-shirt
3819,black
3819,gray
3819,long-sleeve
3820,flannel-shirt
3820,gray
3820,blue
3820,plaid
3820,long-sleeve
3821,flannel-shirt
3821,navy
3821,long-sleeve
3822,flannel-shirt
3822,blue
3822,orange
3822,plaid
3822,long-sleeve
3823,flannel-shirt
3823,long-sleeve
3824,flannel-shirt
3824,brown
3824,gray
3824,plaid
3824,long-sleeve
3825,flannel-shirt
3825,brown
3825,checkered
3825,long-sleeve
3826,flannel-shirt
3826,plaid
3826,long-sleeve
3827,flannel-shirt
3827,basics
3827,summer
3827,lightweight
3828,flannel-shirt
3828,slim-fit
3829,flannel-shirt
3830,flannel-shirt
3830,long-sleeve
3831,flannel-shirt
3832,flannel-shirt
3833,flannel-shirt
3833,plaid
3833,regular-fit
3833,long-sleeve
3834,flannel-shirt
3834,winter
3834,printed
3834,sherpa
3835,flannel-shirt
3835,outdoor
3835,long-sleeve
3836,flannel-shirt
3836,outdoor
3836,winter
3836,heavyweight
3836,flared
3837,jacket
3837,casual
3837,plaid
3837,long-sleeve
3838,non-apparel
3838,cotton
3839,flannel-shirt
3840,flannel-shirt
3840,western
3841,flannel-shirt
3842,flannel-shirt
3842,relaxed-fit
3843,flannel-shirt
3843,slim-fit
3844,blouse
3844,summer
3844,lightweight
3845,non-apparel
3845,cotton
3846,non-apparel
3846,plaid
3846,cotton
3847,non-apparel
3847,plaid
3848,flannel-shirt
3848,boxy
3849,non-apparel
3849,plaid
3850,flannel-shirt
3851,flannel-shirt
3852,flannel-shirt
3852,plaid
3853,flannel-shirt
3854,flannel-shirt
3855,flannel-shirt
3855,transitional
3856,button-up-shirt
3856,button-front
3857,flannel-shirt
3858,flannel-shirt
3858,plaid
3859,flannel-shirt
3859,summer
3859,short-sleeve
3860,flannel-shirt
3860,plaid
3861,flannel-shirt
3862,shirt
3863,flannel-shirt
3864,flannel-shirt
3865,flannel-shirt
3865,retro
3865,workwear
3866,flannel-shirt
3867,flannel-shirt
3867,olive
3867,plaid
3867,knit
3867,stretch
3868,non-apparel
3868,cotton
3869,flannel-shirt
3869,relaxed-fit
3870,flannel-shirt
3870,relaxed-fit
3870,pockets
3871,flannel-shirt
3871,retro
3872,flannel-shirt
3872,regular-fit
3873,flannel-shirt
3873,cotton
3873,relaxed-fit
3874,flannel-shirt
3874,relaxed-fit
3875,flannel-shirt
3875,winter
3875,heavyweight
3875,plaid
3875,wool
3876,flannel-shirt
3876,boxy
3877,flannel-shirt
3877,plaid
3878,flannel-shirt
3878,streetwear
3878,plaid
3878,oversized
3879,flannel-shirt
3879,long-sleeve
3880,flannel-shirt
3880,plaid
3881,flannel-shirt
3881,summer
3881,lightweight
3882,flannel-shirt
3882,jacquard
3883,flannel-shirt
3883,summer
3883,lightweight
3884,flannel-shirt
3884,plaid
3885,button-up-shirt
3885,navy
3885,plaid
3885,long-sleeve
3885,button-front
3885,stretch
3886,flannel-shirt
3886,checkered
3887,flannel-shirt
3887,plaid
3888,flannel-shirt
3888,business
3888,herringbone
3888,tailored
3889,flannel-shirt
3890,flannel-shirt
3890,winter
3890,wool
3891,flannel-shirt
3892,flannel-shirt
3892,plaid
3892,fitted
3893,button-up-shirt
3893,cotton
3893,down
3893,button-front
3894,flannel-shirt
3894,streetwear
3894,oversized
3895,flannel-shirt
3896,flannel-shirt
3897,flannel-shirt
3898,flannel-shirt
3898,western
3899,flannel-shirt
3899,plaid
3899,stretch
3900,flannel-shirt
3900,basics
3900,solid
3900,plaid
3900,long-sleeve
3901,flannel-shirt
3901,winter
3901,heavyweight
3901,hooded
3901,stretch
3902,flannel-shirt
3903,flannel-shirt
3904,flannel-shirt
3904,plaid
3905,flannel-shirt
3906,button-up-shirt
3906,summer
3906,lightweight
3906,button-front
3907,button-up-shirt
3907,midweight
3907,button-front
3908,flannel-shirt
3908,midweight
3908,plaid
3909,button-up-shirt
3909,button-front
3910,button-up-shirt
3910,collared
3910,button-front
3911,flannel-shirt
3912,flannel-shirt
3912,plaid
3913,flannel-shirt
3913,midweight
3914,flannel-shirt
3915,flannel-shirt
3916,flannel-shirt
3916,stretch
3917,flannel-shirt
3918,flannel-shirt
3918,plaid
3918,regular-fit
3918,long-sleeve
3919,flannel-shirt
3919,relaxed-fit
3920,flannel-shirt
3920,checkered
3921,button-up-shirt
3921,midweight
3921,navy
3921,down
3921,button-front
3922,flannel-shirt
3922,plaid
3923,flannel-shirt
3923,long-sleeve
3924,flannel-shirt
3924,streetwear
3924,white
3924,logo
3925,flannel-shirt
3925,long-sleeve
3926,flannel-shirt
3926,outdoor
3927,flannel-shirt
3927,outdoor
3928,flannel-shirt
3928,outdoor
3929,flannel-shirt
3929,outdoor
3929,summer
3929,insulated
3929,lightweight
3930,flannel-shirt
3930,outdoor
3931,flannel-shirt
3932,flannel-shirt
3932,preppy
3932,plaid
3933,flannel-shirt
3934,flannel-shirt
3935,shirt
3936,flannel-shirt
3936,western
3937,non-apparel
3937,cotton
3938,flannel-shirt
3938,winter
3938,heavyweight
3938,plaid
3938,wool
3939,flannel-shirt
3939,plaid
3940,flannel-shirt
3940,winter
3940,plaid
3940,fleece
3941,flannel-shirt
3941,outdoor
3942,flannel-shirt
3942,outdoor
3942,long-sleeve
3943,flannel-shirt
3943,outdoor
3943,plaid
3944,flannel-shirt
3944,plaid
3944,long-sleeve
3945,flannel-shirt
3945,long-sleeve
3946,flannel-shirt
3947,button-up-shirt
3947,outdoor
3947,down
3947,long-sleeve
3947,button-front
3948,button-up-shirt
3948,outdoor
3948,brown
3948,green
3948,down
3948,long-sleeve
3948,button-front
3949,button-up-shirt
3949,outdoor
3949,down
3949,long-sleeve
3949,button-front
3950,button-up-shirt
3950,outdoor
3950,down
3950,long-sleeve
3950,button-front
3951,button-up-shirt
3951,outdoor
3951,long-sleeve
3951,button-front
3952,button-up-shirt
3952,outdoor
3952,plaid
3952,long-sleeve
3952,button-front
3953,button-up-shirt
3953,outdoor
3953,plaid
3953,long-sleeve
3953,button-front
3954,button-up-shirt
3954,outdoor
3954,plaid
3954,long-sleeve
3954,button-front
3955,button-up-shirt
3955,outdoor
3955,red
3955,plaid
3955,long-sleeve
3955,button-front
3956,flannel-shirt
3957,flannel-shirt
3957,long-sleeve
3958,flannel-shirt
3958,plaid
3958,long-sleeve
3959,flannel-shirt
3959,green
3959,long-sleeve
3960,flannel-shirt
3960,long-sleeve
3961,flannel-shirt
3961,long-sleeve
3962,flannel-shirt
3962,outdoor
3963,flannel-shirt
3963,outdoor
3964,flannel-shirt
3965,flannel-shirt
3966,flannel-shirt
3966,long-sleeve
3967,flannel-shirt
3968,flannel-shirt
3968,long-sleeve
3969,flannel-shirt
3969,midweight
3969,plaid
3969,relaxed-fit
3969,long-sleeve
3970,flannel-shirt
3971,flannel-shirt
3971,winter
3971,wool
3972,flannel-shirt
3972,cotton
3973,flannel-shirt
3973,checkered
3974,flannel-shirt
3974,red
3974,plaid
3975,flannel-shirt
3976,flannel-shirt
3976,black
3976,checkered
3976,cotton
3977,flannel-shirt
3977,summer
3977,lightweight
3978,flannel-shirt
3978,business
3978,tailored
3979,flannel-shirt
3979,checkered
3980,flannel-shirt
3981,flannel-shirt
3982,flannel-shirt
3982,checkered
3983,flannel-shirt
3983,checkered
3984,flannel-shirt
3985,flannel-shirt
3985,summer
3985,lightweight
3985,fitted
3986,flannel-shirt
3986,basics
3987,shirt
3987,long-sleeve
3988,flannel-shirt
3989,flannel-shirt
3989,retro
3990,flannel-shirt
3990,retro
3990,plaid
3991,flannel-shirt
3991,retro
3992,flannel-shirt
3992,basics
3993,flannel-shirt
3993,gray
3993,pink
3993,plaid
3994,flannel-shirt
3994,black
3994,gray
3994,plaid
3995,flannel-shirt
3996,flannel-shirt
3996,winter
3996,plaid
3996,wool
3997,flannel-shirt
3997,relaxed-fit
3998,pants
3999,sweatpants
3999,streetwear
3999,athleisure
3999,basics
3999,baggy
4000,sweatpants
4000,athleisure
4000,basics
4001,sweatpants
4001,streetwear
4001,athleisure
4001,baggy
4001,high-rise
4002,sweatpants
4002,athleisure
4002,barrel-leg
4002,high-rise
4003,sweatpants
4003,athleisure
4003,wide-leg
4003,high-rise
4004,sweatpants
4004,loungewear
4004,athleisure
4004,wide-leg
4005,pants
4005,athleisure
4006,pants
4007,sweatpants
4007,athleisure
4007,cotton
4008,sweatpants
4008,athleisure
4009,sweatpants
4009,athleisure
4009,winter
4009,heavyweight
4010,sweatpants
4010,athleisure
4011,sweatpants
4011,athleisure
4011,basics
4011,straight-leg
4012,sweatpants
4012,athleisure
4012,basics
4013,sweatpants
4013,streetwear
4013,athleisure
4013,baggy
4013,barrel-leg
4014,sweatpants
4014,streetwear
4014,athleisure
4014,baggy
4015,sweatpants
4015,streetwear
4015,athleisure
4015,baggy
4015,barrel-leg
4015,embroidered
4016,sweatpants
4016,streetwear
4016,athleisure
4016,baggy
4017,sweatshirt
4018,sweatpants
4018,athleisure
4018,barrel-leg
4019,sweatpants
4019,streetwear
4019,athleisure
4019,cotton
4019,baggy
4020,sweatpants
4020,athleisure
4020,straight-leg
4021,sweatpants
4021,athleisure
4021,wide-leg
4022,sweatpants
4022,athleisure
4023,sweatpants
4023,athleisure
4023,basics
4024,pants
4024,winter
4024,fleece
4025,sweatpants
4025,streetwear
4025,athleisure
4025,winter
4025,fleece
4025,oversized
4026,sweatpants
4026,athleisure
4026,barrel-leg
4027,sweatpants
4027,athleisure
4027,wide-leg
4028,sweatpants
4028,athleisure
4029,joggers
4029,athleisure
4030,sweatpants
4030,athleisure
4030,straight-leg
4031,sweatpants
4031,athleisure
4032,sweatpants
4032,streetwear
4032,baggy
4033,sweatpants
4033,athleisure
4033,retro
4034,pants
4034,streetwear
4034,winter
4034,fleece
4034,oversized
4035,sweatpants
4035,athleisure
4035,workwear
4035,relaxed-fit
4036,sweatpants
4036,athleisure
4036,workwear
4036,midweight
4036,relaxed-fit
4036,tapered-leg
4037,pants
4037,athleisure
4037,basics
4038,sweatpants
4038,athleisure
4038,basics
4038,straight-leg
4039,sweatpants
4039,streetwear
4039,athleisure
4039,oversized
4039,straight-leg
4040,sweatpants
4040,streetwear
4040,athleisure
4040,oversized
4041,sweatpants
4041,streetwear
4041,athleisure
4041,oversized
4042,sweatpants
4042,streetwear
4042,athleisure
4042,minimalist
4042,oversized
4043,sweatpants
4043,streetwear
4043,athleisure
4043,oversized
4044,sweatpants
4044,streetwear
4044,athleisure
4044,oversized
4045,sweatpants
4045,streetwear
4045,athleisure
4045,oversized
4046,sweatpants
4046,streetwear
4046,athleisure
4046,oversized
4046,straight-leg
4047,sweatpants
4047,streetwear
4047,athleisure
4047,oversized
4048,pants
4048,cotton
4048,relaxed-fit
4049,sweatpants
4049,athleisure
4049,gray
4050,pants
4050,winter
4050,fleece
4051,sweatpants
4051,athleisure
4051,tapered-leg
4052,sweatpants
4052,athleisure
4052,wide-leg
4053,sweatpants
4053,athleisure
4054,sweatpants
4054,athleisure
4054,basics
4054,wide-leg
4055,sweatpants
4055,athleisure
4056,sweatpants
4056,athleisure
4056,wide-leg
4057,sweatpants
4057,athleisure
4057,embroidered
4058,sweatpants
4058,athleisure
4059,sweatpants
4059,athleisure
4060,sweatpants
4060,athleisure
4061,sweatpants
4061,athleisure
4062,sweatpants
4062,athleisure
4062,cotton
4063,sweatpants
4063,athleisure
4063,wide-leg
4064,sweatpants
4064,athleisure
4064,wide-leg
4065,sweatpants
4065,athleisure
4066,sweatpants
4066,athleisure
4066,wide-leg
4067,sweatpants
4067,athleisure
4067,wide-leg
4068,sweatpants
4068,athleisure
4068,straight-leg
4069,sweatpants
4069,athleisure
4070,sweatpants
4070,athleisure
4070,wide-leg
4071,sweatpants
4071,athleisure
4072,sweatpants
4072,athleisure
4072,straight-leg
4073,sweatpants
4073,streetwear
4073,basics
4073,winter
4073,heavyweight
4073,fleece
4073,baggy
4074,pants
4074,basics
4074,winter
4074,heavyweight
4074,fleece
4075,sweatpants
4075,streetwear
4075,athleisure
4075,baggy
4076,sweatpants
4076,athleisure
4076,wide-leg
4077,sweatpants
4077,athleisure
4077,wide-leg
4078,sweatpants
4078,athleisure
4078,basics
4079,pants
4080,sweatpants
4080,athleisure
4080,winter
4080,heavyweight
4081,sweatpants
4081,winter
4081,fleece
4082,sweatpants
4082,athleisure
4082,winter
4082,fleece
4083,sweatpants
4083,streetwear
4083,athleisure
4083,baggy
4084,sweatpants
4084,streetwear
4084,athleisure
4084,wide-leg
4084,baggy
4085,sweatpants
4085,athleisure
4085,straight-leg
4086,sweatpants
4086,athleisure
4086,terry
4086,wide-leg
4087,sweatpants
4087,athleisure
4087,wide-leg
4088,sweatpants
4088,athleisure
4089,sweatpants
4089,athleisure
4089,straight-leg
4090,sweatpants
4090,athleisure
4091,sweatpants
4091,athleisure
4092,sweatpants
4092,athleisure
4093,sweatpants
4094,sweatpants
4094,athleisure
4094,cotton
4095,sweatpants
4095,athleisure
4096,joggers
4096,athleisure
4096,wide-leg
4097,sweatpants
4097,athleisure
4097,regular-fit
4098,sweatshirt
4098,loose-fit
4099,sweatpants
4099,athleisure
4099,regular-fit
4100,sweatpants
4100,athleisure
4100,relaxed-fit
4101,sweatpants
4101,athleisure
4101,winter
4101,fleece
4102,sweatpants
4102,athleisure
4102,winter
4102,fleece
4103,sweatpants
4103,athleisure
4103,winter
4103,cotton
4103,fleece
4103,pockets
4104,joggers
4104,athleisure
4104,winter
4104,fleece
4105,joggers
4105,athleisure
4105,winter
4105,fleece
4106,sweatpants
4106,athleisure
4107,sweatpants
4107,athleisure
4108,joggers
4108,athleisure
4108,cotton
4108,jersey
4108,pockets
4109,joggers
4109,athleisure
4109,winter
4109,fleece
4110,pants
4110,terry
4110,pockets
4111,joggers
4111,streetwear
4111,athleisure
4111,baggy
4112,sweatpants
4112,streetwear
4112,athleisure
4112,baggy
4113,sweatpants
4113,athleisure
4113,western
4113,bootcut
4114,sweatpants
4114,athleisure
4114,pockets
4115,sweatpants
4115,streetwear
4115,athleisure
4115,baggy
4116,sweatpants
4116,streetwear
4116,athleisure
4116,graphic-print
4116,baggy
4117,sweatpants
4117,athleisure
4117,wide-leg
4118,sweatpants
4118,streetwear
4118,athleisure
4118,graphic-print
4118,logo
4118,wide-leg
4119,sweatpants
4119,loungewear
4119,athleisure
4120,sweatpants
4120,athleisure
4120,wide-leg
4121,sweatpants
4121,athleisure
4121,basics
4121,winter
4121,fleece
4122,sweatpants
4122,streetwear
4122,athleisure
4122,gray
4122,baggy
4123,pants
4123,winter
4123,fleece
4124,pants
4124,winter
4124,fleece
4126,sweatpants
4126,athleisure
4127,sweatpants
4127,streetwear
4127,athleisure
4127,logo
4128,sweatpants
4128,athleisure
4129,sweatpants
4129,athleisure
4129,basics
4129,high-rise
4130,pants
4130,basics
4131,sweatpants
4131,streetwear
4131,athleisure
4131,baggy
4132,sweatpants
4132,streetwear
4132,athleisure
4132,baggy
4133,sweatpants
4133,streetwear
4133,athleisure
4133,graphic-print
4133,baggy
4134,sweatpants
4134,streetwear
4134,athleisure
4134,graphic-print
4134,logo
4134,baggy
4135,sweatpants
4135,athleisure
4136,sweatpants
4136,athleisure
4137,sweatpants
4137,athleisure
4137,basics
4137,midweight
4138,sweatpants
4138,athleisure
4139,sweatpants
4139,athleisure
4139,western
4139,bootcut
4140,sweatpants
4140,athleisure
4140,cotton
4140,jersey
4140,slim-fit
4141,sweatpants
4141,athleisure
4141,winter
4141,fleece
4142,sweatpants
4142,athleisure
4142,winter
4142,fleece
4143,pants
4143,winter
4143,fleece
4144,sweatpants
4144,streetwear
4144,athleisure
4144,winter
4144,fleece
4144,oversized
4144,high-rise
4145,sweatpants
4145,streetwear
4145,athleisure
4145,winter
4145,fleece
4145,oversized
4145,mid-rise
4146,joggers
4146,streetwear
4146,athleisure
4146,winter
4146,fleece
4146,baggy
4147,sweatpants
4147,streetwear
4147,athleisure
4147,navy
4147,graphic-print
4147,logo
4148,sweatpants
4148,streetwear
4148,athleisure
4148,winter
4148,navy
4148,fleece
4148,baggy
4149,sweatpants
4149,streetwear
4149,athleisure
4149,navy
4149,logo
4149,high-rise
4150,sweatpants
4150,athleisure
4150,winter
4150,navy
4150,fleece
4150,high-rise
4151,sweatpants
4151,athleisure
4151,winter
4151,navy
4151,fleece
4151,wide-leg
4151,high-rise
4152,sweatpants
4152,athleisure
4152,winter
4152,navy
4152,fleece
4152,high-rise
4153,sweatpants
4153,athleisure
4153,navy
4153,high-rise
4154,sweatpants
4154,athleisure
4154,navy
4154,wide-leg
4154,high-rise
4155,pants
4156,sweatpants
4156,athleisure
4157,sweatpants
4157,athleisure
4157,relaxed-fit
4158,sweatpants
4158,casual
4158,athleisure
4158,green
4158,cotton
4158,wide-leg
4159,sweatpants
4159,athleisure
4160,sweatpants
4160,athleisure
4160,winter
4160,pink
4160,fleece
4161,sweatpants
4161,athleisure
4161,winter
4161,fleece
4162,sweatpants
4163,pants
4163,charcoal
4163,straight-leg
4164,pants
4164,streetwear
4164,cargo-pockets
4165,sweatpants
4165,streetwear
4165,athleisure
4165,winter
4165,heavyweight
4165,cargo-pockets
4166,sweatpants
4166,loungewear
4166,streetwear
4166,athleisure
4166,wide-leg
4166,baggy
4166,pockets
4167,sweatpants
4167,streetwear
4167,athleisure
4167,outdoor
4167,logo
4168,sweatpants
4168,athleisure
4168,wide-leg
4169,sweatpants
4169,athleisure
4169,barrel-leg
4170,sweatpants
4170,athleisure
4170,winter
4170,fleece
4171,pants
4171,wide-leg
4172,sweatpants
4172,athleisure
4172,winter
4172,fleece
4173,pants
4173,athleisure
4173,outdoor
4173,winter
4173,fleece
4174,pants
4174,streetwear
4174,oversized
4175,sweatpants
4175,streetwear
4175,athleisure
4175,logo
4176,joggers
4176,athleisure
4176,relaxed-fit
4177,sweatpants
4177,athleisure
4178,sweatpants
4178,athleisure
4178,wide-leg
4179,sweatpants
4179,athleisure
4179,wide-leg
4180,jumpsuit
4180,athleisure
4180,winter
4180,pink
4180,fleece
4181,joggers
4181,athleisure
4182,sweatpants
4182,athleisure
4182,wide-leg
4183,sweatpants
4183,streetwear
4183,athleisure
4183,wide-leg
4183,baggy
4183,high-rise
4183,pockets
4184,sweatpants
4184,streetwear
4184,athleisure
4184,baggy
4185,sweatpants
4185,streetwear
4185,athleisure
4185,baggy
4186,sweatpants
4186,athleisure
4186,wide-leg
4187,sweatpants
4187,athleisure
4187,cotton
4188,sweatpants
4189,sweatpants
4190,sweatpants
4190,pockets
4191,leggings
4191,athleisure
4192,jumpsuit
4192,athleisure
4192,gray
4193,jumpsuit
4193,athleisure
4194,leggings
4194,athleisure
4194,floral
4195,leggings
4195,athleisure
4195,cotton
4196,leggings
4196,athleisure
4197,leggings
4197,athleisure
4198,leggings
4198,athleisure
4198,high-rise
4198,pockets
4199,leggings
4199,athleisure
4199,flared
4199,high-rise
4200,leggings
4200,athleisure
4200,high-rise
4201,leggings
4201,athleisure
4201,color-blocked
4201,high-rise
4202,leggings
4202,athleisure
4202,high-rise
4202,pockets
4203,leggings
4203,athleisure
4203,ribbed-knit
4203,high-rise
4204,leggings
4204,athleisure
4205,leggings
4205,athleisure
4205,ribbed-knit
4206,leggings
4206,athleisure
4206,cotton
4206,high-rise
4207,leggings
4207,athleisure
4207,high-rise
4208,leggings
4208,athleisure
4208,high-rise
4209,leggings
4209,athleisure
4209,high-rise
4210,jumpsuit
4210,athleisure
4210,high-rise
4211,leggings
4211,athleisure
4211,basics
4212,leggings
4212,athleisure
4213,leggings
4213,athleisure
4214,leggings
4214,athleisure
4214,high-rise
4215,leggings
4215,athleisure
4215,high-rise
4216,leggings
4216,athleisure
4216,cotton
4216,high-rise
4217,leggings
4217,athleisure
4217,high-rise
4218,leggings
4218,athleisure
4218,high-rise
4219,leggings
4219,athleisure
4219,high-rise
4220,leggings
4220,athleisure
4220,midi
4220,high-rise
4220,pockets
4221,leggings
4221,black
4221,fitted
4222,leggings
4222,athleisure
4222,black
4223,leggings
4223,athleisure
4223,outdoor
4223,blue
4223,high-rise
4224,leggings
4224,athleisure
4225,leggings
4225,athleisure
4225,high-rise
4226,leggings
4226,athleisure
4226,cotton
4227,leggings
4227,athleisure
4227,winter
4227,leather
4228,leggings
4228,athleisure
4228,workwear
4228,summer
4228,lightweight
4228,fitted
4228,ankle-length
4229,leggings
4229,athleisure
4229,workwear
4229,summer
4229,lightweight
4229,fitted
4230,leggings
4230,athleisure
4230,high-rise
4231,leggings
4231,athleisure
4231,high-rise
4232,leggings
4232,loungewear
4232,athleisure
4232,high-rise
4233,leggings
4233,athleisure
4234,leggings
4234,athleisure
4235,leggings
4235,athleisure
4235,curvy-fit
4235,high-rise
4236,leggings
4236,athleisure
4237,leggings
4237,athleisure
4238,leggings
4238,athleisure
4238,high-rise
4239,leggings
4239,athleisure
4240,leggings
4240,athleisure
4240,high-rise
4241,leggings
4241,athleisure
4241,high-rise
4242,leggings
4242,athleisure
4243,leggings
4243,athleisure
4244,leggings
4244,athleisure
4245,leggings
4245,athleisure
4246,leggings
4246,athleisure
4247,leggings
4247,athleisure
4247,minimalist
4248,leggings
4248,athleisure
4249,leggings
4249,athleisure
4249,minimalist
4249,basics
4250,leggings
4250,athleisure
4250,high-rise
4251,leggings
4251,athleisure
4251,minimalist
4252,leggings
4252,athleisure
4253,leggings
4253,athleisure
4253,cotton
4254,leggings
4254,athleisure
4254,jersey
4255,shorts
4255,athleisure
4255,summer
4255,high-rise
4255,pockets
4256,leggings
4256,athleisure
4257,leggings
4257,athleisure
4258,leggings
4258,athleisure
4258,basics
4258,fitted
4259,leggings
4259,athleisure
4259,jersey
4259,high-rise
4259,stretch
4260,leggings
4261,leggings
4261,athleisure
4261,cotton
4261,stretch
4262,leggings
4262,athleisure
4262,knit
4262,mid-rise
4263,leggings
4263,athleisure
4264,leggings
4264,athleisure
4264,retro
4264,navy
4265,pants
4265,high-rise
4266,pants
4266,high-rise
4267,pants
4267,high-rise
4268,pants
4268,high-rise
4268,pockets
4269,pants
4269,high-rise
4270,leggings
4270,high-rise
4271,leggings
4272,leggings
4272,high-rise
4273,leggings
4273,high-rise
4274,leggings
4274,blue
4274,high-rise
4275,leggings
4275,athleisure
4276,leggings
4276,athleisure
4277,leggings
4277,athleisure
4278,leggings
4278,athleisure
4279,leggings
4279,athleisure
4279,denim
4280,leggings
4280,athleisure
4280,knit
4281,leggings
4281,athleisure
4282,leggings
4282,athleisure
4282,basics
4282,mid-rise
4283,leggings
4283,athleisure
4283,minimalist
4284,leggings
4284,athleisure
4284,minimalist
4285,leggings
4285,athleisure
4285,minimalist
4286,leggings
4286,athleisure
4286,minimalist
4287,leggings
4287,athleisure
4287,minimalist
4287,animal-print
4288,leggings
4288,athleisure
4288,high-rise
4289,leggings
4289,athleisure
4289,cotton
4289,high-rise
4290,leggings
4290,athleisure
4290,cotton
4291,leggings
4291,athleisure
4291,navy
4291,high-rise
4291,pockets
4292,leggings
4292,athleisure
4292,navy
4292,high-rise
4293,leggings
4293,athleisure
4293,navy
4293,high-rise
4294,leggings
4294,athleisure
4294,navy
4294,cotton
4294,high-rise
4295,leggings
4295,athleisure
4295,navy
4295,high-rise
4296,leggings
4296,athleisure
4296,navy
4296,high-rise
4296,ruched
4297,leggings
4297,athleisure
4297,minimalist
4297,navy
4297,jacquard
4297,high-rise
4298,leggings
4298,athleisure
4298,navy
4298,high-rise
4299,leggings
4299,athleisure
4299,navy
4299,flared
4299,high-rise
4300,leggings
4300,athleisure
4300,navy
4300,high-rise
4301,leggings
4301,athleisure
4301,navy
4301,wide-leg
4301,high-rise
4302,leggings
4302,athleisure
4302,navy
4302,jersey
4302,wide-leg
4302,mid-rise
4303,leggings
4303,athleisure
4303,minimalist
4304,pants
4304,athleisure
4304,high-rise
4305,leggings
4305,athleisure
4305,printed
4306,leggings
4306,athleisure
4306,pink
4306,cutout
4307,leggings
4307,streetwear
4307,athleisure
4307,minimalist
4307,basics
4307,pink
4307,logo
4308,jumpsuit
4308,athleisure
4308,minimalist
4308,preppy
4308,pink
4308,knit
4308,flared
4308,cable-knit
4309,leggings
4309,athleisure
4309,minimalist
4309,basics
4309,pink
4310,leggings
4310,athleisure
4310,pink
4310,high-rise
4311,leggings
4311,athleisure
4311,high-rise
4312,leggings
4312,athleisure
4312,pockets
4313,leggings
4313,outdoor
4314,leggings
4314,athleisure
4314,outdoor
4315,leggings
4315,athleisure
4316,leggings
4316,athleisure
4316,pockets
4317,jumpsuit
4317,athleisure
4317,high-rise
4318,leggings
4318,athleisure
4318,high-rise
4319,leggings
4319,athleisure
4319,high-rise
4320,leggings
4320,athleisure
4320,cotton
4320,ribbed-knit
4321,leggings
4321,athleisure
4322,leggings
4322,athleisure
4322,animal-print
4323,leggings
4323,athleisure
4324,leggings
4324,athleisure
4325,leggings
4325,athleisure
4326,leggings
4326,athleisure
4326,ankle-length
4327,leggings
4327,athleisure
4327,ankle-length
4328,leggings
4328,athleisure
4329,leggings
4329,athleisure
4329,stretch
4330,leggings
4330,athleisure
4330,pink
4330,cotton
4331,leggings
4331,streetwear
4331,athleisure
4331,minimalist
4331,basics
4331,pink
4331,logo
4332,leggings
4332,athleisure
4332,minimalist
4332,basics
4332,pink
4333,leggings
4333,athleisure
4334,leggings
4334,athleisure
4335,leggings
4335,athleisure
4336,leggings
4336,athleisure
4336,cotton
4336,knit
4336,embroidered
4336,stretch
4337,leggings
4337,athleisure
4338,leggings
4338,athleisure
4339,leggings
4339,athleisure
4339,high-rise
4340,leggings
4340,athleisure
4340,black
4340,printed
4340,high-rise
4341,leggings
4341,athleisure
4341,minimalist
4341,high-rise
4342,pants
4342,high-rise
4343,leggings
4343,athleisure
4343,minimalist
4343,high-rise
4343,pockets
4344,leggings
4344,athleisure
4344,black
4345,leggings
4345,athleisure
4345,mid-rise
4346,leggings
4346,athleisure
4346,summer
4346,charcoal
4346,mid-rise
4347,leggings
4347,athleisure
4348,leggings
4348,athleisure
4348,basics
4348,pockets
4349,pants
4349,summer
4349,silk
4349,wide-leg
4349,sleeveless
4350,pajama-pants
4351,pajama-set
4351,loungewear
4351,summer
4351,floral
4351,short-sleeve
4352,pants
4352,satin
4353,pajama-set
4353,loungewear
4354,pajama-set
4354,loungewear
4354,summer
4355,pajama-set
4355,loungewear
4355,summer
4356,pajama-set
4356,loungewear
4356,summer
4357,pajama-set
4357,loungewear
4357,long-sleeve
4358,pajama-set
4358,loungewear
4358,long-sleeve
4359,pajama-set
4359,loungewear
4360,pajama-set
4360,loungewear
4360,cotton
4360,gauze
4361,pajama-set
4361,loungewear
4361,cotton
4361,gauze
4362,pajama-set
4362,loungewear
4362,striped
4363,pajama-set
4363,loungewear
4363,ribbed-knit
4364,pajama-set
4364,loungewear
4364,ruffled
4365,pajamas
4365,loungewear
4365,jersey
4366,pajamas
4366,loungewear
4367,pajamas
4367,loungewear
4367,summer
4367,short-sleeve
4368,pajamas
4368,loungewear
4369,pajama-set
4369,loungewear
4369,floral
4370,pajama-set
4370,loungewear
4370,satin
4370,lace
4371,pajama-set
4371,loungewear
4372,pajama-set
4372,loungewear
4372,knit
4372,ribbed-knit
4373,shorts
4373,summer
4374,pajama-set
4374,loungewear
4374,basics
4374,summer
4374,jersey
4374,cropped
4374,short-sleeve
4374,stretch
4375,pajama-set
4375,loungewear
4375,cropped
4376,pajama-set
4376,loungewear
4376,satin
4377,pajama-set
4377,loungewear
4377,jersey
4377,long-sleeve
4378,pajama-set
4378,loungewear
4378,streetwear
4378,summer
4378,striped
4378,oversized
4379,pajama-set
4379,loungewear
4379,summer
4379,satin
4379,short-sleeve
4380,pants
4380,basics
4380,summer
4380,modal
4380,short-sleeve
4381,pajama-set
4381,loungewear
4381,summer
4381,cotton
4381,notch-neck
4382,pajama-set
4383,pajama-set
4383,loungewear
4383,pointelle
4384,pajama-set
4384,loungewear
4384,summer
4384,short-sleeve
4385,pajama-set
4385,loungewear
4385,polka-dot
4386,pajamas
4386,loungewear
4386,printed
4386,cotton
4387,pajama-set
4387,loungewear
4388,pajama-set
4388,loungewear
4388,printed
4389,pajama-set
4389,cotton
4390,pajama-set
4390,loungewear
4390,printed
4391,pajama-set
4391,loungewear
4391,printed
4391,silk
4392,pajama-set
4392,loungewear
4392,long-sleeve
4393,pajama-set
4393,loungewear
4393,summer
4394,pajama-set
4394,loungewear
4394,satin
4394,stretch
4395,pajama-set
4395,loungewear
4395,ribbed-knit
4396,pajama-set
4396,loungewear
4396,boho
4396,paisley
4396,collared
4397,pajama-set
4397,loungewear
4397,boho
4397,summer
4397,ruffled
4398,pajama-set
4398,loungewear
4398,ribbed-knit
4399,pajama-set
4399,loungewear
4399,summer
4399,ribbed-knit
4400,pajama-set
4400,loungewear
4400,animal-print
4401,pajama-set
4401,loungewear
4401,summer
4402,pajama-set
4402,loungewear
4402,long-sleeve
4403,pajama-set
4403,loungewear
4404,pajama-set
4404,loungewear
4405,pajama-set
4405,loungewear
4405,ribbed-knit
4406,pajama-set
4406,loungewear
4406,long-sleeve
4407,pajama-set
4407,loungewear
4408,pajama-set
4408,loungewear
4409,pajama-set
4409,loungewear
4410,pajama-set
4410,loungewear
4411,pants
4411,pointelle
4412,pajamas
4412,loungewear
4412,pointelle
4413,pajama-set
4413,plaid
4414,pajama-set
4414,loungewear
4414,summer
4415,pajamas
4415,loungewear
4415,cotton
4416,pajamas
4416,loungewear
4416,cotton
4417,pajamas
4417,loungewear
4417,cotton
4417,pointelle
4418,pajamas
4418,loungewear
4418,cotton
4418,poplin
4419,pajamas
4419,loungewear
4419,pinstriped
4419,lyocell
4420,pajamas
4420,loungewear
4420,jersey
4421,pajamas
4421,loungewear
4421,modal
4422,pajamas
4422,loungewear
4422,summer
4423,pajamas
4423,loungewear
4423,jersey
4423,pointelle
4424,pajamas
4424,loungewear
4424,pointelle
4425,pajamas
4425,loungewear
4425,satin
4426,pajamas
4426,loungewear
4427,pajamas
4427,loungewear
4427,viscose
4428,pajamas
4428,loungewear
4429,pajamas
4429,loungewear
4429,summer
4429,jersey
4430,pajama-set
4430,loungewear
4430,long-sleeve
4431,pajama-set
4431,loungewear
4431,plaid
4432,pajama-set
4432,loungewear
4432,jersey
4433,pajama-set
4433,loungewear
4434,pajama-set
4434,loungewear
4435,pajama-set
4435,loungewear
4436,pajama-set
4436,loungewear
4436,satin
4436,v-neck
4437,pajama-set
4437,loungewear
4437,summer
4437,printed
4437,short-sleeve
4438,pajama-set
4438,loungewear
4438,summer
4438,short-sleeve
4439,pajama-set
4439,loungewear
4440,pajama-set
4440,loungewear
4440,printed
4440,jersey
4440,knit
4441,pajamas
4441,loungewear
4441,brown
4441,jersey
4442,pajamas
4442,loungewear
4442,blue
4442,checkered
4442,cotton
4443,pajamas
4443,loungewear
4443,viscose
4444,pajamas
4444,loungewear
4444,striped
4444,cotton
4445,pajama-set
4445,loungewear
4445,cotton
4445,poplin
4446,pajama-set
4446,loungewear
4446,poplin
4447,pajama-set
4447,loungewear
4447,basics
4447,cotton
4448,pajamas
4448,loungewear
4449,pajama-set
4449,loungewear
4449,summer
4449,short-sleeve
4449,v-neck
4450,pants
4450,silk
4450,high-rise
4451,pajama-set
4451,loungewear
4451,multicolor
4452,pajama-set
4452,loungewear
4452,floral
4453,pajama-set
4453,loungewear
4453,cotton
4454,pajama-set
4454,loungewear
4455,pajama-set
4455,loungewear
4455,cotton
4455,knit
4455,pockets
4456,pajamas
4456,loungewear
4456,basics
4456,cotton
4457,pajamas
4457,loungewear
4457,basics
4457,cotton
4458,pajama-set
4458,loungewear
4458,summer
4458,cotton
4458,linen
4459,pajama-set
4459,loungewear
4459,streetwear
4459,navy
4459,graphic-print
4460,pajamas
4460,loungewear
4460,navy
4460,poplin
4460,high-rise
4461,pajama-set
4461,loungewear
4461,navy
4461,poplin
4462,pants
4462,navy
4462,jersey
4462,knit
4463,pants
4463,navy
4463,jersey
4463,knit
4464,pajama-set
4464,summer
4464,navy
4464,jersey
4464,knit
4465,pajama-set
4465,loungewear
4465,silk
4465,satin
4466,pajama-set
4466,loungewear
4466,collared
4467,pajama-set
4467,loungewear
4467,modal
4467,knit
4468,pajama-set
4468,loungewear
4468,summer
4468,white
4468,lace
4468,v-neck
4469,pajamas
4469,loungewear
4469,pullover
4470,pajamas
4470,loungewear
4470,floral
4470,cotton
4471,pajama-set
4471,loungewear
4471,wide-leg
4472,pajama-set
4472,loungewear
4472,summer
4472,short-sleeve
4473,pajama-set
4473,loungewear
4474,pajama-set
4474,loungewear
4474,pink
4474,pointelle
4475,pajama-set
4475,loungewear
4475,pink
4476,pajama-set
4476,loungewear
4476,knit
4476,long-sleeve
4477,pajama-set
4477,loungewear
4477,poplin
4478,pajama-set
4478,loungewear
4478,pink
4478,jersey
4478,long-sleeve
4479,pajama-set
4479,loungewear
4479,printed
4479,cotton
4480,pajama-set
4480,loungewear
4480,animal-print
4480,cotton
4481,pajamas
4481,loungewear
4482,pajama-set
4482,loungewear
4482,athleisure
4482,scoop-neck
4483,pants
4483,printed
4483,long-sleeve
4484,pajama-set
4484,loungewear
4484,summer
4484,silk
4485,pajama-set
4485,loungewear
4485,summer
4486,pajama-set
4486,loungewear
4487,button-up-shirt
4487,long-sleeve
4487,button-front
4488,pajama-set
4488,loungewear
4488,ribbed-knit
4488,mini
4489,pajama-set
4489,loungewear
4490,pajama-set
4490,loungewear
4491,pajamas
4491,loungewear
4491,ankle-length
4492,pajamas
4492,loungewear
4492,cropped
4493,pajamas
4493,loungewear
4493,cropped
4494,pajamas
4494,loungewear
4494,summer
4494,short-sleeve
4494,button-front
4495,pajamas
4495,loungewear
4495,summer
4495,short-sleeve
4496,pajamas
4496,loungewear
4496,summer
4496,lace
4497,pajama-set
4497,loungewear
4497,satin
4498,pajamas
4498,loungewear
4498,summer
4498,tie-front
4499,pajama-set
4499,loungewear
4500,pajama-set
4500,loungewear
4500,long-sleeve
4501,pajama-set
4501,loungewear
4501,floral
4502,pajamas
4502,loungewear
4503,pajamas
4503,loungewear
4503,cotton
4504,pajamas
4504,loungewear
4504,cotton
4505,pajamas
4505,casual
4505,loungewear
4505,plaid
4506,pajama-set
4506,loungewear
4506,satin
4507,pajama-set
4507,loungewear
4507,modal
4508,pajama-set
4508,loungewear
4509,pajama-set
4509,loungewear
4509,retro
4509,cotton
4510,pajama-set
4510,loungewear
4510,modal
4511,pajama-set
4511,loungewear
4511,cotton
4511,modal
4512,pajama-set
4512,loungewear
4512,summer
4512,printed
4512,short-sleeve
4513,pajama-set
4513,loungewear
4513,satin
4514,pants
4514,pink
4515,pajamas
4515,loungewear
4515,summer
4515,pink
4516,pajama-set
4516,loungewear
4517,pajama-set
4517,loungewear
4517,cotton
4517,down
4517,button-front
4518,pajama-set
4518,loungewear
4518,knit
4518,long-sleeve
4518,stretch
4519,pajama-set
4519,loungewear
4519,blue
4519,collared
4520,pajama-set
4520,loungewear
4520,floral
4520,collared
4521,pajama-set
4521,loungewear
4521,collared
4522,pajama-set
4522,loungewear
4523,pajama-set
4523,loungewear
4523,boho
4523,paisley
4524,pajama-set
4524,loungewear
4524,floral
4525,pajama-set
4525,loungewear
4526,pajama-set
4526,loungewear
4527,pajamas
4527,loungewear
4528,pajama-set
4528,loungewear
4528,floral
4529,pajama-set
4529,loungewear
4530,pajama-set
4530,lavender
4531,pajama-set
4531,loungewear
4531,poplin
4532,pajama-set
4532,loungewear
4532,summer
4532,burgundy
4532,satin
4532,lace
4533,pajama-set
4533,loungewear
4533,summer
4533,silk
4533,lace
4534,pajama-set
4534,loungewear
4534,silk
4535,pajama-set
4535,loungewear
4535,summer
4535,silk
4536,pants
4536,blue
4536,green
4536,striped
4536,cotton
4536,modal
4537,pajama-set
4537,loungewear
4537,striped
4538,pajama-set
4538,loungewear
4539,pajama-set
4539,loungewear
4539,animal-print
4540,pajama-set
4540,loungewear
4541,pajama-set
4541,loungewear
4541,knit
4541,long-sleeve
4542,pajama-set
4542,loungewear
4542,loose-fit
4542,v-neck
4543,pajamas
4543,loungewear
4543,summer
4543,short-sleeve
