item_id,x,y
1,-1.532043,4.8904676
2,-2.1210046,4.2392907
3,-0.98945475,8.178396
4,-3.2906363,2.7048087
5,-2.413146,3.293015
6,-2.116224,4.4750113
7,-0.6558993,6.1351304
8,-1.6427653,4.635665
9,-1.3274369,5.232833
10,-2.3218155,3.3371477
11,-2.6897523,3.4229572
12,-1.8699514,3.5156028
13,-1.5057772,4.070087
14,-0.80199814,0.1462408
15,-2.6848824,3.7353227
16,-2.3858254,3.9730866
17,-1.6937534,4.8456435
18,-2.635269,3.685106
19,-1.721254,4.8044095
20,-2.6409905,3.7244132
21,-2.6924832,3.8296428
22,-2.68745,4.4604564
23,-2.5860417,3.7021015
24,-2.3183784,3.4806616
25,-2.6358833,3.8249762
26,-3.179464,4.1364355
27,-2.6134193,3.7598243
28,-2.166046,4.09408
29,-1.1229935,2.926692
30,-2.0338275,4.3180385
31,-2.8795433,4.0845356
32,-1.1749309,4.5117292
33,0.4428624,5.7709246
34,-0.29511654,6.1480093
35,0.24153751,5.7499094
36,-0.321948,6.174925
37,-0.61764866,6.8756685
38,-1.0279051,6.0759063
39,-2.5270827,4.1177354
40,-0.39659137,5.9084406
41,-2.0255158,4.338523
42,-0.45978042,6.122313
43,-0.38176587,6.4087534
44,-0.30939046,6.1726413
45,-0.22954856,6.1274605
46,-1.2578284,8.536947
47,0.57966876,5.7989297
48,0.5704073,5.7406216
49,-1.7795826,4.619749
50,-2.5235538,0.73576033
51,-1.297231,2.7024915
52,-3.680495,4.4295974
53,-2.2682447,3.3810983
54,-3.45238,4.358769
55,-2.4548867,3.7890906
56,-2.6501107,1.3593434
57,-2.2093616,4.535958
58,-2.374689,1.4011865
59,-2.1801004,3.6728895
60,-2.3245347,3.311329
61,-2.3904998,3.420547
62,-1.6893069,4.003993
63,-2.2191978,3.966532
64,-2.178715,2.8884592
65,-2.7430925,1.4776734
66,-3.856905,4.488075
67,-2.2286384,3.2371047
68,-2.698491,1.3286295
69,-2.3536987,0.5672915
70,-2.1681507,2.957786
71,-2.6165574,2.1004033
72,-2.677245,1.324045
73,-2.7035298,1.3885235
74,-2.3505862,1.0835598
75,-2.325692,3.3584108
76,-1.6691647,4.937819
77,-2.4337337,2.4033566
78,-0.47907317,6.038442
79,-0.3643463,7.5558224
80,-2.273259,3.4256682
81,-1.5526898,4.057036
82,-2.9150915,2.6149497
83,-1.8116683,4.0856757
84,-2.2449276,4.272581
85,-2.1519377,4.0347223
86,0.60837656,5.731229
87,-0.07609756,5.717151
88,-2.8511193,4.529442
89,-2.1795542,5.413755
90,-2.3270419,3.7462902
91,-2.5731802,4.2347674
92,-2.8568492,5.2281995
93,-2.4925673,4.494342
94,-3.0808208,5.3702817
95,2.707396,5.68452
96,-3.087085,5.699194
97,-1.2948338,6.3795533
98,-2.7611682,4.732007
99,-1.5598493,8.266559
100,-1.8006703,4.5496545
101,-0.8679141,2.3786006
102,-0.60074615,6.443405
103,-0.24552712,6.123888
104,0.01943322,5.625833
105,0.046949573,3.1581943
106,-2.8553054,4.654164
107,-1.7317245,4.689148
108,-1.5067341,5.4718447
109,-3.0396175,3.8864322
110,-3.3120134,3.8449783
111,-3.2044609,3.8353157
112,-3.1195254,3.5530288
113,-3.811206,3.8713803
114,-3.661942,3.621429
115,-3.1752822,3.8048084
116,-2.9722238,2.3218367
117,-1.686909,4.7155523
118,-1.5557715,5.529731
119,-2.6643212,3.8321433
120,-1.326434,8.70774
121,-2.676421,4.037433
122,-2.6636086,3.8011987
123,-3.0685372,3.7935922
124,-3.2833517,3.8919954
125,0.04799153,5.568041
126,-1.7948463,4.665715
127,0.3242096,5.6074443
128,-1.3635386,8.491612
129,0.04334434,3.1189673
130,-2.8979075,4.0439644
131,-0.01732587,3.0658586
133,-0.21062429,6.1286306
134,-2.6992579,3.6852992
135,-2.1348736,3.9733584
136,-2.8589756,4.1226997
137,-1.7949233,3.977538
138,-2.3164833,3.8630233
139,-2.7500398,3.7967193
140,-2.4543264,4.0561953
141,-2.2339196,3.9412618
142,-1.2031922,0.105954796
143,-2.4225166,4.510984
144,-2.0306728,4.254475
145,-2.4516244,3.8603926
146,-2.4349911,3.9229393
147,-1.4187262,5.06002
148,0.42225567,5.6668396
149,-0.33673474,2.524759
150,-2.5323098,3.131649
151,-2.2435665,3.345416
152,-0.25112417,10.013887
153,-1.3287206,8.825805
154,-0.92133826,2.9262977
155,-1.698376,4.105014
156,-1.8402795,4.7134633
157,-1.6874309,4.634043
158,0.08950632,5.675783
159,-1.5118,4.7028155
160,-0.9056073,5.981662
161,-2.0155592,3.6799104
162,-1.1543087,8.023561
163,-0.7022654,6.98481
164,-1.0997874,8.041598
165,-3.0999632,4.152552
166,-2.7570443,3.9074795
167,-3.5865624,4.183818
168,-2.7156875,4.3147764
169,-2.6942585,4.0385246
170,-2.4487169,4.162987
171,0.23950085,5.687051
172,-0.5932308,6.7516265
173,-1.9018081,4.2803736
174,-2.8709095,3.7503843
175,-2.8647873,4.078069
176,-0.8469145,5.968587
177,-2.8035483,3.9507594
178,-2.155518,2.9139814
179,-3.6352544,4.425269
180,-1.8109545,4.692705
181,-2.1713455,4.349696
182,-1.5526155,4.8426824
183,-2.052027,5.7523565
184,-1.2943156,5.986442
185,-2.988355,3.5101225
186,-1.5220774,5.0558968
187,-0.53232694,6.0617785
188,-1.55301,5.1621404
189,-1.801777,4.590945
190,-0.04516304,5.4741225
191,0.10923126,5.4896483
192,-0.0846697,6.0901327
193,-0.69800544,9.008692
194,2.8242555,8.43918
195,-0.91286075,8.120648
196,-0.5208058,8.840633
197,-0.36612046,7.7373457
198,2.2141268,11.092244
199,2.568237,8.457966
200,3.2122092,8.801203
201,-3.2785947,3.0317547
202,-0.23709805,7.999731
203,-0.69051474,7.333667
204,0.010096435,8.0029335
205,-0.8195439,6.885346
206,-0.2656722,7.9423475
207,0.18726364,8.28618
208,-0.07163909,8.056629
209,-4.608841,2.7859166
210,-3.6181028,2.5280256
211,-2.5370107,2.2898808
212,-3.1685128,2.698748
213,3.091773,8.648085
214,3.1666484,8.63507
215,-1.2268095,7.5499234
216,2.7454572,8.378462
217,2.8012717,8.318202
218,3.174536,8.528049
219,3.3519456,11.971767
220,-4.217966,3.284382
221,-2.7420902,2.9889474
222,-1.2542661,9.055296
223,0.2127268,7.776663
224,2.7525349,8.460082
225,1.4629991,8.704266
226,3.17651,8.5648
227,3.1189024,8.53552
228,3.195266,8.573209
229,2.8111072,8.456611
230,3.2190235,8.637243
231,3.1124692,8.56727
232,3.0652025,8.551837
233,4.7125163,7.181271
234,4.6836786,7.1726875
235,4.730326,7.1710176
236,4.715633,7.178159
237,4.71684,7.1820135
238,4.704054,7.1825476
239,4.7136455,7.1833105
240,4.7025385,7.186014
241,4.71901,7.1799073
242,4.6866117,7.193065
243,2.9814668,8.438126
244,1.569413,11.4500885
245,1.7387023,11.136958
246,3.1616867,8.568682
247,-1.3380661,8.865373
248,3.4029963,11.411031
249,3.3986423,11.417912
250,-0.29746357,10.015193
251,-0.034323715,8.325251
252,-0.62007165,8.662652
253,3.083462,8.56841
254,3.1485438,8.52499
255,2.8910873,8.361616
256,3.139775,8.543619
257,3.1382318,8.598433
258,3.1011972,8.459341
259,3.0176046,8.409575
260,3.149585,8.539947
261,2.9922907,8.410548
262,-0.47980618,8.891295
263,2.676638,8.475594
264,-0.46869406,8.933035
265,3.193142,8.507961
266,2.9944541,9.001986
267,3.160011,8.87265
268,2.9542742,9.13496
269,2.896454,9.155097
270,2.8790455,9.071175
271,-0.078667395,7.6544943
272,-2.4976127,5.3462167
273,-4.345804,3.0762718
274,-3.1968622,2.286207
275,-2.637857,4.4488754
276,3.0231307,8.862082
277,2.7362747,10.323293
278,2.2729917,8.887109
279,-3.0072012,6.159184
280,-0.42266816,7.0673757
281,-0.71972543,6.746353
282,-0.22942777,7.839183
283,-1.4412373,8.426628
284,2.6113183,10.846011
285,-0.06506485,8.089085
286,0.24794258,9.856839
287,2.6888852,10.901285
288,3.1440616,8.510386
289,3.1332593,8.548304
290,4.716528,7.1811156
291,-0.12666018,8.127847
292,-0.10680293,7.9965596
293,-3.5880852,2.3839397
294,2.6908402,10.48859
295,-4.0817494,3.4485197
296,-3.3214338,2.592395
297,3.1575742,11.87659
298,3.5074465,9.554263
299,-0.18248814,9.238842
300,-0.122553825,9.273864
301,-0.610704,8.446978
302,-0.88285977,8.222289
303,-0.045608416,9.226691
304,-3.8962214,3.1519158
305,-5.1959105,3.1671865
306,-3.439556,2.5730765
307,3.1627648,8.597123
308,-0.020722741,8.27531
309,-0.16650362,7.9063163
310,0.54030144,8.824009
311,0.3854094,8.02848
312,3.0471542,8.589998
313,3.0804555,8.946051
314,-0.62620264,8.737174
315,-3.065159,2.1998873
316,-3.7255342,2.8890626
317,-3.392724,2.4585917
318,-3.5306482,3.364668
319,-1.0398723,8.604363
320,2.1955895,11.170494
321,1.4012866,11.868164
322,2.159105,11.151138
323,3.2305548,8.678365
324,3.1911106,8.4907465
325,3.279305,8.822707
326,3.046702,9.042521
327,3.0485017,9.095516
328,-0.23604868,4.646862
329,-0.29264608,4.608128
330,-0.25012127,4.638583
331,3.018981,8.941737
332,-0.5410909,8.989547
333,2.828209,8.398576
334,0.09089759,9.251565
335,0.48146057,8.454575
336,-0.91908807,8.362015
337,-1.0007751,8.328809
338,-1.3368211,8.358469
339,-0.17443097,7.8345695
340,-0.20974395,8.0295925
341,-0.851179,8.54761
342,3.1913345,11.87614
343,3.2981355,11.910823
344,-0.59732485,7.737968
345,-3.3859363,2.7064164
346,3.1110349,8.617121
347,-0.5205352,7.855052
348,-0.38634837,7.8251877
349,-0.45803675,7.7467127
350,-3.1637743,1.3991467
351,-2.7677436,1.9150603
352,-2.32892,2.2122998
353,-2.8413167,2.3176053
354,-1.3668833,2.1354847
355,-0.4812655,2.3910182
356,-1.8828844,0.528416
357,0.09815753,7.003637
358,-0.34853193,7.8510795
359,-2.5775774,2.2434194
360,-2.212171,2.4154804
361,-2.5732925,2.237405
362,-2.3585281,2.3656356
363,-2.298854,2.366417
364,-2.3704991,2.3666193
365,-2.5699568,2.257413
366,-2.3158476,2.4924178
367,-2.3627167,2.394683
368,-4.0608544,5.4599566
369,-1.9673414,1.7079722
370,-0.9540964,4.778145
371,-3.0669591,3.2191155
372,1.583246,5.8391256
373,-2.0679588,2.5999267
374,0.25289962,6.940761
375,-1.230288,6.5281115
376,0.21637765,6.976164
377,-2.1089816,2.572071
378,0.1603145,6.90679
379,-0.61914766,7.286962
380,1.2647601,5.7177052
381,0.25959373,6.9247155
382,2.9494982,5.864928
383,0.09097409,6.8034782
384,0.21290024,7.0537343
385,-2.4510992,3.51048
386,0.17319064,6.9003263
387,-0.86945003,4.908798
388,-0.65215343,3.5475934
389,-2.023272,1.6532205
390,-2.1805625,2.3472
391,-1.9816374,5.796504
392,-0.5546245,7.0746875
393,-0.23719624,6.652843
394,-0.13048679,6.8290815
395,-0.68071014,8.441287
396,0.33037204,6.8160033
397,-2.4597266,0.6436363
398,-2.2447674,2.912768
399,-2.9873033,1.3157412
400,-2.606927,0.5960353
401,-2.5898304,1.8960996
402,-2.0349286,4.608934
403,-2.2909992,1.6755589
404,-2.3356245,1.5634851
405,-2.4225295,2.2361994
406,-1.0751122,0.0010066758
407,-2.4817498,0.5785343
408,-2.2826178,2.2987313
409,-2.6479607,0.91374606
410,-1.8991868,5.9197536
411,-2.4790304,1.1321527
412,-2.3342276,1.8877972
413,-2.292118,1.7335775
414,-2.1520767,2.4665587
415,-2.1743715,2.4333456
416,-0.3491086,7.827783
417,-0.4500749,7.8189917
418,-2.6092215,1.2861477
419,0.28161335,6.7454796
420,0.3679482,6.729521
421,0.11715022,6.80833
422,-3.2805307,2.3473768
423,-3.0020285,2.112953
424,3.1437314,6.006485
425,-2.215631,4.8099856
426,0.073079936,6.9003677
427,0.16411866,8.152799
428,-0.23688206,7.692432
429,1.3864887,5.7500143
430,-0.24535027,7.996203
431,-3.4211917,2.6933377
432,1.5831097,5.857747
433,-2.248744,1.7963417
434,-2.7902353,2.0196342
435,-4.3540664,2.2112076
436,1.2990515,5.743866
437,-1.954698,-0.14401978
438,-2.8578947,2.7641604
439,0.17484389,6.9520755
440,0.18620792,6.9705873
441,-2.7843988,3.5941157
442,-2.5421617,2.3507385
443,-3.590429,3.7712932
444,-3.067637,2.4835265
445,0.26468843,6.964373
446,-0.6388022,7.3913474
447,0.24626705,6.9340267
448,0.18115622,6.91396
449,0.1760922,7.0017605
450,-1.9670433,-0.221398
451,-0.5836964,7.9741077
452,0.30581662,6.7757034
453,0.33944228,6.849622
454,0.35023966,6.841573
455,0.41093758,6.683847
456,0.36799183,6.8298492
457,0.35246125,6.4971085
458,-1.8526217,1.4409745
459,-1.904042,-0.28027475
460,0.22623774,6.9668317
461,-2.7553427,2.8935025
462,-3.0872788,3.139517
463,-2.0063837,2.0446742
464,-2.461437,3.8160946
465,0.25479516,6.9621863
466,0.21282545,6.9989505
467,1.3363407,5.753993
468,0.25330526,6.9160733
469,1.3101197,5.718854
470,1.3085093,5.738672
471,0.3075113,6.8317785
472,0.44232777,5.8354125
473,0.34936026,5.834218
474,0.18913096,5.8583193
475,0.09315428,6.805896
476,0.24178874,6.9346824
477,0.20064631,6.845361
478,0.19903444,6.860659
479,-2.3397136,2.364275
480,1.3659172,5.746625
481,-2.4724941,3.2691436
482,-0.5654952,7.4813976
483,-2.2758782,2.3124516
484,0.21836938,9.817503
485,0.29774675,6.7562914
486,0.36906132,6.53592
487,0.25693372,6.981881
488,-2.1739028,2.2293823
489,1.2711421,5.7837396
490,-1.6489512,4.610044
491,0.41587177,6.8182087
492,-0.48323444,7.8920865
493,1.911464,5.8566957
494,2.9088948,5.835885
495,1.3990483,5.767141
496,-0.46636963,2.2281618
498,-3.7804081,3.855799
499,0.1426749,6.805954
500,0.15499644,6.867177
501,0.28101453,6.890479
502,1.0672011,8.592403
503,1.3933017,8.383107
504,2.0047622,8.377948
505,-0.62551886,8.241254
506,1.8669292,8.265324
507,0.15284288,7.9196663
508,-4.2194653,3.107426
509,1.9084285,8.450003
510,1.5185488,8.570221
511,1.4546068,8.340399
512,0.39321694,8.136352
513,0.5085135,8.098846
514,0.39057434,8.0584345
515,0.59297293,8.055511
516,0.5124881,8.0863285
517,0.59050316,8.2533045
518,0.16383949,8.108022
519,-0.7539762,7.219676
520,1.8096348,8.396272
521,-4.4377837,2.3953836
522,1.0386945,9.413935
523,1.9520047,8.121486
524,0.72943217,8.0283985
525,1.7140032,8.376371
526,0.5978172,9.08089
527,2.0639746,8.530396
528,-3.6518617,1.1853825
529,-0.23212078,7.957404
530,1.7983373,8.219165
531,1.6249135,8.336801
532,1.6251316,8.423774
533,1.4447815,8.548799
534,1.5639447,8.534666
535,1.5944587,8.441373
536,1.7524455,8.273404
537,1.8072691,8.2942505
538,1.3313134,8.314859
539,1.1442235,8.426538
540,0.011759694,8.227197
541,1.9243282,8.372535
542,1.6922854,8.389047
543,1.3371046,8.296545
544,-1.0368227,4.3547077
545,-0.54778564,4.5944896
546,1.9641758,8.411936
547,0.7408847,8.990102
548,-1.0850679,6.4642997
549,-0.3811941,7.2904263
550,4.683805,7.152216
551,4.688098,7.164142
552,1.772454,8.074702
553,1.6504738,8.357275
554,1.8687565,8.169279
555,1.6515334,8.346318
556,0.659955,8.046657
557,-1.0956949,4.450233
558,-0.9934569,5.346913
559,1.6820315,8.231743
560,-0.27469936,4.7191763
561,-0.47745508,4.51921
562,-0.51142263,4.793352
563,-0.45293203,4.7552304
564,-0.5138693,4.66369
565,-0.63129425,4.493284
566,-0.5121256,4.619307
567,-0.552982,4.5173693
568,-4.056945,2.5190701
569,-0.4573103,4.642438
570,-0.44166955,4.764416
571,-0.4664251,4.7766814
572,-1.1379178,4.410988
573,1.9581491,8.353067
574,0.8588357,8.386322
575,1.6363828,8.343939
576,0.94356626,8.380296
577,-0.10926864,8.270295
578,0.9699534,8.246651
579,0.9683745,8.357051
580,1.1688844,8.205146
581,-3.7199168,1.245703
582,-3.6562264,1.173592
583,1.9143987,8.329086
584,1.8353308,8.250656
585,1.8863491,8.27929
586,1.4371854,9.407046
587,-1.1566685,4.1355295
588,0.1700757,7.935873
589,-0.9565558,4.556892
590,-1.2254984,4.1959224
591,1.7989839,8.363244
592,0.87151617,8.387555
593,1.6028119,8.337553
594,1.2203126,8.322797
595,1.6636854,8.324799
596,4.6877046,7.148593
597,1.2822485,8.43682
598,1.9555721,8.226483
599,-1.316247,4.144743
600,0.71646196,8.096533
601,1.7832059,8.474588
602,0.40759033,7.966898
603,-0.63644886,8.106245
604,-1.1523054,7.0148287
605,4.659009,7.1575418
606,1.334347,8.297641
607,0.39923418,8.124038
608,0.7699324,8.202
609,0.67492133,8.684482
610,1.626166,8.334052
611,1.8327934,8.288708
612,-4.3251843,2.3261588
613,0.43530303,7.990729
614,0.43276396,8.0751915
615,-0.3570963,4.815559
616,0.35960093,8.057366
617,1.935027,8.398327
618,-4.653757,2.783138
619,-4.4101634,3.2090816
620,-4.418893,3.28864
621,-4.4459953,2.9401348
622,-0.4907896,4.501532
623,2.0122135,8.47426
624,-1.3048104,0.017810252
625,1.7287786,8.306159
626,0.8160526,8.7248955
627,1.4928675,8.209365
628,1.4574109,8.126154
629,1.9348243,8.125205
630,1.8889623,8.218581
631,0.24511983,8.166006
632,-0.41660523,4.7930765
633,1.7454451,8.26769
634,1.9075835,8.192884
635,-0.56763685,7.378087
636,1.8637005,8.198539
637,-0.42554986,4.784527
638,-0.17684394,7.8421926
639,0.440818,8.151531
640,0.45843834,8.051879
641,-0.43388623,7.941052
642,0.61720544,8.145221
643,1.4236529,7.935882
644,1.2858367,8.441698
645,-0.65853345,6.231734
646,0.75778735,8.2350235
647,0.7604652,8.661637
648,1.7009407,8.26458
649,0.63262933,8.702644
650,0.20707452,8.224793
651,-3.7072673,1.2201579
652,-0.47214627,4.6153555
653,-0.3948532,7.984457
654,-4.490331,4.3277054
655,1.8530413,8.39413
656,0.81722224,9.125559
657,0.27410513,8.149286
658,0.89447755,8.251887
659,1.7387477,8.276227
660,-0.52427745,4.511916
661,0.9503742,8.240412
662,1.1427268,8.288117
663,1.7796812,8.097652
664,0.8409289,8.183263
665,1.9779685,8.352245
666,1.8848225,8.179557
667,1.6987675,8.261142
668,-0.3721312,4.667755
669,2.0007885,10.39244
670,1.8679954,8.216431
671,1.4931251,8.434495
672,0.71606517,8.069325
673,0.4354463,8.125869
674,1.6665539,9.42564
675,-2.8475873,2.7378275
676,0.003980874,8.247505
677,0.86993706,8.220335
678,1.5930384,8.202697
679,1.7836746,8.34937
680,1.7211467,8.341279
681,0.3593476,8.008942
682,0.28469273,8.056797
683,-3.676976,1.2318988
684,2.021219,8.49797
685,1.8363585,8.083501
686,1.9904201,8.432807
687,-2.843663,3.4932017
688,-0.4658674,4.5579257
689,2.0101388,8.390297
690,-0.46772513,4.6158247
691,2.057487,8.528153
692,1.8958436,8.237604
693,1.779125,8.28597
694,12.994044,3.403047
695,13.1626835,3.3603463
696,13.0545635,3.311335
697,13.068852,3.284946
698,13.096207,3.323214
699,12.96306,3.2745054
700,13.440914,3.7387128
701,11.784812,1.1241987
702,13.305609,3.4769459
703,12.521395,2.5329018
704,12.536133,2.5505068
705,13.2718935,3.5115783
706,13.4280205,3.6904204
707,11.840801,0.9657969
708,12.899712,3.2004857
709,13.669931,3.7493286
710,13.205745,3.554178
711,12.51649,2.5285542
712,12.555752,2.569329
713,13.524556,3.5867891
714,13.123743,3.4449344
715,13.358522,3.3719416
716,13.38235,3.4402595
717,13.451208,3.567757
718,13.451525,3.6043255
719,12.930935,3.206842
720,12.87696,3.1864088
721,12.886375,3.2029269
722,12.936174,3.2183168
723,12.906918,3.2344189
724,3.0261512,5.9259663
725,12.036682,2.177691
726,12.137571,1.5724549
727,12.101084,1.7368075
728,12.943338,3.199699
729,12.53197,2.517037
730,11.979192,1.875751
731,12.567687,2.5773194
732,13.124095,3.4609075
733,13.003,3.3489826
734,12.746489,2.9358613
735,12.566149,2.5893362
736,13.265537,3.4085112
737,12.515478,2.4778395
738,13.710077,3.728562
739,13.740662,3.7248054
740,13.728777,3.763158
741,13.75255,3.7319472
742,13.760054,3.7586117
743,12.528207,2.5475366
744,13.457937,3.6283
745,13.192379,3.320476
746,12.081523,2.002045
747,12.147113,1.720636
748,12.047828,1.5903456
749,12.073402,1.3297594
750,11.851522,1.1616094
751,13.015029,3.2022123
752,13.508882,3.5461366
753,13.549798,3.6428754
754,11.888387,1.8306508
755,12.332571,2.3126657
756,13.246416,3.4247174
757,13.048546,3.5714266
758,12.53882,2.5518122
759,13.274238,3.6917827
760,13.289744,3.4511788
761,13.294296,3.7144501
762,13.622149,3.722284
763,13.730692,3.7749503
764,13.718746,3.5864651
765,13.786271,3.6001716
766,12.215377,2.2442513
767,12.078466,1.846959
768,11.918092,1.6021658
769,12.30581,2.0409024
770,13.489863,4.2056937
771,13.509968,4.1738195
772,13.504429,4.212771
773,13.486962,4.0560164
774,13.479277,4.20575
775,13.308726,3.4582088
776,13.472867,4.184967
777,13.485113,4.189441
778,13.485928,4.1983013
779,13.49709,4.195877
780,13.536413,4.0534377
781,13.270967,3.4416232
782,13.38399,3.6768756
783,13.502715,4.0807257
784,13.506597,3.9170294
785,13.498871,4.1956615
786,13.493593,4.2026653
787,13.484533,4.2236357
788,13.481696,4.198241
789,13.461934,4.010839
790,13.486419,4.1913724
791,13.048557,3.5619845
792,13.269165,3.7402344
793,13.369172,3.7336812
794,13.270462,3.7313073
795,13.307497,3.6127393
796,13.432964,3.6247706
797,13.280247,3.7149837
798,13.424111,3.6267858
799,13.567177,3.7205522
800,13.506,3.7138164
801,13.069275,3.5422146
802,13.068252,3.5773203
803,13.130984,3.622458
804,13.046641,3.5142338
805,13.066152,3.586757
806,13.30836,3.5085883
807,13.373021,3.6958885
808,13.429016,3.674803
809,13.545785,3.6337798
810,13.593681,3.670528
811,13.196056,3.6626894
812,13.491931,3.7114112
813,13.004976,3.5126545
814,13.02308,3.4349766
815,12.967521,3.3470583
816,12.40357,2.416866
817,11.763556,1.9333463
818,11.853241,2.0257928
819,11.7453985,1.9713885
820,13.750675,3.5650818
821,13.680941,3.5601583
822,13.6818285,3.4849555
823,13.696668,3.598213
824,13.718969,3.5607529
825,13.694665,3.5809257
826,13.710499,3.5604463
827,13.6685505,3.5493388
828,13.727857,3.5786736
829,13.785009,3.5826635
830,13.788471,3.5618024
831,13.781107,3.5541358
832,13.451261,3.4657416
833,13.71254,3.7017188
834,13.348017,3.4971259
835,13.426668,3.5934975
836,13.024,3.4374378
837,13.331559,3.7445977
838,13.48907,3.4491353
839,12.654418,2.6960561
840,13.146386,3.3478975
841,13.47255,3.4888494
842,12.100077,1.5179796
843,11.356904,1.1452702
844,13.4072075,3.7468903
845,13.314664,3.5559783
846,13.680326,3.6709769
847,12.046651,1.2257237
848,12.195468,1.9998947
849,13.049021,3.2956607
850,13.39203,3.4217794
851,13.563411,3.536409
852,12.949869,3.235496
853,12.912586,3.2148235
854,13.362817,3.5660527
855,13.517547,3.3778112
856,12.2434225,2.0371199
857,13.474529,3.5795844
858,12.480147,2.500761
859,13.031892,3.4241579
860,11.886491,1.4469225
861,13.431429,3.6357384
862,12.5643015,2.5605671
863,12.920947,3.3187137
864,12.25075,2.0148437
865,13.309205,3.392872
866,12.192779,1.8715769
867,13.440239,3.7347674
868,13.43656,3.569733
869,13.692841,3.7253575
870,13.422674,3.603304
871,13.4803,3.6191752
872,12.951663,3.3280623
873,12.925569,3.3001058
874,12.977226,3.2236328
875,12.942869,3.295039
876,12.954863,3.3300004
877,13.382067,3.653609
878,13.575201,3.5794516
879,11.656441,1.627465
880,13.264111,3.4643881
881,13.159647,3.3617516
882,13.602536,3.552143
883,2.4348202,10.032931
884,-4.1228414,2.6337802
885,-4.7366624,2.518707
886,-4.7975774,2.4867833
887,-4.061307,3.9507947
888,-4.713966,2.457163
889,-4.7533555,3.4114902
890,-4.87824,3.2268813
891,-4.8033037,3.325614
892,-4.868612,3.207501
893,-1.2214692,2.3467739
894,-4.5052233,2.0943904
895,-5.062975,2.8297293
896,-4.854748,3.4000614
897,-3.590946,2.1750734
898,-4.4096565,2.1821535
899,-4.8340135,2.5530083
900,-4.6734834,2.48161
901,2.5050373,10.182007
902,-2.9999456,4.9353046
903,-4.22913,4.1809235
904,-4.730294,2.800423
905,-4.8389053,2.285544
906,-4.112014,3.2566326
907,-3.5416017,1.6651859
908,-4.733912,2.8531187
909,-4.5554404,2.8227518
910,-4.4268327,3.0576603
911,-4.634056,2.9616888
912,-4.9613566,2.4551973
913,-4.3830385,2.5012057
914,-4.89619,2.5562153
915,-4.986428,2.4315906
916,-3.8376253,3.4228544
917,-2.474622,4.472654
918,-4.7434974,2.3158786
919,0.17094581,6.7873645
920,2.495792,9.954
921,-4.0747313,3.0715516
922,-4.2339206,2.1084187
923,-2.0363588,1.8410032
924,2.0736423,10.614063
925,-4.2684646,2.6589475
926,-3.3997843,1.1263851
927,-3.925466,1.4558704
928,-0.7801675,9.502469
929,-3.3415618,1.2496091
930,-3.5578387,1.2733053
931,-3.861982,1.3674228
932,-0.16575277,7.61791
933,-3.730028,1.5085268
934,-3.545893,1.3569531
935,-3.7329059,1.576658
936,-3.4142294,1.0420194
937,-3.9335465,1.7112904
938,-4.1236997,1.7586199
939,-3.5124946,1.3759024
940,-3.3631153,1.2671889
941,-3.7463958,1.4479827
942,-4.909717,2.4510171
943,-3.44685,1.1421205
944,-4.0449505,1.5645715
945,-3.1720266,1.1629522
946,-3.9531894,1.7691551
947,-3.6505713,1.5674415
948,-3.4297051,1.1386937
949,-4.5139265,1.9368014
950,-3.945129,1.50379
951,-3.774607,6.1382327
952,-3.4814215,1.2171687
953,-3.4270284,1.4239099
954,1.8486265,9.136813
955,-0.7404822,4.502838
956,2.5363781,9.81958
957,1.2479496,8.894939
958,-4.0793657,2.6044936
959,-4.582409,2.6400416
960,-3.8280487,1.8858831
961,-3.9765258,2.4358819
962,-4.464565,2.324261
963,-4.3545985,2.3348384
964,-4.252465,2.0438237
965,-5.2217107,3.0004
966,-2.3800137,5.3333187
967,-4.5674667,2.832514
968,2.5528111,10.018206
969,-3.5614042,2.861681
970,-2.7838967,4.4921045
971,-3.4276757,2.3773687
972,-4.780837,2.9295607
973,-4.908331,2.7419746
974,-2.3663042,5.360117
975,-3.7149143,4.219886
976,-2.5977678,5.0019994
977,-2.2196429,5.576492
978,-4.716507,3.3230102
979,-5.124629,3.2135043
980,-2.663073,4.554534
981,2.382853,10.336806
982,-4.244647,1.9334893
983,-4.749148,2.2664633
984,-4.7310095,2.367264
985,-4.672001,2.1868515
986,2.4298775,10.27197
987,-3.5423114,3.1711335
988,2.1177795,9.997195
989,2.5092483,10.085483
990,-3.081319,4.72025
991,-0.7754034,8.424679
992,-4.8526998,2.674305
993,2.48281,9.7664585
994,2.5586612,9.908385
995,2.5835624,9.869181
996,2.5528235,9.878693
997,-4.030951,1.8676062
998,-4.8413415,2.4043105
999,-4.946422,2.4408286
1000,-4.0300584,2.3062015
1001,-4.7535744,3.1811397
1002,-4.7506013,2.452106
1003,-3.4710076,3.1208751
1004,-4.0490937,3.3378675
1005,-4.3829145,2.794356
1006,-3.6978736,1.9190773
1007,-4.2722926,3.3037643
1008,-4.8446527,2.476752
1009,-3.7994454,1.9712025
1010,-4.867066,2.820136
1011,-4.5694895,2.5012076
1012,-4.8888683,2.5307777
1013,2.4311862,10.105478
1014,2.4247966,10.124
1015,-4.4592376,2.564998
1016,-3.872648,1.9987469
1017,-4.8070307,2.4588661
1018,-3.994698,1.9032143
1019,-4.960028,2.93963
1020,-4.726487,2.327839
1021,-4.7706633,2.5942538
1022,-4.115883,1.8584185
1023,-4.8219595,2.4694633
1024,-4.6910048,2.4987676
1025,-1.2093872,7.4050875
1026,-3.125445,4.7409363
1027,2.4265585,10.100311
1028,-3.4190583,3.5079842
1029,-4.7732983,2.470909
1030,-4.5565605,2.76721
1031,-3.9882865,2.3182337
1032,-3.9006953,1.9269431
1033,0.7533045,8.888234
1034,0.82037026,8.955728
1035,-4.7575903,2.3665266
1036,-4.869208,2.3666131
1037,-4.9421506,2.624829
1038,-4.510542,2.213728
1039,-3.4606445,3.3186765
1040,-4.6562104,2.454407
1041,-4.242771,2.6379447
1042,-4.3110957,3.1696994
1043,-4.794799,2.8202972
1044,0.8888962,8.89595
1045,2.0680141,9.001279
1046,-0.84942967,2.3347785
1047,2.352767,10.380384
1048,-4.7246695,2.4310942
1049,-4.7658286,2.3296144
1050,-3.1462622,3.0092165
1051,-4.5948973,2.4661267
1052,2.4409556,9.933645
1053,-4.679069,2.8604228
1054,-4.872888,2.9891174
1055,-3.8428106,2.8148246
1056,-4.5151277,2.6789393
1057,-4.5915103,2.8028932
1058,1.791085,9.151741
1059,-3.7345767,2.36406
1060,-4.455002,2.1450403
1061,-2.1198673,4.7305913
1062,-4.011008,2.4457273
1063,-4.5338316,2.6652944
1064,2.405032,10.188274
1065,-4.924107,2.5245965
1066,-4.366344,2.5424163
1067,-3.895327,2.9446712
1068,-4.2498527,4.144283
1069,-4.3555074,2.716763
1070,-4.676912,2.8863487
1071,-4.677828,2.9650242
1072,-4.7608733,2.8372357
1073,-4.2940836,1.7444803
1074,2.4236588,9.754199
1075,-4.785032,2.3735673
1076,-4.2814827,5.934469
1077,-3.0026033,6.616007
1078,-3.9048598,4.9910946
1079,1.8284888,9.496144
1080,-4.3384795,6.5686707
1081,1.8221643,9.562064
1082,1.7384552,9.604415
1083,1.9142188,9.704887
1084,1.5013438,9.615948
1085,0.8887455,8.798463
1086,-2.6997006,2.407272
1087,1.3471168,9.853227
1088,1.0127435,9.33483
1089,1.1291885,9.455642
1090,1.15948,9.4276705
1091,0.8958609,9.457942
1092,1.2368417,9.448636
1093,0.57358587,9.949504
1094,1.2520722,9.342293
1095,1.2589929,9.724005
1096,0.9295752,9.674492
1097,1.4575639,9.520258
1098,1.4067124,9.087516
1099,0.8860466,9.710649
1100,-3.8453593,5.4163675
1101,-3.187746,6.4896646
1102,1.2717022,9.327983
1103,1.4915717,9.4999485
1104,0.48835737,9.037739
1105,1.3859667,9.500171
1106,-2.9458404,6.6878123
1107,-4.2351713,2.9063637
1108,0.6896342,8.946876
1109,-2.4332685,5.5065184
1110,1.3432076,9.849775
1111,1.127006,9.75251
1112,1.5330079,9.639303
1113,1.8335177,8.561689
1114,0.7255108,9.148616
1115,-1.1992913,8.840316
1116,-3.8662837,5.4463606
1117,-0.79238063,9.392905
1118,-4.259534,5.1730523
1119,-3.4112463,6.2249746
1120,-0.40376267,8.338141
1121,-1.0377254,9.704293
1122,-0.7125585,8.930997
1123,-0.3722566,8.1736965
1124,-1.2563915,10.129744
1125,-0.9642246,9.705559
1126,1.1998091,9.83536
1127,-0.37020892,8.342784
1128,-0.7559346,8.324256
1129,-1.1180373,9.859806
1130,-0.43317735,8.286934
1131,-3.3548691,0.97238106
1132,-3.6175473,5.4234395
1133,-3.8677912,5.44632
1134,-3.8995113,5.3221784
1135,-3.3683088,5.767825
1136,-3.8224895,5.431266
1137,-3.7882318,4.236235
1138,-3.549267,5.517909
1139,-3.544383,1.1789294
1140,-3.6121683,5.4614215
1141,-3.213707,1.4365648
1142,-3.612523,1.2355199
1143,-3.8415012,5.4304476
1144,-3.5689535,1.1124418
1145,-3.5648649,1.0275872
1146,-3.6078281,5.3569765
1147,-3.3344004,0.9996203
1148,-3.7726314,3.8680124
1149,1.377013,9.703273
1150,-2.9019952,6.720105
1151,-3.3252127,6.057157
1152,-3.0218835,5.915741
1153,-5.1790605,2.9740672
1154,-3.515063,6.2841096
1155,-3.6245475,5.4435034
1156,-3.619326,6.2637196
1157,-2.5585053,5.263364
1158,-1.3399945,6.813323
1159,-4.0951786,5.4559073
1160,-2.8802545,6.7369146
1161,-2.4306347,5.534477
1162,-3.0120978,6.6045465
1163,-3.2688622,6.306913
1164,-4.8486195,3.3215156
1165,-2.9562848,6.6590037
1166,-3.951799,5.2776217
1167,2.5842505,10.298614
1168,2.6591184,10.806376
1169,-2.7122457,4.6173344
1170,-0.70817345,8.093155
1171,-0.42558217,7.984139
1172,0.11524047,7.765218
1173,0.7505005,9.331343
1174,0.74890876,9.2065935
1175,-0.41120204,7.8386183
1176,0.8885367,9.347331
1177,0.6891832,9.1786375
1178,-0.99436575,3.9860964
1179,1.1288116,9.740381
1180,-2.8897932,8.170938
1181,1.0278276,9.473685
1182,-4.045043,6.2649045
1183,-4.274188,6.0292344
1184,1.0484958,9.699446
1185,1.7741817,9.522495
1186,0.7733876,9.799746
1187,-3.7350912,3.715576
1188,-0.12562893,8.189779
1189,-0.59160215,8.525523
1190,1.8734494,9.848978
1191,-3.172598,3.2390678
1192,0.99628985,9.5631895
1193,-0.08547726,8.241783
1194,1.4789948,9.825463
1195,1.3575752,9.790307
1196,1.3757485,9.825937
1197,-2.8552115,6.7509775
1198,1.5695684,9.687164
1199,0.69719124,9.1801605
1200,1.2685306,9.713768
1201,1.3546823,9.827583
1202,1.1823801,9.812554
1203,1.2251871,9.527806
1204,-4.2527,3.3642895
1205,-1.9589429,0.6938266
1206,-0.518388,8.392781
1207,-1.9193538,3.5691864
1208,-3.2524414,3.0815084
1209,-3.9096131,5.289798
1210,-2.557423,3.7814095
1211,-2.9885979,6.644706
1212,1.274802,9.884062
1213,1.3087304,9.838969
1214,0.8877528,9.119639
1215,1.506134,9.587596
1216,1.2312865,9.584162
1217,1.7076167,9.412145
1218,1.3663023,9.82634
1219,1.4558929,9.647046
1220,1.9207085,8.148116
1221,0.7461524,9.640248
1222,1.5109258,9.709128
1223,1.3137394,9.906102
1224,1.3219594,9.915223
1225,1.3154184,9.883207
1226,1.6911699,9.376105
1227,1.3117707,9.919856
1228,-2.9720495,6.664972
1229,1.8619759,9.461725
1230,1.2369701,9.860186
1231,1.2449517,9.856724
1232,1.1717108,9.594987
1233,1.3142463,9.884908
1234,1.2460015,9.891787
1235,1.4379156,9.798269
1236,1.7507846,9.335699
1237,1.6531069,9.569159
1238,1.3145462,9.877901
1239,0.9640659,9.385583
1240,1.3233567,9.861005
1241,1.2804444,9.903585
1242,1.9942026,9.947135
1243,1.2209444,8.45134
1244,1.48968,9.42674
1245,-3.203322,6.5598874
1246,-2.9737132,6.659576
1247,-2.9582815,6.645266
1248,-2.9565527,6.6623583
1249,-2.7499003,6.5685244
1250,-2.8870056,6.6450357
1251,-2.6401086,6.606584
1252,-2.8489466,6.6410303
1253,-2.9696476,6.6488943
1254,-2.9570205,6.6766114
1255,0.014724134,8.344735
1256,1.8424246,9.385764
1257,-0.73115164,8.334404
1258,-3.7676067,4.317725
1259,-3.9460294,5.678203
1260,-3.1058972,1.9518423
1261,-3.894618,4.229537
1262,2.2754462,10.806201
1263,-4.2096233,5.7449794
1264,1.4018598,9.704408
1265,-3.583049,2.323643
1266,2.502794,9.8624325
1267,-3.9366586,4.784331
1268,-4.318763,3.1834412
1269,1.3963516,9.74591
1270,1.4161686,9.857879
1271,1.709064,9.836955
1272,-4.3424473,3.5079024
1273,-1.250473,7.3025336
1274,-0.22412719,10.090939
1275,2.238327,10.206462
1276,1.495248,8.531539
1277,0.21733671,6.995398
1278,1.9705299,8.604863
1279,-1.2031593,-0.68750435
1280,-0.91466326,-0.10066396
1281,1.3579074,5.75412
1282,1.3005685,5.746875
1283,-1.2468388,-0.23263024
1284,-1.1973174,0.07537218
1285,-0.08940242,5.8155966
1286,-1.5091066,-0.6479157
1287,-2.1628323,1.3627408
1288,-2.7232513,1.8900963
1289,-2.4243495,0.70269084
1290,-1.0141418,-0.19966058
1291,2.4562116,8.56574
1292,2.902214,5.8420773
1293,-1.9613686,0.61986464
1294,2.970469,5.866611
1295,1.6673933,8.888698
1296,-1.0093032,-0.1268985
1297,2.7386487,8.862177
1298,3.0396757,5.9543133
1299,-3.8525655,2.8248992
1300,-1.748221,2.0783236
1301,2.8476288,8.436353
1302,-1.5983995,0.057417165
1303,-1.659797,0.03586064
1304,2.0822897,8.388208
1305,-1.9493333,-0.023556175
1306,-1.9813604,0.13256638
1307,-2.5743642,0.6291289
1308,-2.3351629,0.5507676
1309,-2.2937362,1.7771353
1310,-1.7506543,3.8527641
1311,-2.5617473,1.8313981
1312,-0.94812465,-0.067051664
1313,-1.9561015,0.8588052
1314,-4.730273,2.5162845
1315,-2.1910326,1.3307942
1316,-1.6861974,0.060027007
1317,3.9483783,7.319578
1318,3.9128966,7.3008833
1319,3.9440522,7.3294663
1320,3.9518125,7.32405
1321,3.9211009,7.3104076
1322,3.9192014,7.3204684
1323,3.9628968,7.349953
1324,3.9604602,7.340961
1325,3.8340452,7.1828303
1326,3.9340117,7.3412576
1327,3.940943,7.3221703
1328,1.9351631,8.286291
1329,3.9140396,7.352084
1330,3.9176092,7.338072
1331,3.9159474,7.2972684
1332,3.840232,7.2921853
1333,3.9588263,7.347354
1334,3.9266598,7.315148
1335,3.2436912,6.218775
1336,3.85265,7.2580776
1337,3.9392333,7.3269644
1338,3.9519389,7.3134475
1339,3.9353545,7.3246713
1340,3.8388011,7.400894
1341,3.8238647,7.395745
1342,-1.9670242,0.31201562
1343,-2.018787,0.88154745
1344,1.3643396,5.7654414
1345,1.3286113,5.7528396
1346,1.3333342,5.7510614
1347,1.3605479,5.7536016
1348,-1.5753689,-0.5334439
1349,-1.9495846,0.035520177
1350,-1.8546908,0.079789594
1351,-1.1690577,-0.63551
1352,-1.1799031,-0.66398805
1353,-1.1464652,-0.7710204
1354,0.15422298,6.8443894
1355,0.07420906,6.786429
1356,0.62245464,8.908172
1357,-0.52159065,6.050947
1358,-0.6886787,5.955136
1359,0.43416354,8.6919985
1360,0.5388847,8.682787
1361,-1.4475929,-0.30639094
1362,-1.1600586,-0.5682992
1363,1.1516579,8.86341
1364,-0.86442673,9.6118765
1365,-0.0579783,7.279025
1366,0.4870065,8.698321
1367,-1.2052207,-0.6303409
1368,-0.3439849,6.530251
1369,0.08181311,6.7737465
1370,-0.5334081,5.922215
1371,-2.1272955,0.5348128
1372,-1.16536,-0.6934612
1373,-1.148244,0.17712325
1374,-1.9446249,0.07160176
1375,-2.0587325,0.51779735
1376,-2.1346178,0.7216402
1377,0.98804086,8.367867
1378,0.8765961,8.313754
1379,2.4347925,8.487534
1380,-1.5544065,-0.3508005
1381,-1.6978172,0.39290705
1382,2.990958,8.576439
1383,2.5976243,8.571626
1384,2.2102659,9.593231
1385,1.3020887,8.3902445
1386,-1.863333,0.32200074
1387,-1.8165329,-0.092683114
1388,2.7942488,9.188277
1389,2.7365985,8.477423
1390,-0.034001876,5.768688
1391,-1.5150106,-0.0025686184
1392,-4.0205317,2.2661545
1393,-1.7652073,-0.34106246
1394,-1.6424181,-0.37868088
1395,-1.5892597,-0.63490665
1396,-1.850306,-0.08804904
1397,-1.984923,0.0391646
1398,-1.6828344,-0.46721092
1399,-1.6661713,0.006331271
1400,0.5626337,8.661269
1401,-1.6741408,0.21952243
1402,2.7219203,9.062388
1403,-1.2456077,-0.34303814
1404,-1.2786674,-0.35277665
1405,4.5248055,7.2123356
1406,-1.9413857,0.23117621
1407,1.3906907,5.7416344
1408,1.3707671,5.750169
1409,-1.2806247,-0.34662688
1410,-2.179396,0.9018695
1411,-1.4355912,-0.5476212
1412,-1.194811,-0.34830573
1413,-1.1571268,-0.16021647
1414,-1.2176744,-0.41166264
1415,-4.1999607,2.96938
1416,3.1002412,9.057419
1417,3.046922,9.044106
1418,2.589375,9.269581
1419,3.0882342,8.938985
1420,3.1737003,8.632134
1421,1.6698723,8.288454
1422,1.304916,5.7530327
1423,2.9756758,8.479717
1424,-1.9709716,0.10401449
1425,-1.3909982,-0.36797598
1426,-1.8808894,0.27665547
1427,2.6844096,8.462798
1428,-2.2214992,0.6901711
1429,-0.75927114,-0.043554034
1430,2.2129295,6.911608
1431,-1.1071315,-0.28919387
1432,3.0933545,5.9650345
1433,2.6074488,8.5098295
1434,-2.0950992,3.626979
1435,-1.7729789,0.110410124
1436,-2.6770427,2.1576836
1437,-2.065588,1.7158003
1438,2.9786541,8.440349
1439,-1.2286447,-0.71491003
1440,2.816307,8.410018
1441,0.3788508,6.815242
1442,0.22554886,8.176672
1443,-2.0899477,0.5384753
1444,-2.035844,0.5670541
1445,2.0333066,9.420537
1446,-0.17366937,8.769914
1447,2.4206517,8.4667225
1448,-1.2605418,0.16234952
1449,-1.7977905,-0.0012868484
1450,2.950988,5.842257
1451,3.032923,5.923333
1452,-2.1422853,1.2991153
1453,11.251965,1.637705
1454,-1.7532313,0.35761788
1455,-1.8638012,-0.09228401
1456,-1.8556272,-0.07768723
1457,-3.323725,2.127825
1458,-2.7089696,2.0114474
1459,-2.7854407,1.9824284
1460,-1.7984209,0.5341742
1461,-1.9789027,0.5410464
1462,-3.9212987,2.7807724
1463,-1.5239526,-0.58785594
1464,-1.4790984,6.6120186
1465,-2.8602269,5.144651
1466,-3.2510152,2.6819236
1467,-2.8581111,3.1540313
1468,-3.6232038,5.2382607
1469,-2.475034,1.305431
1470,-2.2050893,5.5188336
1471,-2.8937063,3.8490543
1472,-3.2223153,3.7554076
1473,-2.5232735,5.1340947
1474,-3.0187945,4.4295545
1475,-2.2120197,5.538667
1476,-2.3670747,3.5899773
1477,-2.1013024,5.6933203
1478,-2.8383157,3.3543074
1479,-2.13111,5.7377706
1480,-2.0039916,5.8065166
1481,-1.8826604,6.0117354
1482,-2.0753026,5.773639
1483,-2.9562173,3.3624887
1484,-2.9795234,3.6243837
1485,-0.28345773,7.698804
1486,-0.17334953,7.692491
1487,-1.0925426,7.148291
1488,-0.5957452,7.344442
1489,-1.1861843,7.1072
1490,-2.7886815,2.6598039
1491,-2.0233572,5.816943
1492,-2.5114737,3.6395438
1493,-1.4170889,6.7104297
1494,-2.5844896,2.6877213
1495,-2.1015832,5.761092
1496,-2.1076915,5.380289
1497,-2.818666,2.5657897
1498,-2.9260006,3.3599703
1499,-2.0999413,5.734382
1500,-2.0777032,5.704592
1501,-2.0285878,5.7965336
1502,-2.6297557,2.609057
1503,-2.239107,5.2113237
1504,-2.1050904,5.781782
1505,-2.1575615,5.663991
1506,-2.7488534,4.1039753
1507,-2.2056477,5.2585783
1508,-2.7591934,3.02804
1509,-2.5613272,5.144639
1510,-1.452275,6.559071
1511,-1.6563509,6.1702437
1512,-3.0279574,3.5542789
1513,-2.0298352,5.753348
1514,-1.2635107,6.7813063
1515,-1.3225257,6.7043386
1516,-3.0969071,3.9529874
1517,-1.7342849,6.0093565
1518,-1.7346668,6.10625
1519,-1.6090412,6.3827996
1520,-0.19930758,10.089504
1521,-1.1933962,0.40791133
1522,-2.8417888,3.9696212
1523,-2.1735282,5.5428605
1524,-2.3837066,4.5878205
1525,-1.9859408,5.6602764
1526,-2.5193577,2.4922972
1527,-2.8991714,3.0496888
1528,-2.9769254,1.605652
1529,-3.0432656,1.3955169
1530,-3.0167923,1.2997149
1531,-3.0711153,1.5759972
1532,-2.4140675,2.5458293
1533,-2.9138534,1.6097503
1534,-1.1181643,0.01006082
1535,-3.0412266,1.3235164
1536,-2.4611099,5.1310697
1537,-0.63529634,6.711938
1538,-1.793952,6.04505
1539,-1.7035639,6.1438417
1540,-1.0836954,6.785002
1541,-1.2149986,7.1811585
1542,-3.341336,3.2465801
1543,-3.0082016,3.7015262
1544,-2.1167247,5.7604747
1545,-2.206435,5.2723227
1546,-2.1850722,5.246449
1547,-2.8777425,3.2111974
1548,-3.150575,3.486763
1549,2.915446,5.8189
1550,-2.5902355,5.3515887
1551,-2.9185395,2.6877747
1552,-2.765235,4.037694
1553,-1.3456687,7.5454245
1554,-0.6681058,7.207685
1555,-2.9225218,1.5182655
1556,-3.2001152,3.131978
1557,-1.4027381,6.6470904
1558,-2.9802897,3.4382222
1559,-1.6909574,6.1562266
1560,-2.0306685,5.6545525
1561,-0.43753356,6.2518544
1562,-0.35823736,7.603195
1563,-0.9492924,8.233731
1564,-1.4552742,6.6521273
1565,-1.0550357,6.937474
1566,-2.182689,5.2725954
1567,-3.0051346,2.8703408
1568,-2.9281516,3.5489268
1569,-2.9491763,3.5754209
1570,-3.0197465,3.3619325
1571,-2.817155,2.8982456
1572,-0.52638555,6.087806
1573,-1.7821656,6.101448
1574,-1.7576424,6.066917
1575,-3.0904274,3.4816527
1576,-2.8367248,3.1710827
1577,-3.4295063,4.1671734
1578,-2.8795416,3.202709
1579,-1.7821563,5.9485273
1580,-2.888794,3.0561273
1581,-2.1417713,5.3939824
1582,-2.9661064,3.176893
1583,-3.0604157,3.1863756
1584,-2.950316,3.0835488
1585,-1.2949591,6.9956737
1586,-3.0998433,2.82052
1587,-2.9085908,3.2370567
1588,-3.1484044,3.7133498
1589,-3.1390083,3.7108724
1590,-2.1006045,5.3983436
1591,-1.5365971,6.544652
1592,-3.2444515,3.4893346
1593,-1.8374698,6.030628
1594,-2.516173,3.9355595
1595,-2.693644,3.8104289
1596,-3.1254814,3.8644626
1597,-3.0157788,3.653998
1598,-2.1922727,5.2857904
1599,-2.8504713,3.2346966
1600,-3.4247537,3.6579123
1601,-3.1031742,3.2726657
1602,-3.0802479,3.1158645
1603,-3.0727773,3.5178761
1604,-3.0133147,3.4874752
1605,-3.040306,3.4500644
1606,-1.3285671,8.94275
1607,-2.9860482,3.4962146
1608,-2.0853481,5.3475413
1609,-1.6984761,6.134595
1610,-0.64634866,7.5761228
1611,-1.7375675,6.108811
1612,-0.7695338,6.55516
1613,-3.0178146,1.3302635
1614,-3.1612048,3.5532064
1615,-2.8766627,3.116421
1616,-3.0405889,1.710153
1617,-1.1328738,7.373312
1618,-0.9473158,8.061214
1619,-2.865476,2.6425884
1620,-1.7440497,6.0660887
1621,-4.3186607,3.6579573
1622,-4.5882745,3.4661725
1623,-4.5556273,3.263018
1624,-4.1521106,2.6222696
1625,-4.7657337,2.4944131
1626,-4.2305346,1.783089
1627,-4.0139675,3.4362283
1628,-4.691165,3.381965
1629,-3.7819345,1.9718814
1630,-3.3895183,0.9538394
1631,2.3379347,10.467599
1632,-3.5705369,3.6651409
1633,-4.858008,3.2506986
1634,-4.817903,3.239754
1635,-1.2324537,2.2408743
1636,-4.889885,2.386666
1637,-4.070604,2.5440874
1638,-2.991002,4.92795
1639,-0.6366564,7.640629
1640,-4.2797446,3.3740451
1641,-3.7268357,3.7429836
1642,-4.4787097,3.4461174
1643,-4.322864,3.045681
1644,-4.29405,3.7560892
1645,-4.712585,3.0134838
1646,-3.3121426,2.8542256
1647,-2.6747015,4.4399266
1648,-2.8024738,4.2165146
1649,-2.8164864,4.4099193
1650,-4.0093036,3.7735224
1651,-3.0448728,2.5876253
1652,-3.9456568,4.380201
1653,2.4944787,10.11277
1654,-4.4003806,5.298601
1655,-4.486434,2.7510767
1656,-3.9593534,3.4522998
1657,-2.2756228,3.8747256
1658,-4.7175393,2.739929
1659,-4.912764,2.3926818
1660,-4.6275816,2.863509
1661,-4.063261,3.782575
1662,-4.079666,2.698852
1663,-4.611114,2.8712344
1664,-4.860539,2.4327488
1665,-4.7896447,3.3848615
1666,-3.8914433,3.576681
1667,-1.4828657,3.9225442
1668,-2.8188667,0.70887315
1669,-4.46087,3.924133
1670,-3.3028598,3.9659877
1671,2.3430693,10.219673
1672,2.3539155,10.179576
1673,-3.704555,1.5551009
1674,-4.0401764,5.89665
1675,2.274338,10.345056
1676,-3.774535,1.8312577
1677,-4.3388643,2.7846682
1678,-3.4713466,1.7453401
1679,-3.61143,1.8028135
1680,-4.274561,1.9020858
1681,-4.422309,4.221153
1682,-1.6639527,4.065449
1683,2.1322854,10.610067
1684,-3.9027486,1.8998187
1685,-3.980202,2.176119
1686,-3.6977842,1.5935739
1687,-4.300019,2.5517654
1688,-3.859885,1.7039831
1689,-4.3170443,1.7688713
1690,-3.2755933,1.5411611
1691,-3.7949226,1.6583854
1692,-2.0256286,3.6563263
1693,-3.7710917,6.1268373
1694,-3.2618427,1.3185482
1695,-4.0620775,3.7624629
1696,-3.9289541,2.4232621
1697,0.47102472,8.153296
1698,-4.7263117,2.1263978
1699,-3.826723,2.5881226
1700,-3.829952,1.6961168
1701,-4.280854,2.5951984
1702,-4.3907204,2.5496655
1703,-4.368793,3.8470345
1704,-3.1621637,2.3254783
1705,-3.9223506,2.6841497
1706,-4.1751866,2.7709641
1707,2.6473036,10.512724
1708,-3.185114,3.7664776
1709,-3.0501938,2.3856423
1710,2.388142,10.162919
1711,-5.2176023,3.0160725
1712,3.1263826,10.691121
1713,3.0386915,5.9453077
1714,-3.416076,3.685263
1715,-3.6127813,6.1651306
1716,-3.0905735,3.8473227
1717,-2.6650136,4.6139555
1718,-3.8489077,5.8981557
1719,-4.771579,3.3216999
1720,-2.8542745,4.086276
1721,2.3616526,10.162544
1722,2.6322424,10.85972
1723,2.388256,10.184734
1724,-4.343046,3.0266833
1725,-4.363355,3.0870445
1726,-3.8785625,2.3430634
1727,-4.869624,3.3306067
1728,-4.6346784,3.7336228
1729,-3.7563167,3.07071
1730,-4.461966,4.1647377
1731,-4.0552826,5.334585
1732,-2.961491,3.7186635
1733,-3.8423436,2.0196893
1734,-4.1647315,3.3986027
1735,-4.282703,2.6953099
1736,-4.7111907,3.221058
1737,-4.04222,3.0989304
1738,-3.9234867,1.9637687
1739,-4.350292,4.5351143
1740,-4.806151,2.6059902
1741,-4.1066194,3.8812566
1742,-1.7535859,3.837354
1743,-2.6134162,4.952755
1744,-3.361894,2.42704
1745,-4.2035327,3.8294716
1746,-4.471235,3.6930609
1747,2.4766965,10.197204
1748,-4.776419,2.6681924
1749,2.6697326,10.348789
1750,-0.85317093,2.562577
1751,-3.551884,1.3289698
1752,-3.9390397,1.7064635
1753,-3.610339,2.8647532
1754,-3.0601518,3.8103597
1755,-4.212518,1.8561734
1756,-4.83293,2.3386657
1757,-4.1986113,3.7216258
1758,-0.43023655,9.647808
1759,-4.4178395,2.5312262
1760,-3.9369478,3.4595895
1761,2.0994866,9.923695
1762,-3.967271,1.9011794
1763,-4.502531,5.024412
1764,-4.670168,2.21118
1765,-4.7710295,2.2739627
1766,-4.3134804,3.4223437
1767,-3.7415423,2.1952953
1768,-4.457874,3.0420094
1769,-4.6943936,2.6483216
1770,-4.2838483,3.1816132
1771,-4.6941476,2.195741
1772,-2.4629345,5.545345
1773,-3.8575249,1.8523146
1774,-4.0614166,3.4977775
1775,-3.8479981,3.5295517
1776,-4.498766,2.6181972
1777,-3.198584,3.1234808
1778,-4.087413,4.202013
1779,-2.4662697,1.7207133
1780,-3.6170304,3.6457603
1781,2.343521,10.289826
1782,-4.051209,3.335955
1783,-4.904191,2.538117
1784,-3.4785643,1.7306519
1785,-0.21684185,2.5749447
1786,-4.6821165,2.5588303
1787,-4.528763,3.7564242
1788,2.3158338,10.351221
1789,-2.8183424,4.0963345
1790,-4.3520365,2.6535275
1791,-3.924175,3.8730202
1792,-4.3989325,3.0768847
1793,-3.201498,3.4354951
1794,-4.514563,2.0804148
1795,-3.96283,3.677305
1796,2.3919868,10.251606
1797,2.3482823,10.204936
1798,-3.1624134,3.7115448
1799,-4.0601783,4.0289626
1800,2.2418954,10.31281
1801,-2.9267693,3.1672342
1802,-4.2475324,3.7540789
1803,-3.3807983,3.0665476
1804,-3.6619287,3.6845946
1805,-4.247118,4.4271493
1806,-4.20578,3.512274
1807,-4.6015053,3.0550141
1808,-4.773351,2.8295312
1809,-4.5739884,3.7124162
1810,-4.315661,1.6863446
1811,-4.7094545,2.6482093
1812,-3.9655993,3.400785
1813,-3.9611278,2.0359411
1814,-4.3330526,2.261583
1815,-0.35818222,9.489934
1816,-0.5296944,9.022679
1817,-0.16026379,9.486077
1818,-0.8254188,8.355371
1819,-0.65808815,8.56204
1820,2.5131817,10.879779
1821,2.5768054,11.046424
1822,-1.1966947,8.967316
1823,-0.67815864,8.454678
1824,-1.0147785,8.222495
1825,-0.530925,8.462268
1826,-0.29342455,8.018038
1827,-0.94683003,8.220199
1828,2.3283885,8.393978
1829,-0.3241228,8.600738
1830,-0.69973975,8.595281
1831,-0.5063974,8.595721
1832,-3.5313606,2.8650446
1833,-0.22821635,7.3134503
1834,-0.74803656,7.6399574
1835,-0.3502398,7.9621735
1836,-0.5598849,8.573397
1837,-0.36970654,7.9095116
1838,2.492163,11.346593
1839,-1.098935,9.0615635
1840,2.4962573,10.885089
1841,-4.037718,3.1599894
1842,-2.0862668,1.0190667
1843,-2.9872773,4.3349752
1844,-2.8671372,4.3557434
1845,-1.0752735,3.4469965
1846,-3.2374802,2.0002215
1847,-0.012771807,8.175305
1848,0.9529881,10.408638
1849,-0.16295423,9.751822
1850,-3.9170265,4.675599
1851,0.559571,10.070014
1852,-1.2809762,7.4545593
1853,-0.39116934,9.088415
1854,-0.09980002,9.441713
1855,-1.1463994,9.1238165
1856,-1.1430912,9.153328
1857,-3.544634,3.0893571
1858,0.14168173,10.272817
1859,-2.449577,3.8522735
1860,1.9881165,10.982793
1861,1.7261677,11.1517935
1862,-1.0520812,3.815833
1863,-2.852264,2.5500379
1864,-2.9960825,2.740476
1865,1.4212145,11.542507
1866,-1.0874003,3.4303918
1867,3.4033287,11.665156
1868,-3.3752134,0.8790968
1869,-3.346438,1.0361308
1870,-3.4170384,0.7902873
1871,-3.3530145,0.8307428
1872,-3.5979323,1.0679469
1873,-3.3901496,0.84446394
1874,-3.625156,1.3881189
1875,-0.92384636,9.661093
1876,-0.96364087,9.709796
1877,-0.90625477,9.6206255
1878,-0.5607247,8.197833
1879,-0.9070536,9.633328
1880,-0.8944801,9.653592
1881,2.2116725,8.477353
1882,-0.55842644,8.399995
1883,-0.75990534,8.569743
1884,-0.64089906,8.748963
1885,-0.7007459,8.786293
1886,-0.57636416,8.558981
1887,-0.7518205,8.419117
1888,2.094584,11.0361595
1889,-1.0027097,9.759633
1890,-0.4136044,8.66808
1891,-0.51760024,8.33879
1892,-2.999274,4.425432
1893,-0.63057554,8.583099
1894,-0.7286574,8.552544
1895,-2.5256526,0.7922078
1896,-4.102149,4.569291
1897,-3.3317611,1.8467363
1898,-3.4386117,0.8330941
1899,-3.262643,1.2854474
1900,-0.06716092,10.186278
1901,-1.0155923,8.830952
1902,-3.9288616,3.301308
1903,2.6247675,10.74836
1904,2.1794074,11.04087
1905,-1.2409892,7.526072
1906,-1.5058419,7.620381
1907,-0.18599546,9.523566
1908,1.7206641,11.544861
1909,-0.3612835,8.472966
1910,-3.6189456,2.3921368
1911,2.6318526,10.718035
1912,-4.071751,3.475553
1913,-3.4905958,2.4630423
1914,-1.2506953,9.17488
1915,1.8342541,10.798249
1916,-1.1435533,3.5266228
1917,-0.4860799,8.553289
1918,-0.66082066,8.656154
1919,1.6857694,10.910366
1920,-0.60154265,8.367695
1921,-1.2728425,8.570367
1922,-0.45271158,7.867157
1923,2.1979923,10.541374
1924,-0.8137568,9.135997
1925,-0.8290709,9.022425
1926,-0.08149333,8.97206
1927,-0.26041263,9.610516
1928,-0.54981357,8.558001
1929,-1.266386,9.103428
1930,-3.5528052,3.4566667
1931,-3.7322059,2.8170335
1932,-3.4232433,3.4881759
1933,-3.8847208,2.2495594
1934,-0.94403356,3.334953
1935,-3.6302428,2.6873107
1936,2.2297776,11.062216
1937,-0.0061510736,10.246265
1938,-0.049285766,10.16308
1939,1.6861495,10.75272
1940,1.4242755,11.955796
1941,2.2165966,11.298614
1942,1.4052751,11.9685335
1943,1.5673934,11.732512
1944,2.152152,11.119755
1945,2.1631937,11.168168
1946,2.1416469,11.1647625
1947,2.156226,11.119297
1948,2.1163852,11.126007
1949,2.0892682,11.165329
1950,0.08190937,10.294168
1951,1.7477176,10.730145
1952,1.6661655,10.744585
1953,-1.3543068,8.720993
1954,3.357453,11.934235
1955,2.1478055,11.166613
1956,-0.14283179,9.466295
1957,-0.96240866,8.416353
1958,-1.1712145,8.363481
1959,3.2947896,11.888072
1960,3.2432308,11.929331
1961,2.1438377,11.37673
1962,-3.6978934,3.320487
1963,-3.7674286,3.1455915
1964,-0.20257108,8.764557
1965,-1.1734648,9.861491
1966,-3.137467,3.5927472
1967,-3.3620896,0.8623732
1968,-4.018407,2.7365906
1969,1.914398,11.009064
1970,-0.6574199,8.810596
1971,-4.0167933,3.5301983
1972,-1.471811,2.6852505
1973,-0.6562782,2.836265
1974,-0.78794444,2.768877
1975,-0.9873788,2.5829773
1976,-3.014756,4.052821
1977,-1.3412948,2.1171575
1978,-1.117873,2.6158867
1979,-3.1012282,3.6803286
1980,-1.3536593,2.642116
1981,-0.26216084,2.3064802
1982,-2.149461,2.1419718
1983,-1.3998718,2.0267878
1984,-2.2032635,2.180169
1985,-3.0617392,2.5922287
1986,-2.8351965,2.5211453
1987,-2.5847664,2.2521002
1988,-2.2390168,2.5721583
1989,1.7486987,6.0473714
1990,-1.318371,2.8108356
1991,-0.68226475,2.8392422
1992,-0.7250664,2.1607108
1993,-2.1292965,2.423993
1994,0.28579295,3.413349
1995,-3.1704533,1.7662259
1996,-1.0522124,2.5572808
1997,-0.8146956,2.448209
1998,-1.019586,2.6804373
1999,-2.6080134,2.9604073
2000,-1.5418172,2.855954
2001,-1.4895972,2.6876845
2002,-0.931469,2.4347136
2003,-1.5315161,2.8109937
2004,-1.239277,2.6874354
2005,-0.57604307,2.679889
2006,-0.32037243,2.2858377
2007,-0.9772157,2.879567
2008,-0.79725724,2.2673647
2009,-1.2851648,2.7202673
2010,-2.2437987,2.451959
2011,-1.4522222,2.7124422
2012,-1.0589134,1.8538427
2013,-0.23312223,2.5734937
2014,-0.30758163,2.8068283
2015,1.670849,5.934365
2016,2.0762703,10.644518
2017,0.1258085,3.1876605
2018,-0.033084042,2.6869214
2019,-0.8872033,0.007902404
2020,-1.6868914,2.2713096
2021,-2.4563584,2.1839871
2022,-0.62237644,3.008764
2023,-0.5684747,2.7499387
2024,-1.1398071,2.0901268
2025,-1.0175157,2.4764876
2026,-0.2120484,2.4273825
2027,-1.699345,2.462608
2028,-2.0163736,0.9842974
2029,-2.6702898,0.82911855
2030,-0.22640118,2.8344285
2031,1.2256942,5.5998774
2032,-0.30219528,2.5126038
2033,-0.93249476,2.5409834
2034,-1.3089396,2.7016494
2035,-1.1327024,2.5495865
2036,-0.9646958,2.415501
2037,-0.5616586,2.3230824
2038,-0.25890914,2.4510524
2039,0.20423546,3.4296656
2040,-2.742498,2.5054173
2041,-2.9914615,2.633085
2042,-0.50350046,2.5346384
2043,3.0851965,5.961687
2044,-1.9095641,0.80202305
2045,-1.1566935,2.356312
2046,-3.500117,4.772364
2047,-0.31018952,2.1646285
2048,-0.7645153,2.9927866
2049,-3.486535,4.100225
2050,-3.3847353,4.90889
2051,-2.391141,2.9829621
2052,-2.8194091,4.8885775
2053,-3.618693,4.8341603
2054,-0.8451977,2.3337889
2055,-0.89585143,2.6353583
2056,-4.523302,2.9446833
2057,-1.4049548,2.4051483
2058,-0.5222564,2.541538
2059,-1.4277585,2.7020824
2060,-0.7380476,2.6829667
2061,-3.336483,4.6901
2062,-0.8748153,2.8472714
2063,-1.2196032,2.7220933
2064,-1.127843,2.7087874
2065,0.31710815,3.3414369
2066,-1.3583927,2.6595962
2067,-0.3779558,2.173936
2068,0.25593546,3.2681837
2069,-0.29866737,2.5870936
2070,1.1972036,5.5710135
2071,-1.4114305,2.6140652
2072,-1.4959306,2.5452106
2073,-0.7057745,2.5823948
2074,-1.187697,2.6671202
2075,-3.3900898,4.3203864
2076,-3.9493237,4.7383084
2077,-3.9898467,3.0800204
2078,-0.98112744,2.7704837
2079,-2.6164384,3.931388
2080,-1.1923195,2.7808971
2081,-1.0053979,2.2007666
2082,-1.7485732,2.3949819
2083,-1.7997046,2.1718602
2084,-0.35357738,2.517904
2085,-0.15948865,2.5317757
2086,-0.37899086,2.783007
2087,-0.6047329,2.9110339
2088,-1.4692434,2.518578
2089,-1.4777207,2.8477452
2090,-0.6050542,2.804298
2091,-0.07053063,2.7413068
2092,-0.6868404,2.9178216
2093,-0.098226026,2.2858899
2094,-0.615411,2.565086
2095,-0.9980216,2.4810712
2096,-0.8486484,2.645824
2097,-0.017828425,2.5474205
2098,1.1837081,5.5630856
2099,-2.3371227,1.1803961
2100,-0.70380306,2.4739408
2101,-0.8090741,2.7752955
2102,0.017607404,2.5903053
2103,-1.3277162,2.841023
2104,0.3256277,3.3496034
2105,-2.143082,2.1338744
2106,-0.14298469,2.3669276
2107,-0.20909165,2.5873075
2108,-0.107400745,2.706593
2109,-0.6080017,2.1653647
2110,-0.11270101,2.979634
2111,-0.65191084,2.6858912
2112,-1.0846764,2.1186767
2113,-0.68724334,2.8135526
2114,-0.83381283,2.6181884
2115,-0.046990097,2.7636213
2116,-1.173186,2.7887335
2117,-2.3903797,0.5666746
2118,-2.4291792,1.2190379
2119,-2.065515,2.0641294
2120,-0.9623738,2.5425625
2121,-1.0428885,2.6461163
2122,-0.6442999,2.2807784
2123,-0.8950245,2.6431253
2124,-0.46956784,2.4884424
2125,-1.5232143,5.0507174
2126,-1.4501016,4.988392
2127,-2.6750538,3.662206
2128,2.869656,5.823719
2129,-2.3303719,1.9237789
2130,-0.65751487,2.5705602
2131,-0.53111553,2.7071664
2132,-0.32706544,2.3044376
2133,-0.56995326,2.5628562
2134,-0.56228614,2.5703828
2135,-0.4951132,2.8961663
2136,-0.8273919,2.6137395
2137,-0.8024203,2.6911685
2138,-0.36399356,2.5677743
2139,-0.5328038,2.5905724
2140,-0.28577632,2.8747618
2141,-1.3443179,2.7294788
2142,-1.8356537,3.0326405
2143,-1.2647442,2.8553941
2144,0.32667497,3.3567724
2145,-0.5450577,2.7763073
2146,-1.2559412,2.9395785
2147,0.25399527,3.5037832
2148,-0.4021485,2.7173429
2149,-0.58572716,2.7503552
2150,-0.30859593,2.503455
2151,-0.61588484,2.4252925
2152,0.17648065,3.2018054
2153,-0.83774436,2.7258558
2154,-4.307444,5.219845
2155,-2.1182072,2.4396775
2156,-2.6914892,2.3984282
2157,-1.4553556,2.6930833
2158,-0.7769179,2.3233576
2159,-0.95001096,2.4451168
2160,-0.65420926,2.777105
2161,-1.0893707,2.7833216
2162,0.8691451,5.747697
2163,-0.6405059,2.5975785
2164,0.31714773,3.5856977
2165,0.13895833,3.3484027
2166,0.85652244,5.585067
2167,-0.1910651,2.4558005
2168,0.054172486,2.8364048
2169,-0.5848894,2.2692254
2170,-0.20139176,2.5302644
2171,-0.39987856,2.329147
2172,-0.6956825,2.2494767
2173,-0.4137489,2.7644482
2174,-1.2121779,2.1963842
2175,-0.84176487,2.5263987
2176,3.0689514,5.950087
2177,-1.1367708,2.1016157
2178,-0.8141932,2.0204163
2179,-3.9372852,3.2592568
2180,-0.22753738,2.5525432
2181,-0.057128284,2.212732
2182,-1.1081041,2.402477
2183,-1.9576486,2.493266
2184,-1.0057037,2.0972874
2185,-0.27006543,2.4743736
2186,-0.25196594,2.2501836
2187,-0.29777354,2.2210562
2188,-0.26727325,2.2246509
2189,-0.78937393,2.4641025
2190,-0.9428865,2.4163249
2191,-0.7757565,2.4713407
2192,-1.036142,1.886739
2193,-1.6123153,2.224135
2194,-0.9091468,1.8369162
2195,-0.60621333,1.9314666
2196,-0.30111697,2.1514273
2197,-0.106659815,2.1716018
2198,-0.070264325,2.1117182
2199,-0.12241839,2.144076
2200,-0.07872657,2.1737657
2201,-0.20401244,2.3037481
2202,-0.10735358,2.0613456
2203,-0.35781145,2.1483195
2204,-0.22030427,2.5695817
2205,-0.64973384,2.3259254
2206,-1.270694,2.2103775
2207,-1.0235732,2.3046958
2208,-1.0100996,2.3852775
2209,-1.0290449,2.2290802
2210,-0.8985653,2.3095021
2211,-0.9648077,1.3339825
2212,-0.8506353,1.4548517
2213,-0.8502942,1.4944918
2214,-0.8969065,1.4556786
2215,-3.3233097,1.184667
2216,-0.9439929,1.4544047
2217,-0.92734826,2.2857037
2218,-0.6182343,2.4333205
2219,-0.8320704,1.5798897
2220,-0.83512086,2.3610487
2221,-0.6682341,2.1683707
2222,-0.96902037,1.9560404
2223,-0.741317,2.0871778
2224,-0.8887556,1.5151687
2225,-0.9460742,1.3843613
2226,-0.9920213,1.3694896
2227,-0.9390456,1.4430473
2228,-0.93854564,2.195717
2229,-1.0012714,1.3638401
2230,-0.51438826,2.6237102
2231,-0.58498514,1.9680763
2232,-0.91863173,1.3987856
2233,-0.4797539,2.0785909
2234,-0.9191462,1.4521887
2235,-1.7650853,1.0736635
2236,-0.7165054,1.8519645
2237,-0.94489646,1.348731
2238,-0.77875954,1.711028
2239,-1.0266261,1.294699
2240,-0.6496056,1.9598751
2241,-0.8942584,2.4338093
2242,-0.87004143,2.539112
2243,-0.9342101,1.4265487
2244,-1.0342696,1.3177254
2245,-0.13189906,2.1662486
2246,-0.9479815,1.3292128
2247,-2.709382,0.9948212
2248,-1.0097911,1.3210322
2249,-1.0816816,1.3399576
2250,-1.3810723,1.217946
2251,-1.050881,1.5319545
2252,-0.13599811,2.32344
2253,-0.8657704,2.3068762
2254,-0.9185744,1.6623095
2255,-0.5356654,1.7363989
2256,-0.6215091,1.9943172
2257,-0.8611219,1.3961972
2258,-1.2072638,1.2137188
2259,-0.4749443,1.8231109
2260,-0.957137,1.891947
2261,-1.7315811,1.0696402
2262,-0.9719849,1.3217585
2263,-1.2942959,1.257445
2264,-1.0018488,1.3514436
2265,-1.1276004,2.0557084
2266,-0.10559763,2.166866
2267,-0.11421556,2.310055
2268,-1.2949431,2.0272968
2269,-0.28423163,2.3870802
2270,-0.022506839,3.061031
2271,-1.2034427,2.4408798
2272,-0.24728636,2.6029837
2273,-1.2144238,1.9541137
2274,-3.2823277,2.44447
2275,-0.33469883,2.7295792
2276,-3.2907412,2.5145395
2277,-0.355536,2.6188884
2278,-0.1898212,2.4022722
2279,-0.6040995,2.0633736
2280,-0.4727357,2.6056633
2281,-0.7336368,2.3324525
2282,-0.23432195,2.5770624
2283,-0.6981887,2.8445253
2284,-1.0642853,2.5744994
2285,-3.254223,5.632712
2286,-0.82887685,1.96654
2287,-0.09699074,2.2750916
2288,-0.13164169,2.0598664
2289,-0.08388502,2.212179
2290,-0.922749,2.0216322
2291,-0.6149595,1.9858943
2292,-0.79703695,1.628425
2293,-0.26309374,2.459353
2294,-0.7508433,2.4221342
2295,-0.65891546,2.519754
2296,-0.18318763,2.4065845
2297,-0.00535055,2.6298454
2298,-1.3690842,2.493268
2299,-0.8568983,1.4556533
2300,-1.1330274,2.0065615
2301,-0.9343914,1.36552
2302,-0.6620008,2.2650654
2303,-0.9053223,2.3694305
2304,-0.997861,1.9871716
2305,-0.24365455,2.4304342
2306,-0.29750633,2.4571939
2307,-0.39378214,2.5098221
2308,-0.842334,2.4291902
2309,-0.8772693,2.3025784
2310,-1.0045166,2.5529613
2311,-0.67146015,3.2289808
2312,-0.09904431,2.291499
2313,-0.19545247,2.5587215
2314,-0.04590867,2.24809
2315,-0.5630729,1.9634373
2316,-0.50634366,2.5606904
2317,-0.66195977,2.2820055
2318,-0.7917742,2.3291488
2319,-0.41086978,2.1352465
2320,-0.08221004,2.3136277
2321,-0.18663429,2.519693
2322,-0.08213376,2.2604527
2323,-0.18572956,2.2903452
2324,-0.20687926,2.6104555
2325,-0.17404501,2.384829
2326,-0.29837888,2.1461802
2327,-0.30439445,2.296626
2328,-1.283292,2.0132174
2329,-1.2458513,1.3799531
2330,-2.5968018,3.7869172
2331,-0.6659659,2.1337864
2332,0.19590627,3.1486926
2333,-0.056271557,2.1366942
2334,-1.0156208,2.1686027
2335,-0.6179199,2.0322452
2336,-0.81381446,1.7076298
2337,-0.9990237,2.595888
2338,-0.5739685,2.5972016
2339,0.29332936,3.2753296
2340,-0.09412606,2.3121064
2341,-0.6116746,2.3546348
2342,-0.3360618,2.461396
2343,-0.92102194,2.7902918
2344,0.25482696,3.2345622
2345,-2.045288,2.5829678
2346,-0.48691025,2.6192749
2347,-3.9242327,3.1975732
2348,2.4211156,10.822231
2349,-2.6943843,2.2614465
2350,-2.0469236,1.8290142
2351,-4.036579,3.3832073
2352,-3.0010924,3.6671095
2353,-2.2452066,2.3533387
2354,-3.0570936,2.597969
2355,-3.564718,5.001297
2356,-3.6664488,2.7752793
2357,-3.7493975,3.0418642
2358,-3.84072,2.0815418
2359,-4.3286557,3.2157714
2360,-4.0980964,3.3661942
2361,-3.8373353,2.108972
2362,-3.7099195,3.004347
2363,-4.159033,3.1132858
2364,-3.9183176,4.390689
2365,-4.157081,3.764207
2366,-3.8086224,3.049622
2367,-3.9219778,3.1876745
2368,0.0807426,8.365738
2369,-5.0575523,3.229725
2370,-2.4218545,2.9804323
2371,2.7827933,9.793163
2372,-2.3151422,4.8434677
2373,-3.7388523,2.9103203
2374,-3.778121,2.7834346
2375,-3.9202585,3.1943655
2376,-3.6535313,3.6665375
2377,-1.3165087,3.3976343
2378,2.3558075,10.4308815
2379,-3.0355113,2.3804116
2380,-4.040963,2.199553
2381,-3.2910895,2.7935917
2382,-3.6809509,2.5823467
2383,-1.3154168,2.247362
2384,-3.5209699,2.6489344
2385,-3.2053792,2.7878659
2386,-3.88635,3.3996687
2387,-4.1561904,3.1888452
2388,-0.019291611,2.231408
2389,-4.726166,2.3983262
2390,-2.5309489,0.9299979
2391,-2.654255,0.6509449
2392,-3.1685894,0.98063684
2393,-3.2448323,2.4152963
2394,-3.3388875,1.0127714
2395,-3.3565905,0.83132213
2396,-2.917992,1.0528208
2397,-3.224333,1.2111813
2398,-1.0210251,1.4529192
2399,-1.8368852,4.0859613
2400,-4.584134,4.7828946
2401,-3.3201692,0.81122255
2402,-2.804553,0.90638334
2403,-2.7161984,0.84732693
2404,-3.3708537,0.88101554
2405,-3.2068913,1.2239271
2406,-3.5115275,0.97085345
2407,-3.3645835,1.2874804
2408,-2.7370565,0.873944
2409,-3.365855,1.3993266
2410,-3.2007287,1.0373495
2411,-2.749153,0.80333525
2412,-2.953168,1.0049028
2413,-1.9115486,1.9913398
2414,-2.802275,0.72519064
2415,-3.3545225,1.0787092
2416,-2.9860392,1.103879
2417,-2.91588,1.5158027
2418,-2.6531296,0.8721637
2419,-2.847649,0.7331353
2420,-3.331044,2.1128724
2421,-1.4116256,6.591682
2422,2.6797373,10.406605
2423,-3.6782753,3.0799708
2424,-3.149327,3.5698833
2425,-1.4280971,2.4261873
2426,-2.9339483,1.6020728
2427,2.4928553,10.3679905
2428,3.13706,5.995599
2429,-4.958389,3.2996163
2430,-4.139846,3.218715
2431,2.6451097,10.695836
2432,-4.3256946,2.5724888
2433,-4.2352004,2.813828
2434,2.6953166,10.840501
2435,-5.1628222,3.194548
2436,-4.422029,3.0485215
2437,-5.0787797,3.2727032
2438,-3.5134795,3.2838962
2439,-5.127702,3.2389472
2440,-5.111198,3.2112324
2441,-3.4974577,2.5295877
2442,-4.9120307,2.8775885
2443,-4.7605143,3.2936373
2444,-4.586202,2.9009845
2445,-4.938507,3.2702832
2446,-2.6226387,3.0475247
2447,-5.0541105,3.2141888
2448,-2.8195484,4.4331336
2449,3.1294253,6.0319824
2450,-3.3778932,3.759296
2451,-0.23447034,2.875809
2452,-3.3616374,2.7695048
2453,2.5795302,10.921587
2454,-4.089112,3.0388486
2455,2.7031362,10.387116
2456,-4.184487,2.2690887
2457,-4.0772223,4.0685873
2458,-4.418482,4.4401283
2459,2.7129152,10.782825
2460,-3.9118888,2.7425227
2461,-4.0807357,2.8157017
2462,-4.7328925,2.9612541
2463,-4.003866,3.4246566
2464,-3.555597,2.6320164
2465,-4.1167054,3.2651522
2466,-3.6480312,2.329021
2467,-4.4744625,2.1199615
2468,-3.7087522,2.7036564
2469,-3.724751,2.7177997
2470,-3.763469,2.7159243
2471,-3.918569,2.7977757
2472,-4.025086,2.864939
2473,-3.733717,2.6938055
2474,-3.9580321,3.4826336
2475,-3.4201393,3.0665925
2476,-4.2599316,3.0898185
2477,-3.749818,2.8238928
2478,-4.0974374,3.3263245
2479,-0.9796678,2.0722592
2480,-3.7891269,2.0062463
2481,-3.0134368,1.6573899
2482,-4.1925526,3.8016386
2483,-4.129965,3.7656136
2484,-3.6677663,2.1004283
2485,-3.708913,2.697299
2486,-3.461081,3.4428687
2487,-3.86239,2.9820895
2488,-3.7528841,2.0058036
2489,-3.553257,2.5986233
2490,-3.8942313,2.8672671
2491,-3.821352,2.469117
2492,-2.8051627,8.2047615
2493,-2.9370306,2.8607721
2494,2.712401,10.402826
2495,-4.326784,2.8961782
2496,-0.78130174,8.618773
2497,0.11384201,5.876674
2498,2.164469,10.418699
2499,-3.4784935,3.9587984
2500,-3.8852768,3.0901775
2501,-3.8870604,3.064359
2502,-3.7550719,2.8188407
2503,-4.235775,3.8408422
2504,-4.544161,4.392896
2505,-3.7614088,3.7907186
2506,-3.901632,3.2876198
2507,-3.6713057,3.3995888
2508,-3.9825094,2.80697
2509,-3.6328788,2.572481
2510,-4.61907,2.9126625
2511,-4.0918083,2.982711
2512,-3.616271,4.67294
2513,-3.8068604,3.0980046
2514,-3.9353683,3.334294
2515,-3.652513,3.3370383
2516,-3.9098654,4.7429657
2517,-3.7325299,2.703841
2518,-3.839417,3.3302908
2519,-4.0741606,3.0456712
2520,-3.7931638,3.200859
2521,-4.0784545,2.90937
2522,-4.6902027,3.082369
2523,-4.1181254,3.0490491
2524,-3.5018847,3.7236366
2525,-3.697856,2.7277172
2526,-3.7631297,2.9756267
2527,-3.7515259,2.7708566
2528,-2.8892188,2.4069266
2529,-3.9989815,3.2593405
2530,-3.9102716,3.1369765
2531,-3.8375998,3.0638022
2532,-3.8390229,3.1575415
2533,-3.8221707,3.0632906
2534,-3.869108,3.146254
2535,-4.036678,3.1981783
2536,-3.8631134,3.0959277
2537,-3.8390892,3.1379569
2538,-3.971242,3.0534737
2539,-3.150107,4.264518
2540,2.617624,10.296451
2541,2.574819,10.386405
2542,2.3823555,10.325637
2543,2.6394045,10.285276
2544,-2.8859081,3.9895554
2545,2.2108333,10.412983
2546,-4.218819,2.5904438
2547,-0.027455745,7.862455
2548,-4.6850004,2.4332097
2549,-0.26235992,7.8256
2550,-3.5879521,1.9368535
2551,2.4529166,10.056404
2552,2.6107519,9.63987
2553,-3.6320865,3.5898979
2554,-3.2544827,1.9752467
2555,-3.6013422,1.5049794
2556,-4.726267,2.529659
2557,2.1548946,9.399156
2558,-4.287622,3.040417
2559,-3.5813043,1.6183949
2560,-4.314521,2.5597315
2561,-3.5521712,1.6763275
2562,-3.9489388,3.268667
2563,-3.6699352,1.9170227
2564,-3.7602327,1.9061722
2565,-3.8420095,2.5855815
2566,-4.5054173,2.8768516
2567,-4.8938775,2.440916
2568,-2.780877,2.8237252
2569,-3.5091114,2.9628484
2570,-4.341021,2.6416428
2571,-4.255465,2.0363874
2572,-3.5520997,1.5557997
2573,-3.4614687,4.4880457
2574,-3.128614,3.557713
2575,-3.7585678,2.0882468
2576,2.4729311,9.827208
2577,-4.179691,2.2376902
2578,-4.5480866,2.1207783
2579,-3.9126909,1.9741528
2580,-1.3291887,4.8063087
2581,-3.411617,3.358684
2582,2.626903,9.7140875
2583,2.0502565,8.743257
2584,-3.0876102,1.3147361
2585,2.5070312,9.931635
2586,1.492308,9.05821
2587,-4.248021,2.4707673
2588,2.5415318,9.824775
2589,2.2824976,9.161159
2590,2.0053635,8.823008
2591,-4.32072,2.2545574
2592,-3.1469262,1.7235839
2593,2.477686,9.97028
2594,-4.7686143,2.1310792
2595,-4.429724,2.1333656
2596,2.5574303,9.91655
2597,-4.280375,2.4264328
2598,-4.0761924,2.0227034
2599,-4.1007276,3.4901614
2600,1.3087242,8.726398
2601,-4.103942,1.9534262
2602,-4.8446717,2.3929234
2603,-3.6589408,1.4181049
2604,-3.644171,1.2872357
2605,-3.2247407,0.83908194
2606,-4.117242,2.5069602
2607,2.6986043,9.828162
2608,-4.5759983,2.445191
2609,-4.3456254,2.3768997
2610,-5.05066,3.0080514
2611,2.3797617,10.05761
2612,-4.012425,3.2651043
2613,-3.7806113,1.8797332
2614,-4.148416,2.4218478
2615,-4.50708,2.1086075
2616,-3.9049072,2.1131077
2617,2.4678774,9.965382
2618,-4.365551,2.0437882
2619,-1.8889899,0.38275653
2620,-5.002085,2.8239756
2621,-5.1115603,3.0247436
2622,-5.2204347,2.9784
2623,-5.1400275,3.1675684
2624,-4.9462924,3.292438
2625,-1.9063416,0.6046529
2626,-3.2137806,4.1929107
2627,-0.44643956,7.8282356
2628,-4.0790763,2.3837302
2629,-4.128884,2.0416806
2630,-4.342797,2.8997695
2631,2.4712095,9.726718
2632,-4.3677096,2.447932
2633,-3.2886128,1.2778312
2634,-3.6141071,1.560857
2635,-0.19183941,7.7938547
2636,-4.346025,2.5307908
2637,-1.7241004,5.12151
2638,-3.796802,3.7279944
2639,-4.580528,2.4120784
2640,-4.9317727,2.7686427
2641,-3.959123,2.6759312
2642,-3.384661,1.8752809
2643,1.397252,9.024741
2644,0.82403326,8.870368
2645,-4.118292,2.4030633
2646,-4.340346,2.2487526
2647,-4.0761614,2.3762298
2648,-4.2572,2.9331727
2649,-3.643153,2.890049
2650,-3.434195,2.4837198
2651,-3.5983,1.9361345
2652,-2.853537,4.2455807
2653,-4.8261094,2.7425425
2654,-4.6777606,2.274967
2655,2.7418368,9.715971
2656,-3.7474403,2.1457906
2657,-4.1024003,2.308154
2658,-4.0837226,2.6635664
2659,2.5159924,10.00059
2660,-4.5721135,2.260875
2661,-1.1561425,2.4487438
2662,2.510146,9.938311
2663,-2.8608682,4.368077
2664,-2.2852764,2.8856986
2665,-2.06116,2.728456
2666,-3.6242223,2.0705514
2667,-3.4491403,1.9896495
2668,-3.9677322,2.3824372
2669,-3.1833267,2.1979368
2670,-3.8622797,1.79503
2671,2.5000603,10.041152
2672,1.5862571,9.046408
2673,2.538216,9.876176
2674,-4.570825,1.9540061
2675,-5.1309543,3.0074346
2676,-5.1339784,2.900186
2677,-4.3086762,2.5533714
2678,-1.3132446,4.725863
2679,-4.5130167,3.0409687
2680,-4.1592484,2.8502412
2681,-4.1939054,2.4471319
2682,1.6567868,9.137077
2683,1.9246562,8.711431
2684,-3.7463634,1.9669201
2685,-3.5510943,1.6047478
2686,-4.3231273,2.2958677
2687,-2.988341,0.7244272
2688,-2.797345,1.3460292
2689,-4.475831,3.1002
2690,2.1119752,8.956214
2691,-2.509473,3.7378335
2692,2.7936013,10.339743
2693,-2.5795176,1.5479643
2694,-4.56123,3.0130222
2695,-4.0557365,3.182063
2696,-4.6663427,2.438613
2697,-3.8727546,2.1885707
2698,-3.577313,1.9011743
2699,-1.2375311,8.991371
2700,-4.1773834,2.8047237
2701,-4.6694336,2.5098536
2702,-4.105838,2.4040508
2703,-3.1195052,3.5584757
2704,2.4376562,9.827558
2705,2.4947107,9.940215
2706,-5.04138,2.8378508
2707,2.3495414,9.975848
2708,-2.4440901,4.115022
2709,-4.1035604,2.4015565
2710,-4.0919323,2.3682997
2711,-2.612045,3.547354
2712,2.475571,9.789104
2713,-2.9680588,3.9982405
2714,-4.283343,4.175881
2715,-4.1940713,3.1938794
2716,-3.9653249,1.8736671
2717,3.1808963,6.1080613
2718,2.5218635,9.947121
2719,-3.4356353,1.7061342
2720,2.5830505,9.616742
2721,-4.2359695,3.4496362
2722,-3.8301752,2.7507455
2723,-3.6522717,2.1046824
2724,-3.2262416,1.6576562
2725,-4.236663,2.896672
2726,-4.6709023,2.6677938
2727,-4.4406734,2.8041801
2728,-4.4894824,2.9138055
2729,-4.3442764,2.5802913
2730,-3.986849,1.8101802
2731,-3.9165335,1.8378774
2732,-1.9733639,5.8274946
2733,-4.6477327,2.7462761
2734,-0.924159,-0.11682436
2735,-2.9111705,5.0237308
2736,-2.5171232,3.260403
2737,2.5398204,9.925036
2738,2.4732401,9.95591
2739,2.4412787,9.871804
2740,-4.1095624,7.4510565
2741,-1.0153064,8.36091
2742,-2.7994626,3.515956
2743,-1.3052264,8.3698
2744,-4.449155,4.3360868
2745,-2.877067,4.887727
2746,-4.2640276,4.349496
2747,-4.1864,4.4875474
2748,-4.3479238,4.6465416
2749,-4.2025294,4.3957157
2750,-4.4575415,4.4680176
2751,-4.1732655,4.2817745
2752,-4.3042903,4.723894
2753,-4.304743,4.606583
2754,-4.0754814,4.4241815
2755,-4.5308433,4.763561
2756,-4.252631,4.5063505
2757,-4.324446,4.802885
2758,-4.304943,4.537675
2759,-4.021845,4.5491185
2760,-4.3496428,4.558451
2761,-4.2906327,4.6369042
2762,-4.3283424,4.367929
2763,-4.301371,4.461729
2764,-1.6011732,8.439692
2765,-3.1463058,4.9225044
2766,-2.9571567,8.122122
2767,-3.109416,4.481298
2768,-2.7347584,4.4948936
2769,-3.5989137,4.495078
2770,-3.5892024,4.5390234
2771,-3.776333,4.395276
2772,-1.2115887,9.129695
2773,-3.4421797,4.368792
2774,-3.9835904,4.3809075
2775,-4.520003,6.059715
2776,-3.856893,3.84147
2777,-4.574314,3.9191267
2778,-3.4504032,1.8322527
2779,-4.211855,5.198869
2780,-4.2197986,4.7431817
2781,2.1274962,10.483474
2782,-3.1426473,8.036446
2783,-1.5685565,8.774383
2784,-4.3754435,4.662414
2785,-1.5948628,8.459294
2786,-2.1626139,8.423669
2787,-4.3089404,4.6195784
2788,-4.075201,5.1920238
2789,-4.036704,7.0247326
2790,-1.5059625,8.776019
2791,2.5174334,10.91411
2792,-1.7391781,8.416288
2793,-4.2011547,4.0150204
2794,-2.6711326,8.277487
2795,-3.719695,3.8477533
2796,-3.0937963,2.6436448
2797,-1.1703559,8.191655
2798,-3.2737155,4.816455
2799,-4.360976,4.5858665
2800,-2.868044,8.164035
2801,-4.5054593,4.755471
2802,-4.423692,4.4870152
2803,-2.2020223,4.2880535
2804,-4.4941516,4.739755
2805,-4.494845,4.607506
2806,-4.554919,4.65797
2807,-4.575427,4.8939123
2808,-4.398415,4.538263
2809,-1.9928024,8.436719
2810,-2.9327931,1.066346
2811,-3.06625,0.96032614
2812,-4.5689077,4.7445683
2813,-4.4133787,4.807645
2814,-2.2579277,1.197039
2815,-3.1189191,0.8083299
2816,-4.478697,4.596209
2817,-4.549794,4.6631618
2818,-4.5069203,4.9032187
2819,-4.446685,5.0051026
2820,-4.494696,4.8156915
2821,-3.333356,0.9614314
2822,-4.5697737,4.82997
2823,-3.409245,0.815573
2824,-4.566692,4.871216
2825,-4.500247,4.994495
2826,-4.3400455,4.5233555
2827,-4.6322584,4.6640124
2828,-3.8900673,4.737971
2829,-4.5739646,4.7260437
2830,-4.524214,5.027618
2831,-4.659386,4.5723805
2832,-4.519811,5.072012
2833,-4.575219,4.6277876
2834,-4.553796,4.315915
2835,-4.258937,5.5008044
2836,-4.4225683,4.9423723
2837,-2.9330344,4.6482396
2838,-3.105823,6.20893
2839,-3.5883327,2.745755
2840,-3.0578632,4.9319806
2841,-2.9939148,4.4583807
2842,2.6664853,10.806552
2843,-3.5648243,4.873208
2844,-2.9016871,5.1562424
2845,-3.9533765,4.4000793
2846,-1.5006834,8.437259
2847,-1.4701649,8.000109
2848,-1.2938613,8.292708
2849,-4.0357213,4.289333
2850,-4.451592,4.0096316
2851,-4.344935,4.644459
2852,-4.393281,4.6131287
2853,-4.385838,4.498323
2854,-1.5375876,8.699049
2855,-1.603454,8.603546
2856,-1.6681938,8.198671
2857,-1.1005048,9.129686
2858,-1.0867053,8.4751005
2859,-2.557723,8.309753
2860,-4.352284,4.463084
2861,-4.3439517,4.468713
2862,-3.1730397,7.9850616
2863,-4.3001924,4.468694
2864,-4.5219445,4.7009788
2865,-4.1929736,4.6113014
2866,-4.3914657,4.997505
2867,-4.304451,4.5222936
2868,-3.9974666,4.53257
2869,-4.3020883,4.515049
2870,-4.0355062,4.8085365
2871,-3.928595,4.436395
2872,-4.5636196,3.925952
2873,-2.419352,4.1124926
2874,-1.9377826,4.0341
2875,-3.7804728,4.436041
2876,-4.4371605,4.3703017
2877,-3.6987157,4.8468556
2878,-4.316549,3.8888085
2879,-1.4166409,8.4829445
2880,-4.4337983,4.386866
2881,-1.6497883,8.767278
2882,-1.1776158,9.08505
2883,-1.7352062,8.646415
2884,-1.6555339,8.660631
2885,-2.870734,8.173341
2886,-4.2677903,4.410955
2887,-1.7982424,8.584751
2888,-2.0258348,8.455928
2889,-4.165847,3.6429796
2890,-3.7470882,3.676159
2891,-4.418011,5.0235248
2892,-4.4508843,4.2994127
2893,-4.0113816,3.9282708
2894,1.9217212,10.708603
2895,-4.609816,3.3930495
2896,-2.9137347,8.041852
2897,-4.5105925,5.0344043
2898,-4.495702,4.8415556
2899,-4.3595247,4.4225264
2900,-1.531517,8.724933
2901,-4.2712984,4.4390774
2902,-4.040946,4.4845824
2903,-4.5694222,4.6810846
2904,-2.9868836,8.087257
2905,-3.6508067,4.4427223
2906,-1.4532282,9.001229
2907,-2.3031113,8.408187
2908,-4.618317,4.578881
2909,-4.493266,4.8740053
2910,-1.0916575,3.3335629
2911,-4.411514,4.280071
2912,2.6386826,10.846758
2913,-1.7484764,8.546641
2914,-4.030535,7.042796
2915,-2.7868001,8.2040825
2916,-1.6336992,8.44164
2917,-4.405879,4.8539624
2918,-2.9213078,8.146794
2919,-2.9781516,8.125436
2920,-4.466957,4.466983
2921,-4.3554497,4.6914225
2922,-3.4153874,0.90502995
2923,-4.4762197,5.168465
2924,-3.3677144,3.9053721
2925,-3.6826272,3.146257
2926,-4.2835345,4.7651377
2927,-1.0314085,8.262525
2928,-4.1530967,3.4796982
2929,-4.1975055,4.3004627
2930,-4.152711,4.330914
2931,-4.361955,4.273281
2932,-4.1854115,3.901773
2933,-4.0407557,7.4607787
2934,3.5373056,9.542296
2935,-0.37986892,9.123415
2936,0.12029571,9.4626465
2937,-0.17329924,8.965651
2938,-0.34121868,8.809742
2939,0.18501446,7.0638885
2940,-0.294662,8.8369055
2941,-0.2585489,7.9218035
2942,-0.6905133,8.607467
2943,-0.25709456,8.850982
2944,-0.7067781,8.6551695
2945,-0.22370984,8.970841
2946,3.53936,9.559878
2947,3.5600731,9.479795
2948,3.0823302,9.000529
2949,0.23955268,9.315964
2950,3.1167185,9.205905
2951,0.039679155,9.185158
2952,3.5842023,9.588349
2953,3.617525,9.600362
2954,3.557365,9.572795
2955,3.4984188,9.557217
2956,0.09465446,9.21058
2957,-0.003271755,9.370145
2958,3.507132,9.46345
2959,-0.43663228,8.930347
2960,-0.97318757,8.625361
2961,1.5404196,10.657528
2962,1.1447752,10.48878
2963,0.813673,10.296397
2964,2.862594,8.481388
2965,0.029785655,9.49041
2966,0.17763498,9.474801
2967,0.17987685,9.295274
2968,0.1492747,9.348788
2969,0.07912135,9.319361
2970,3.5865319,9.587227
2971,0.16780384,9.429067
2972,3.5621731,9.446476
2973,3.4855764,9.541588
2974,3.449208,9.531146
2975,3.3162217,9.33943
2976,-0.14269923,9.251733
2977,-0.21426336,9.218085
2978,-0.92750674,9.673749
2979,-1.1628718,9.951993
2980,-0.38183695,9.264553
2981,-0.90563476,9.68911
2982,-0.48834482,9.154682
2983,-0.9115709,9.63096
2984,-0.81665194,9.41836
2985,-0.09978725,7.222593
2986,3.306319,9.548763
2987,-0.13487484,9.257597
2988,0.0122851115,9.120479
2989,3.1801934,9.418376
2990,-0.32758945,8.836503
2991,-0.41488087,8.921108
2992,-0.47804704,8.748257
2993,-1.2519318,7.7128043
2994,3.3791823,9.738537
2995,3.0957468,8.622163
2996,0.07730568,9.349184
2997,-0.20546933,8.858451
2998,0.03505772,9.149945
2999,-0.30006856,9.246562
3000,-0.09464155,9.384698
3001,2.0568776,10.718135
3002,3.4077976,9.554207
3003,3.159846,6.023792
3004,-0.2126681,9.15495
3005,3.5320127,9.515268
3006,-0.107593365,9.21951
3007,3.497679,9.544032
3008,-0.5609725,9.135996
3009,-0.46943095,9.131619
3010,0.06779865,9.375517
3011,0.13213776,9.267913
3012,-0.12933883,9.250782
3013,3.6442554,9.586089
3014,3.3411176,11.827027
3015,3.6110673,9.527663
3016,-0.16775037,9.188795
3017,0.081735656,9.29468
3018,-0.22488904,9.217396
3019,3.551351,9.540473
3020,-0.001733992,9.092217
3021,3.5063827,9.545165
3022,0.03947695,9.1661215
3023,-0.14173262,9.084411
3024,0.15483512,7.027706
3025,3.5622282,9.508914
3026,2.7512136,10.653913
3027,-0.61945,9.475798
3028,3.539109,9.57913
3029,3.5496006,9.589783
3030,-0.5007377,8.954046
3031,-0.5040577,9.184463
3033,-0.7471636,9.119684
3034,-0.32926854,9.392994
3035,-0.22446863,9.314163
3036,-0.44247866,9.154364
3037,-0.9449174,9.239771
3038,3.5989947,9.584618
3039,-0.13760056,9.257273
3040,3.575746,9.5385
3041,-0.39738142,8.620699
3042,0.0917134,9.208972
3043,-0.16181496,9.520225
3044,-0.30665383,9.233424
3045,-0.19695598,9.301638
3046,0.11559781,9.271224
3047,-0.3175595,9.130604
3048,-0.42991048,8.990301
3049,0.1694557,9.308358
3050,-0.27160645,8.926221
3051,-0.16776326,9.275791
3052,-0.42285416,9.024457
3053,-0.006237642,9.716436
3054,-0.37145174,9.131047
3055,3.5854437,9.550125
3056,-0.49080527,9.05287
3057,3.5975943,9.636709
3058,3.558083,9.585353
3059,-0.28318357,9.248779
3060,-0.48438257,9.036336
3061,0.022070039,9.314692
3062,-0.17334129,9.220261
3063,3.4887316,9.482014
3064,3.2170942,11.837041
3065,0.08088938,9.419914
3066,3.5769253,9.585539
3067,0.08487379,9.257086
3068,3.5949402,9.464398
3069,-0.25932112,9.129275
3070,-0.40638402,8.772305
3071,-0.17202483,8.785847
3072,3.690511,9.6279545
3073,0.012286037,9.41428
3074,0.15725012,9.489211
3075,0.05156598,9.400284
3076,3.5338597,9.530691
3077,3.568393,9.535347
3078,3.5152276,9.55978
3079,3.519735,9.570424
3080,3.5638375,9.585506
3081,3.5887527,9.522813
3082,3.5714297,9.568453
3083,3.5786939,9.546668
3084,0.018332904,9.366841
3085,-0.2537748,9.276291
3086,-0.14497556,9.435231
3087,0.08561134,9.431727
3088,0.02398852,9.431786
3089,-0.13914259,9.305812
3090,-0.029164465,8.813415
3091,-0.21866369,9.321847
3092,-0.22627056,9.191901
3093,-0.6329392,8.725506
3094,3.548218,9.577479
3095,3.5320778,9.57577
3096,3.0671294,9.097063
3097,3.516198,9.535496
3098,-0.32007426,8.540596
3099,-0.18915153,9.327986
3100,-0.113739215,9.559351
3101,3.1410444,9.133527
3102,3.5118437,9.438856
3103,3.676112,9.661582
3104,3.6404383,9.667475
3105,0.10250414,9.440304
3106,0.07361717,9.401563
3107,3.6530561,9.71203
3108,0.05047505,9.396129
3109,3.6336486,9.687194
3110,-3.0394006,3.934092
3111,-0.15334374,9.140026
3112,3.4923096,9.149587
3113,-0.079547435,9.259447
3114,3.4865012,9.524849
3115,-0.16861306,9.219776
3116,-4.1529627,6.310566
3117,-4.075722,6.2237186
3118,-4.243431,6.1881332
3120,-3.2220147,5.4340415
3121,-3.9882827,5.79885
3122,-4.2182655,5.503726
3123,-4.245855,7.2810144
3124,-4.268271,5.871189
3125,-0.5737654,8.3181925
3126,-3.603929,5.8852215
3127,-2.938619,5.3926096
3128,-0.98453987,2.629744
3129,-3.2985826,5.8255415
3130,-4.416675,5.715698
3131,-4.23473,7.3326707
3132,-4.233863,7.3269486
3133,-3.762192,6.349327
3134,-3.8961432,4.54165
3135,-4.3071365,5.9865756
3136,-4.231052,7.3265214
3137,-4.10419,6.0255446
3138,-3.1103494,4.5260158
3139,-3.7903402,5.238881
3140,-3.6638353,5.614601
3141,-4.270471,6.123667
3142,-3.7946663,6.172685
3143,-3.8869693,6.2715507
3144,-3.637066,5.014745
3145,-4.120379,6.1947107
3146,-3.641675,6.2722287
3147,-3.721156,6.349567
3148,-3.664151,6.4339943
3149,-4.138637,6.1114283
3150,-4.1414304,6.394975
3151,-3.9329023,6.3413067
3152,-4.0959425,6.0062346
3153,-4.127182,6.0391903
3154,-4.0925655,6.3117485
3155,-4.295123,5.9647274
3156,-3.9916835,5.9643693
3157,-2.6498706,5.4956107
3158,-3.7304103,6.0950966
3159,-3.3335981,5.7616262
3160,-3.7321405,6.1908207
3161,-3.6359253,6.282161
3162,-4.2185187,7.348794
3163,-4.2521625,7.299665
3164,-4.2595673,7.276211
3165,-4.2679396,7.2355733
3166,-4.2926464,7.319332
3167,-4.279355,7.255952
3168,-4.066876,5.7970133
3169,-4.128506,6.142395
3170,-3.699787,6.4027534
3171,-4.0349298,6.218569
3172,-4.255802,7.268485
3173,-4.1952953,6.146774
3174,-3.0185025,3.402158
3175,-4.246424,7.289932
3176,-4.231651,7.245504
3177,-4.3543944,6.554921
3178,-4.33048,5.76037
3179,-4.2677507,7.2371435
3180,-4.226344,6.096216
3181,-4.256723,6.272181
3182,-4.234885,6.3102837
3183,-4.21625,6.1869936
3184,-3.9477842,6.3101263
3185,-3.6326947,5.98115
3186,-3.9866836,6.2601714
3187,-3.6145988,1.4995302
3188,-3.1137507,3.7612774
3189,-4.288853,5.9810185
3190,-4.2117753,5.8434515
3191,-3.8744957,5.632801
3192,-3.9539187,6.0121365
3193,-4.1844134,5.7912445
3194,-1.8498712,3.8094516
3195,-4.001136,6.3528285
3196,-4.292342,6.3183007
3197,-3.7349026,6.3621335
3198,-4.123354,6.3209577
3199,-4.2475767,6.3103447
3200,-4.1954703,7.368168
3201,-4.19748,5.680323
3202,-4.0992227,5.523854
3203,-4.229401,7.297001
3204,-3.654896,5.707464
3205,-4.115846,5.5999727
3206,-4.3053308,6.3476396
3207,-4.1175714,5.940273
3208,-3.8301835,3.9003985
3209,-4.237659,6.335076
3210,-4.1658397,7.3411527
3211,-4.2218485,7.3347864
3212,-4.0697603,5.628463
3213,-4.25617,5.781095
3214,-4.286161,5.856173
3215,-4.326611,6.0527787
3216,-4.0597873,6.221478
3217,-4.204762,6.4557796
3218,-4.2504225,7.313741
3219,-4.1986604,6.1535764
3220,-4.0642304,6.086907
3221,-2.6305225,4.0048933
3222,-4.101213,6.0001807
3223,-4.288654,5.9822288
3224,-4.3252473,6.0480127
3225,-4.379418,5.8641605
3226,-4.327301,6.496819
3227,-4.1808853,6.14206
3228,-2.9593997,5.14427
3229,-3.9722724,6.246506
3230,-4.203219,7.3801885
3231,-4.1354556,6.0818286
3232,-3.7905445,4.5905304
3233,-3.6236517,6.2658243
3234,-4.1491857,7.4263806
3235,-4.2500935,7.314105
3236,-4.2680445,7.2948146
3237,-3.8670645,6.0364957
3238,-3.72553,6.403854
3240,-4.3355737,5.9038634
3241,-4.2532344,6.1288133
3242,-4.326845,5.803866
3243,-3.577446,6.0577
3244,-4.041826,5.938434
3245,-4.021639,6.1183724
3246,-3.6741097,6.2949114
3247,-3.8396723,5.709551
3248,-4.2170653,7.3106675
3249,-3.8535554,6.450902
3250,-4.271501,7.2796903
3251,-4.1165094,6.407984
3252,-4.176132,6.148162
3253,-4.0780144,6.425114
3254,-3.80432,6.253484
3255,-3.6863735,6.1482596
3256,-4.1863394,6.275331
3257,-4.123632,6.0927796
3258,-3.762335,3.8284354
3259,-4.187676,6.1381474
3260,-3.891417,6.1684813
3261,-3.8009286,6.199577
3262,-3.7846396,6.366148
3263,-4.2480025,6.052205
3264,-3.7916968,6.336787
3265,-4.0295453,5.859537
3266,-3.71537,6.295333
3267,-3.5819724,6.262217
3268,-4.2324266,5.966237
3269,-3.8337145,4.509576
3270,-3.6651223,6.259401
3271,-4.2172465,6.2851005
3272,-3.882827,6.2051697
3273,-4.3082767,6.305127
3274,-3.7837772,5.613863
3275,-3.813912,6.143032
3276,-4.2385764,7.2791705
3277,-4.1540613,6.02592
3278,-4.1231546,6.1548176
3279,-4.0469146,6.4863005
3280,-4.190072,7.36103
3281,-3.992119,6.672826
3282,-4.505255,3.921425
3283,-4.246026,7.36304
3284,-4.2719297,5.7835875
3285,-3.9967384,5.6848154
3286,-3.7062626,6.2889185
3287,-3.9636712,6.055397
3288,-3.76374,6.3870735
3289,-4.299887,5.865226
3290,-4.1698093,6.1916656
3291,-4.0173383,5.527343
3292,-4.2405167,6.226403
3293,-4.185233,5.9485884
3294,-4.450126,6.033268
3295,-4.2022047,5.9593773
3296,-4.4337487,6.0500994
3297,-4.274073,7.2694488
3298,-4.2961373,7.187746
3299,-3.9916134,7.564143
3300,-3.9980288,6.336004
3301,-4.1839194,6.3339915
3302,-4.35141,5.9062815
3303,-4.391223,3.9463398
3304,-4.2543564,7.2980843
3305,-4.2680755,7.2885695
3306,-3.9681444,7.619255
3307,-3.2027037,5.63532
3308,-4.2440906,7.293297
3309,-4.016471,7.5310717
3310,-3.9916348,7.59379
3311,-3.977297,7.6158795
3312,-4.1415777,7.447188
3313,-3.9807062,7.5928493
3314,3.1359076,8.779263
3315,-2.0084977,1.7938459
3316,-2.9413335,3.2972262
3317,-0.8811302,2.3055127
3318,-1.8570099,1.7057939
3319,-3.0655143,2.8514836
3320,-2.4101846,2.8017669
3321,-0.355318,2.4570642
3322,-2.8302867,2.8136976
3323,-2.9779367,2.4674819
3324,-2.4864247,1.7248086
3325,-2.3194497,0.6972991
3326,-1.9079324,0.72047913
3327,-2.3133028,0.58558697
3328,-3.4919722,1.5426431
3329,-2.6541698,1.6397107
3330,-2.497102,2.530546
3331,-3.253117,3.406343
3332,-1.0246894,2.103615
3333,-2.5068226,1.9189188
3334,-3.6687393,2.3393302
3335,-3.1272044,1.8838602
3336,2.9808085,9.015578
3337,-2.473648,1.5335374
3338,-3.4726198,2.0240006
3339,-3.0188143,0.71882445
3340,-2.236643,0.9086639
3341,-2.5091596,1.4886166
3342,-4.2959514,3.2938263
3343,-1.4124119,2.0893416
3344,-2.2932894,1.0163475
3345,2.2154872,6.921951
3346,2.8349245,9.957737
3347,-2.5294478,1.3993185
3348,-2.1442287,1.2994214
3349,3.0755231,8.625111
3350,-0.4059928,2.0552464
3351,2.5504317,10.717632
3352,-2.1299648,0.69962734
3353,2.8864636,8.493
3354,-2.6239278,1.636234
3355,-2.8082836,1.7403404
3356,-3.2164557,1.6811832
3357,-2.8003967,1.7667637
3358,-3.442576,1.718239
3359,-2.7941043,1.6705841
3360,-2.7103417,1.7453356
3361,-2.8046076,1.6864218
3362,-2.2695937,1.0350212
3363,-2.2210333,0.9918782
3364,-3.3490448,2.1082544
3365,-2.9412546,1.6423923
3366,-1.9025302,1.641671
3367,-2.7553928,2.3666205
3368,-2.8453174,2.2234635
3369,-1.9613389,0.14827076
3370,-3.1822383,0.9484527
3371,-3.2455356,1.0101223
3372,-2.7798758,1.2441646
3373,-3.0762722,0.88914484
3374,-2.907117,1.3473961
3375,-3.2484553,1.1568856
3376,-3.258717,2.630074
3377,3.1890728,8.7019
3378,-2.2142484,2.0123131
3379,-2.71437,2.1949992
3380,-0.5118151,2.8861558
3381,-2.5607512,1.5525446
3382,-2.2786164,1.193558
3383,-4.0423274,1.8810353
3384,-1.2124362,2.1030738
3385,-2.6825674,2.5815663
3386,-3.5233462,1.9142427
3387,-2.3263159,2.6483235
3388,-4.0957217,2.5067346
3389,-3.283305,2.5010743
3390,-2.6755054,2.1253357
3391,-3.0930367,2.2291985
3392,-2.761932,1.9600943
3393,-3.0457814,3.3149307
3394,-3.8778841,3.5027575
3395,-4.2100515,2.5290768
3396,-2.5820947,1.6903718
3397,-3.1960897,2.0286012
3398,-1.8897883,0.027043998
3399,3.0879664,8.619915
3400,0.35925514,3.361742
3401,-2.0186746,0.40562263
3402,3.1373904,8.579803
3403,-3.95418,4.1938643
3404,-4.967878,3.2860286
3405,1.963938,6.2810335
3406,1.6672751,5.9390283
3407,0.23462056,2.966129
3408,2.208871,6.944681
3409,2.6151745,9.560838
3410,-2.1213865,1.2350026
3411,-2.9994304,2.382494
3412,-1.8032103,1.7683727
3413,-2.1326804,1.297632
3414,-1.9904327,0.871129
3415,-2.152688,1.1926117
3416,2.2693872,7.0630584
3417,-4.4283743,2.150929
3418,-2.1539118,1.8211533
3419,-3.0770657,2.4004562
3420,-2.5172253,2.8916445
3421,-1.9360892,0.62784004
3422,2.4438574,10.210092
3423,-2.8664565,1.7843076
3424,2.8792913,9.28632
3425,-2.9973376,1.6949519
3426,-3.797688,2.6589482
3427,-0.077097505,2.142754
3428,-3.1163511,2.5436485
3429,-3.5808861,2.4119337
3430,-2.741382,1.0075443
3431,-3.1146858,1.8896146
3432,2.5469701,9.972207
3433,-3.553284,2.4259825
3434,-3.1759346,2.3914979
3435,-0.14376959,7.493386
3436,-2.28212,3.983624
3437,-2.8720083,2.3323114
3438,3.938085,7.3309393
3439,2.892555,10.039187
3440,2.7345986,9.250671
3441,2.219485,6.9300866
3442,-2.2175035,1.1542811
3443,-2.8641627,1.3427664
3444,-0.08686673,2.2345068
3445,-2.0914462,0.9843865
3446,-2.9965334,2.2829905
3447,3.0658855,5.9553146
3448,-2.79468,2.2176144
3449,-2.520454,1.0387663
3450,-2.3516436,1.2991855
3451,-2.8555758,1.5211295
3452,-2.8212185,0.6972138
3453,-3.5906143,3.4227536
3454,-2.0391357,0.7765372
3455,-2.0373998,0.61368436
3456,-3.4527733,2.7903364
3457,-3.384977,3.0364268
3458,-3.0913324,2.496884
3459,-3.587523,2.4517877
3460,-1.5006019,0.16962774
3461,-2.034325,0.45414206
3462,3.169346,8.397306
3463,-2.8876207,2.2707233
3464,-0.21668401,2.2373521
3465,-2.6694214,1.4978156
3466,-2.8854666,2.3787274
3467,-2.932596,3.2337778
3468,-2.2002342,0.8072777
3469,-2.2684047,0.61589724
3470,-2.8854458,0.9849815
3471,-2.83359,1.9361511
3472,-1.9330229,-0.123674065
3473,-2.5389469,2.4068804
3474,-2.4375985,1.224446
3475,-3.4979844,1.4438282
3476,-2.738126,1.8201495
3477,3.0906575,8.618918
3478,-2.8253977,1.751522
3479,-2.8365593,1.6938354
3480,3.188617,8.343856
3481,-2.864894,1.5235677
3482,-1.9980385,0.2130267
3483,-2.4323318,1.836367
3484,-2.789006,3.3213859
3485,-2.8873806,3.7341158
3486,-2.904407,1.7551748
3487,-2.010909,0.63125014
3488,-3.4379566,2.4816165
3489,-3.475826,2.4979026
3490,-2.920396,1.66605
3491,-2.0048344,1.9171983
3492,-2.7050674,1.7586963
3493,-2.8993204,1.9754219
3494,-2.8508518,2.3028061
3495,-0.3398658,7.7491927
3496,-3.0897841,2.4454904
3497,-3.5035744,2.4810858
3498,-3.1230738,2.9397233
3499,-2.6623182,1.703725
3500,-2.807128,1.6536984
3501,-3.148073,1.2376262
3502,-3.3514464,2.357392
3503,-3.819007,1.921336
3504,-2.2803218,0.869442
3505,-3.888017,7.699882
3506,2.3639016,10.222038
3507,2.62415,10.2514305
3508,3.1333945,8.66315
3509,-1.4136728,10.44014
3510,-0.69860196,6.9341707
3511,-0.50331557,4.568509
3512,-3.6836567,2.2503185
3513,2.0457997,9.380362
3514,-1.0719886,4.9220424
3515,-0.537515,4.638853
3516,0.8032778,8.972264
3517,1.0279284,9.000764
3518,1.3450867,8.913567
3519,0.21633397,9.17801
3520,2.1126397,9.184622
3521,1.9144855,9.139862
3522,1.9482806,9.63327
3523,-0.8367367,4.425495
3524,-4.1028066,3.3725889
3525,1.4305019,8.94701
3526,1.4527073,8.55671
3527,2.0219135,9.044575
3528,1.4824592,9.151653
3529,-0.20441741,8.3293085
3530,1.0695268,8.542323
3531,2.1190445,9.105819
3532,1.9887972,9.311635
3533,1.6758868,9.128772
3534,0.8404805,9.048236
3535,1.9209825,9.260462
3536,-4.5605817,2.3080282
3537,-0.51361036,4.670059
3538,-1.134661,9.836607
3539,-0.70758915,9.553212
3540,-3.652602,1.1723254
3541,0.45365795,8.084138
3542,2.3799758,9.878635
3543,-4.1095047,2.3290448
3544,0.74285084,9.010522
3545,0.5774012,8.86178
3546,1.3316468,8.930284
3547,-0.5381061,4.6114607
3548,2.025173,9.115292
3549,0.07001095,8.288341
3550,0.12925738,8.146776
3551,2.1038272,9.241356
3552,1.6082782,8.416161
3553,-1.2383564,9.11839
3554,0.97006875,8.782566
3555,1.3710201,8.597443
3556,0.76990813,8.907328
3557,-4.054807,2.6939793
3558,0.47219923,8.971311
3559,3.0455146,5.9581
3560,1.9212992,9.235689
3561,0.728721,8.803514
3562,1.9679642,8.454725
3563,2.330369,10.136111
3564,1.4965172,9.034145
3565,1.9646223,9.295809
3566,2.6993618,10.788516
3567,1.6922725,8.373733
3568,1.9387131,8.575353
3569,-1.2164646,8.6136465
3570,2.123707,9.402366
3571,0.53828996,8.502187
3572,0.3139455,8.102628
3573,1.8879038,9.244434
3574,0.7007748,8.793004
3575,-0.2522686,8.412902
3576,2.043716,9.168902
3577,-0.08896219,8.892011
3578,-0.44550842,9.391272
3579,1.7417222,9.06685
3580,1.3880869,8.9591675
3581,0.8969758,8.577864
3582,1.8879292,9.478244
3583,1.2399224,9.102138
3584,1.7237675,9.094922
3585,0.08320067,8.901478
3586,3.4181435,9.467306
3587,2.0623946,9.061801
3588,0.62402153,8.702586
3589,-1.592394,3.9879386
3590,2.0388198,8.651753
3591,-3.8460145,3.8086126
3592,1.9637201,8.463105
3593,1.8042991,9.177278
3594,-1.2768104,4.279334
3595,1.8342096,9.192122
3596,1.6951435,9.404054
3597,1.8201132,9.2294445
3598,2.1744237,9.2504015
3599,0.6955885,9.164494
3600,0.95674115,8.891782
3601,0.8887666,8.889845
3602,-0.5050461,9.3037405
3603,2.000451,9.265742
3604,1.9840665,8.809153
3605,-0.08689016,8.642131
3606,0.46081114,8.730923
3607,2.2114372,9.181871
3608,-0.5590731,8.666268
3609,0.90660024,8.887668
3610,0.9829328,8.957187
3611,1.9905008,9.259586
3612,0.9773479,8.855182
3613,0.65777826,8.954524
3614,0.7891721,8.998249
3615,2.4387608,9.711118
3616,1.9264938,8.8972
3617,1.9860059,8.906882
3618,2.2158601,9.520282
3619,2.1808202,9.394873
3620,-3.6131485,2.116679
3621,2.1287222,9.207358
3622,-3.9238718,2.2448514
3623,-1.2595985,7.0979376
3624,1.7286496,8.852892
3625,1.8137734,8.734027
3626,1.4215138,9.02666
3627,0.014597904,8.911077
3628,1.0938092,5.659546
3629,1.25472,8.81596
3630,2.0143766,8.985073
3631,1.7658921,9.408451
3632,-0.4989448,8.028269
3633,-0.12747405,8.27557
3634,1.056568,8.488445
3635,1.1959715,8.755806
3636,0.828579,8.000093
3637,1.9468077,8.413082
3638,3.6453762,9.62829
3639,1.1542032,8.794894
3640,0.8368803,9.002277
3641,0.66472745,8.755168
3642,2.214885,9.442539
3643,0.81790364,8.9965725
3644,1.8212472,9.555623
3645,-0.90136516,9.247493
3646,0.61973065,8.861285
3647,1.8722376,9.102779
3648,1.893694,9.2672615
3649,-3.6436555,1.3438045
3650,1.0121794,8.910347
3651,0.76193064,8.576289
3652,0.5193542,8.8137865
3653,0.8644507,9.026992
3654,-0.6586185,9.282023
3655,0.86809057,8.922962
3656,2.2106454,9.111924
3657,0.38461432,8.145047
3658,1.0038968,9.04517
3659,2.1118941,9.45225
3660,1.9888905,8.736799
3661,1.9693117,8.601141
3662,-1.2912056,8.804445
3663,-0.3555797,9.53397
3664,-0.5708698,9.085479
3665,-1.361129,8.799264
3666,-1.4095204,8.831788
3667,-0.9116175,9.0748825
3668,-1.4744954,8.834893
3669,-1.448751,8.93954
3670,-1.4537631,8.797923
3671,2.0866914,11.058342
3672,-1.5553117,7.7071486
3673,-1.3329439,8.668637
3674,-1.3173615,9.093084
3675,2.6192107,11.049086
3676,-1.2477146,8.785893
3677,-1.3171058,9.079476
3678,-1.4390277,8.541325
3679,-1.1518248,8.464113
3680,-1.46286,8.798093
3681,-1.2248889,8.657544
3682,-1.2870386,8.755822
3683,-1.372032,8.749298
3684,3.3733394,11.99541
3685,3.344633,12.001896
3686,3.361293,11.924062
3687,3.357351,12.00921
3688,3.39139,12.001503
3689,-1.4381353,8.835612
3690,3.3053637,11.86903
3691,-1.3191376,9.153372
3692,-1.2718261,9.151634
3693,-1.1961012,9.223743
3694,-1.2389736,9.00888
3695,-1.1925707,9.222554
3696,3.3582678,11.790897
3697,-1.3052316,9.038744
3698,-1.3044622,9.165626
3699,3.138528,5.993416
3700,3.41599,11.963161
3701,-1.2062083,9.053766
3702,3.1620295,6.0244045
3703,-1.4127389,8.914996
3704,-1.326709,8.98799
3705,-1.4331026,8.804047
3706,-1.0599298,9.185736
3707,-1.1299378,9.194069
3708,2.684085,11.060605
3709,2.4476774,11.145275
3710,3.4064534,11.320408
3711,3.4032454,11.340702
3712,3.3909936,11.342002
3713,2.677841,11.156219
3714,3.2669947,10.660027
3715,3.4115474,11.373443
3716,3.4106627,11.627599
3717,3.4007754,11.623837
3718,3.341398,9.913057
3719,3.4073887,11.630623
3720,-1.1962062,8.784335
3721,3.2610307,11.87942
3722,3.4080837,11.448928
3723,-0.8915745,8.191767
3724,-0.89134145,9.324581
3725,-0.20581824,9.467692
3726,3.1755764,11.807855
3727,-0.86260957,8.338834
3728,-1.4946195,8.971482
3729,-1.4780209,8.945411
3730,-1.35688,8.927229
3731,-1.4566152,8.836526
3732,-1.4551772,8.834347
3733,2.3049407,11.158836
3734,3.2265615,11.838053
3735,3.3393397,11.377736
3736,3.2498937,11.919231
3737,3.2124085,11.902088
3738,3.3085785,11.997617
3739,3.4106524,11.374629
3740,-0.36809406,9.465609
3741,-1.0239134,9.260876
3742,3.3921058,11.702684
3743,-1.3671001,8.926981
3744,-0.7284353,9.119434
3745,-1.3451822,8.878156
3746,-3.817554,3.158463
3747,-1.5721188,8.446227
3748,-1.213986,9.1493845
3749,3.1937208,6.0346847
3750,3.496365,11.842756
3751,-1.1242937,9.123989
3752,3.392692,11.973153
3753,-1.196319,9.05349
3754,3.0023267,5.9797344
3755,-1.1769754,9.150845
3756,-0.8734412,9.257515
3757,-1.3482991,9.038217
3758,-1.3652543,9.051068
3759,-1.1843032,8.642082
3760,-1.3108582,9.0137415
3761,3.287279,11.92405
3762,3.2921486,11.953638
3763,3.3041594,11.939382
3764,2.6385512,11.146911
3765,3.421239,11.671787
3766,-1.0818756,9.190174
3767,-1.3445499,9.063156
3768,-3.8276162,2.9718845
3769,-3.8952413,3.259878
3770,2.6488311,11.122719
3771,-1.1456289,9.2368145
3772,-1.1324488,9.250731
3773,3.3465002,12.000627
3774,3.3375666,11.991008
3775,3.308779,11.968224
3776,3.2953327,11.986235
3777,3.3709958,12.000903
3778,3.357858,12.004771
3779,3.3856003,11.996166
3780,3.354822,11.984797
3781,3.3730304,11.978275
3782,3.3396811,11.997216
3783,3.400738,11.938471
3784,3.3966258,11.937275
3785,2.533487,11.499695
3786,3.241968,11.895586
3787,3.2823565,11.925327
3788,3.3136177,11.808356
3789,3.4089475,11.355468
3790,3.0151474,5.963954
3791,3.342397,12.007479
3792,-1.4249636,8.821649
3793,-1.4417,8.871822
3794,3.3311274,12.003275
3795,-0.2863287,9.463756
3796,3.2512681,11.908016
3797,3.3597698,11.685266
3798,-1.0847682,9.062441
3799,3.221163,11.818387
3800,3.0501578,5.952225
3801,-0.9968806,8.968753
3802,-1.443346,8.843625
3803,3.216584,11.899621
3804,-1.0602193,9.01524
3805,1.830385,11.361987
3806,1.6356945,11.585176
3807,-0.13748619,8.280744
3808,-0.2314962,8.220463
3809,-1.3880888,6.9982142
3810,-0.8611251,9.081957
3811,-1.4153733,7.601129
3812,0.005546816,10.262028
3813,-1.4536572,10.482857
3814,-1.4897591,10.525688
3815,-1.460073,10.489691
3816,-1.4100684,10.436366
3817,-1.4498233,10.476693
3818,-1.4498032,10.489451
3819,-1.4687482,10.49841
3820,-1.4706868,10.505715
3821,-1.4851217,10.517499
3822,-1.4391493,10.455931
3823,-0.08389822,10.105017
3824,-1.4543846,10.482852
3825,-0.045165885,10.177585
3826,-1.448937,10.473971
3827,-0.42388391,9.80862
3828,-1.1859533,8.699603
3829,-3.8275945,1.6176165
3830,1.6000583,11.535388
3831,0.0962454,10.327314
3832,-0.8416419,7.7809324
3833,-0.9269936,9.05288
3834,-0.024925102,10.211077
3835,-0.060296725,10.133136
3836,-0.7783005,8.736226
3837,0.07630858,10.423287
3838,3.121643,5.975928
3839,0.18604836,8.290981
3840,0.07936934,10.382981
3841,1.9254426,8.505338
3842,1.5819626,11.602663
3843,1.7378192,11.136161
3844,2.0515652,10.5434885
3845,3.1086483,5.961213
3846,2.7653146,6.4469457
3847,2.853001,6.1968446
3848,0.04671685,10.242001
3849,3.1017878,5.9623995
3850,1.5902466,11.494717
3851,1.7005,11.501694
3852,1.6169748,11.63504
3853,-0.32119045,9.920178
3854,-0.20347753,10.092499
3855,-0.49184105,8.4335375
3856,-0.43018526,8.358672
3857,-0.4842545,8.468934
3858,-3.8479447,1.4640892
3859,-0.31092197,8.4971695
3860,1.4632844,11.539198
3861,2.2013667,10.540102
3862,1.6378623,11.569583
3863,1.7981124,10.984125
3864,1.528857,11.759213
3865,1.556826,11.569955
3866,1.4242201,11.691299
3867,0.21719232,10.399526
3868,2.7701786,6.244032
3869,-1.0786141,9.078887
3870,1.4643754,11.515492
3871,0.089366876,10.253511
3872,-1.0126537,8.574982
3873,-0.9699974,7.1869545
3874,-1.1166598,7.203998
3875,1.3879571,11.890259
3876,-0.063206956,8.293196
3877,-0.0632302,8.369986
3878,-3.9897916,1.7783368
3879,0.3351402,10.587416
3880,1.4428296,11.472217
3881,2.2402134,10.927903
3882,1.4693419,11.641152
3883,-0.6958095,8.456201
3884,-3.9480288,2.6486123
3885,0.11902316,10.383535
3886,-0.99025977,5.9524965
3887,1.6469688,11.591771
3888,3.1683595,11.861704
3889,1.5321829,11.743951
3890,0.024904605,10.270364
3891,0.23075525,10.472332
3892,0.102274634,10.391431
3893,2.158876,10.657619
3894,0.019043684,10.209031
3895,0.011012962,10.245023
3896,-3.0576077,3.8333359
3897,1.3568372,11.37534
3898,1.4337491,11.472568
3899,1.4467657,11.471769
3900,1.4318037,11.443376
3901,1.4366254,11.415537
3902,1.1498264,11.464239
3903,0.12775506,10.434715
3904,1.464637,11.875503
3905,1.5136598,11.801614
3906,1.312184,11.862204
3907,0.076479845,10.267497
3908,0.2515699,10.271959
3909,-1.1079214,7.142968
3910,-3.982372,4.1043935
3911,1.600994,11.4751
3912,-0.16116075,10.12344
3913,-0.034402255,10.105244
3914,3.0669918,5.9444046
3915,1.4159867,11.434453
3916,0.14868721,10.403301
3917,0.21702726,10.467559
3918,-0.17898144,9.625663
3919,1.4778557,11.565956
3920,2.057447,11.213712
3921,-3.3964167,4.556268
3922,0.01261339,10.2151375
3923,-3.554062,3.4050362
3924,1.4544812,11.570026
3925,-3.9888384,2.8134398
3926,0.12683368,10.366296
3927,1.4465998,11.468985
3928,1.4649191,11.759163
3929,1.4657964,11.473
3930,1.435024,11.799497
3931,-0.77877456,8.363834
3932,1.4185998,11.53129
3933,1.7176847,11.046794
3934,1.5289861,11.578867
3935,1.586866,11.564874
3936,2.4592452,10.883168
3937,3.107119,5.9660864
3938,1.4049906,11.94533
3939,1.7265167,11.426376
3940,2.0307603,11.154389
3941,1.4290657,11.888975
3942,2.0898683,11.177334
3943,1.546352,11.715848
3944,1.5316085,11.6032915
3945,1.5673419,11.51424
3946,1.5613087,11.713441
3947,1.4345111,11.940967
3948,1.414768,11.8670635
3949,1.4126508,11.975269
3950,1.4266595,11.976179
3951,1.4471322,11.962125
3952,1.4129317,11.900597
3953,1.4063126,11.965831
3954,1.5397419,11.703082
3955,1.4644947,11.818548
3956,1.4835337,11.603453
3957,1.5859127,11.6617985
3958,1.4428872,11.881245
3959,1.3946123,11.909536
3960,1.389058,11.8886795
3961,1.4265314,11.82595
3962,1.5604595,11.451698
3963,1.6513525,11.432884
3964,1.6883996,11.401596
3965,1.3590739,11.846188
3966,2.2244132,10.656945
3967,1.451262,11.485221
3968,0.1678719,10.254204
3969,0.21888721,10.202453
3970,1.7648376,11.409498
3971,1.1243985,11.293704
3972,2.4249818,10.256379
3973,1.5723133,11.520889
3974,1.4922423,11.507283
3975,2.2011561,10.439371
3976,-1.6519018,8.617867
3977,1.5279921,11.442204
3978,2.811211,11.63384
3979,1.4043704,11.552581
3980,1.5356758,11.513823
3981,1.449863,11.534619
3982,1.417045,11.543945
3983,-0.6578438,8.202524
3984,-0.6939109,8.261219
3985,1.5867747,11.427044
3986,1.4396635,11.437609
3987,2.1999662,10.564689
3988,1.8120037,8.617276
3989,0.096424446,10.374904
3990,0.18602638,10.516726
3991,0.10859073,10.425097
3992,-4.0806236,2.907898
3993,-4.069274,3.090785
3994,-4.064999,3.0753891
3995,-3.9948647,3.1450176
3996,1.5263411,11.70728
3997,0.44176072,10.708057
3998,0.10080181,5.5846653
3999,-0.66034025,6.700908
4000,-0.091124594,5.513365
4001,-1.7334536,4.0535746
4002,-1.9703767,3.9691436
4003,-1.6323887,3.8635538
4004,-4.588091,3.3817563
4005,-0.48683965,6.073816
4006,-0.47237146,5.926676
4007,-0.3149815,6.106249
4008,-0.5833512,5.850093
4009,-0.6831717,6.673039
4010,-1.9832987,3.9215097
4011,-1.3531715,4.607138
4012,-0.84213465,6.1225696
4013,-2.0568407,0.8339152
4014,-0.574868,5.7871723
4015,-0.13212898,5.5001783
4016,-0.65841305,5.872506
4017,-1.2806851,4.145046
4018,-1.2384126,6.103642
4019,-1.4379851,4.7903366
4020,-0.24187309,5.860515
4021,-1.3445833,4.9795504
4022,-1.9169967,5.7509055
4023,-0.5587452,6.137394
4024,-0.57971066,5.879825
4025,-1.6724129,4.6884003
4026,-1.3449875,4.682255
4027,-1.7210765,4.593286
4028,-1.8442407,4.041869
4029,-0.9630286,5.838693
4030,0.19752757,5.52601
4031,-1.7673644,4.7374716
4032,0.1183256,5.5226684
4033,-1.5221539,4.4869666
4034,-1.087133,4.457559
4035,-0.5593083,6.0706906
4036,0.018752119,5.5601997
4037,-0.6044693,5.9335394
4038,-1.6379256,4.5205073
4039,-0.95815426,5.5744224
4040,-0.94064796,6.0018926
4041,-0.97951066,5.846707
4042,-1.0219986,5.9117618
4043,-0.9767504,5.900884
4044,-0.99179006,5.730078
4045,-0.90531105,6.014112
4046,-1.6529818,4.7216654
4047,-0.9800439,5.7868915
4048,-0.458138,5.9909153
4049,-1.3047676,5.0732164
4050,-0.6014115,5.9167743
4051,-0.024216665,5.4344573
4052,-0.958251,5.181502
4053,-0.30878726,5.739389
4054,-1.0753864,5.162715
4055,-0.82737994,5.178427
4056,-1.3650835,5.0368147
4057,-0.8521678,5.212286
4058,-1.052019,5.04585
4059,-0.77852434,5.610312
4060,-0.87665564,5.097293
4061,-1.5024447,4.841363
4062,-0.8501674,5.0515575
4063,-0.93227863,5.2775583
4064,-0.52127767,5.3516893
4065,-0.6006342,5.355401
4066,-0.30570832,5.6811543
4067,-1.9966356,3.518696
4068,-0.7589308,5.314228
4069,-0.3534412,2.9969308
4070,-1.2303638,4.8794236
4071,-0.48007753,5.6327147
4072,-0.765644,5.1755686
4073,0.10576073,5.5458097
4074,0.060833536,5.636974
4075,-2.622383,4.2562985
4076,-1.8036801,3.895971
4077,-1.2689928,4.3063197
4078,-0.38103184,5.5418935
4079,-1.0216559,5.921034
4080,-0.43606597,6.0200396
4081,-0.95290697,5.3979845
4082,-0.41867602,5.7918606
4083,-0.6903375,6.5948644
4084,-2.4889703,3.8595772
4085,-0.91841954,4.7007875
4086,-1.8935649,3.9944458
4087,-1.9776319,3.5572312
4088,-1.7756335,0.7129068
4089,-1.8843917,3.7892644
4090,-0.89068764,5.044617
4091,-0.27924117,5.6419883
4092,-0.48683292,5.924623
4093,-0.119708136,5.488846
4094,-1.6971885,5.9388423
4095,-0.9261847,5.9432178
4096,2.9460087,5.8689766
4097,-2.4713347,4.2994294
4098,-0.44959846,7.8630157
4099,-1.1430306,7.3255997
4100,-0.8861831,6.0434694
4101,-1.2287605,4.9964833
4102,0.068191655,5.6078343
4103,-0.55825186,5.771224
4104,-0.6016162,5.815757
4105,-0.71125907,5.8584394
4106,-0.19618608,5.4186025
4107,-1.6672657,5.1301656
4108,-0.53888667,5.932384
4109,-1.1170421,-0.32028288
4110,-1.5503129,4.87618
4111,-0.3250674,7.775607
4112,-0.41442105,7.3185163
4113,-0.6801622,6.79492
4114,-0.62012607,6.88793
4115,-0.20858532,7.5408797
4116,-1.8677146,4.1181736
4117,-1.6739231,3.8760738
4118,-1.6425048,3.918615
4119,2.862023,5.796745
4120,-1.5087947,5.037784
4121,0.12975311,5.5601687
4122,-1.9167565,3.5798635
4123,-0.6461838,5.888062
4124,-0.6488669,6.084656
4126,-1.9519193,4.5087466
4127,-0.49453315,5.6768217
4128,-0.7167214,6.0270576
4129,-1.0286095,6.17779
4130,-0.5050007,6.1543355
4131,-0.71552956,6.6939726
4132,-0.79794157,6.456803
4133,0.21471594,5.477428
4134,-0.7862845,6.547389
4135,0.07024935,5.455596
4136,-0.50373846,5.8714433
4137,-0.18471529,5.6832056
4138,-0.9775155,5.700666
4139,-0.28316954,7.4077535
4140,-0.098355256,5.5212374
4141,-0.7980382,5.444136
4142,-0.64648926,6.71185
4143,-0.35109386,5.63536
4144,-0.5716387,5.977639
4145,-0.90737504,5.546237
4146,-0.87570226,5.995575
4147,-1.1961638,5.148152
4148,-0.6187242,5.8118987
4149,-1.2727301,4.4071856
4150,-2.3844945,4.411273
4151,-1.7735803,4.389431
4152,-0.71570486,5.7882047
4153,-2.502297,4.334424
4154,-1.4056102,4.5565295
4155,-0.52917063,6.842814
4156,-0.8971481,-0.10596184
4157,-0.21596007,5.2988105
4158,-2.063087,3.1579478
4159,-0.5778202,5.916052
4160,-0.914549,4.6614575
4161,-0.4782286,5.80992
4162,-0.14403522,5.473634
4163,-2.0682673,3.5411787
4164,-1.4452419,5.1059027
4165,-0.023609856,5.492657
4166,-0.67847663,5.8830557
4167,2.8739657,5.8151608
4168,-1.86389,3.8074791
4169,-0.27974465,5.5600414
4170,-0.7631496,5.987239
4171,-2.4524698,4.1063375
4172,-1.6960891,4.367016
4173,-0.62959486,5.9096513
4174,-0.9287162,5.5420065
4175,-0.53634727,5.8776937
4176,-0.67707956,6.0625815
4177,-0.558796,6.496261
4178,-0.8932491,6.10364
4179,-2.401564,5.455658
4180,2.9161537,5.833954
4181,-0.4371938,5.9611964
4182,-2.7964034,5.0455585
4183,-2.0841968,4.291282
4184,-1.1428173,4.390038
4185,-1.0823487,4.657617
4186,-1.0118862,4.5313697
4187,-0.53765213,6.149835
4188,-0.42380795,6.041875
4189,-0.70893663,5.2923946
4190,-0.42164215,5.979787
4191,-1.1321468,-0.053359203
4192,-1.3884268,-0.040562287
4193,-1.4793658,-0.107647896
4194,-1.7958658,0.085968874
4195,-0.96246374,-0.15085244
4196,-1.2393074,-0.26263562
4197,-1.1418234,-0.5328416
4198,-1.2190342,-0.12666887
4199,-1.4066546,-0.524352
4200,-1.2444993,0.07982744
4201,-2.9202092,0.7922483
4202,-1.0398022,-0.03627849
4203,-1.1839764,-0.69969
4204,-1.4934357,-0.6311258
4205,-1.6943666,0.18291423
4206,-1.51121,-0.16337389
4207,-1.0837973,5.6277094
4208,-1.2270037,-0.40787
4209,-1.4654725,-0.52090067
4210,-1.4554024,-0.42822224
4211,-1.5360408,-0.31304
4212,-1.7063503,-0.042469192
4213,-1.5216513,-0.5179919
4214,-1.54297,0.018776651
4215,-1.0433433,-0.092882805
4216,-1.3896564,0.024091411
4217,-0.96686876,-0.11102914
4218,-1.365748,0.032815117
4219,-1.2820207,-0.2148385
4220,2.9241142,5.8490734
4221,-1.039202,-0.0464869
4222,-0.9209434,-0.07565461
4223,-0.9251275,-0.104550995
4224,-1.1972662,-0.1474704
4225,-1.2877979,-0.19339466
4226,-1.2472391,-0.19581139
4227,-0.99131644,-0.22400461
4228,-1.0949888,-0.0699803
4229,-1.9013082,4.3347464
4230,-0.8783488,-0.16035919
4231,-1.2679046,-0.60007524
4232,-1.1098053,-0.037927512
4233,-1.0690917,-0.27650562
4234,-1.3668895,-0.11729153
4235,-0.9540191,-0.1701255
4236,-1.0385123,6.707805
4237,-2.1584985,0.4363156
4238,-1.1678084,0.06759243
4239,-2.2947469,0.5510702
4240,-3.0550525,1.0519915
4241,-2.5503123,0.7180959
4242,2.9855363,5.8767867
4243,-1.7852794,0.10530208
4244,-1.0946898,-0.07608208
4245,-1.8956126,0.061256345
4246,-1.3078544,-0.6273268
4247,-1.1517123,-0.73696506
4248,-1.1843793,0.035242684
4249,-1.2228228,-0.4064461
4250,-1.1721685,-0.6806794
4251,-1.1981831,-0.70382
4252,-1.1985122,-0.56304
4253,-2.0500178,0.26997268
4254,-1.8018993,0.33399245
4255,-1.7107799,-0.46425956
4256,-1.5866774,-0.23494698
4257,-0.82875687,-0.14056635
4258,-0.9059445,-0.115977496
4259,-1.219778,-0.6486854
4260,-1.8240056,-0.24559192
4261,-0.8956466,-0.13108724
4262,-3.572265,3.6496344
4263,-0.98266095,-0.19517088
4264,-1.8420217,0.024540942
4265,-1.1206291,-0.05179144
4266,-1.7879081,-0.13699824
4267,-1.7692074,0.1407559
4268,-1.2190366,-0.01946679
4269,-3.116088,2.1667738
4270,-1.7099609,0.3474159
4271,-1.5152098,0.1802534
4272,-1.1952648,-0.08351274
4273,-1.7190251,0.1687948
4274,-1.6654788,-0.021118755
4275,-1.6719699,-0.04269436
4276,-1.776175,-0.15959015
4277,-0.8483969,-0.12754199
4278,-0.79034275,-0.11279485
4279,-1.1099565,-0.3806601
4280,-1.5256299,0.009375642
4281,-2.3289473,0.5241317
4282,-1.7260209,0.123208694
4283,-1.63985,-0.42946598
4284,-1.8257062,-0.25088024
4285,-1.5988522,-0.61678654
4286,-1.6634586,-0.46819153
4287,-1.6239727,-0.037235014
4288,-2.0256994,0.28151757
4289,-1.8121701,0.11829384
4290,-1.9260911,0.12108186
4291,-1.1900318,-0.080196984
4292,-1.3446667,0.05421152
4293,-1.1832367,0.102780685
4294,-1.2164358,0.115970805
4295,-1.0054339,-0.11580765
4296,-1.2139069,0.04447222
4297,-1.1631262,0.18773437
4298,-1.254921,-0.2631038
4299,-1.712064,4.485313
4300,-1.1466324,0.030629557
4301,-2.179015,4.2701383
4302,-2.2445745,3.3730576
4303,-1.2607839,-0.35681087
4304,-1.7487377,0.25568685
4305,-0.95350623,4.186497
4306,-1.5553938,0.3120578
4307,-1.9352505,0.17024116
4308,-2.3683052,0.44595608
4309,-1.8637723,-0.07063963
4310,-2.0640962,0.23166482
4311,-1.6213591,-0.43756336
4312,-0.083425805,5.3960185
4313,2.874437,5.807367
4314,-0.49047303,5.7326884
4315,-1.4970187,-0.38412085
4316,-0.992411,0.3101027
4317,-1.4796224,-0.5383961
4318,-0.8886168,-0.13426116
4319,-1.7192811,0.05361099
4320,-2.2543058,0.51909024
4321,-1.5462312,0.117383726
4322,-1.7556581,-0.3310642
4323,-0.9780467,-0.16142143
4324,-0.8561745,-0.14013557
4325,-1.7390561,0.07263889
4326,-1.1437078,-0.48170447
4327,-1.2294452,-0.0176207
4328,-1.2611455,-0.6224199
4329,-1.7233416,0.087946385
4330,-1.9139512,0.09270812
4331,-1.800276,-0.013356595
4332,-1.9129412,0.011585072
4333,-2.4358664,0.5961627
4334,3.0216377,5.910384
4335,2.981882,5.879633
4336,-1.6386362,-0.08974408
4337,-1.7355715,0.39106768
4338,-1.8436669,-0.10425689
4339,-2.3937624,0.57245827
4340,-1.8830976,-0.0033273178
4341,-2.308026,0.52792615
4342,-1.6790024,0.23280217
4343,-1.303961,0.20198049
4344,-2.3211777,3.3892517
4345,-1.4671417,-0.30486706
4346,-1.2988445,0.086830445
4347,-1.5272312,0.04704685
4348,-1.7056178,-0.014898296
4349,-1.8341354,4.06738
4350,-0.5414698,5.700023
4351,-0.659684,3.5966454
4352,-1.1216731,4.341784
4353,-1.5917193,4.338722
4354,-1.5911739,1.7320472
4355,-2.0292437,1.5629255
4356,-1.8796669,3.7103832
4357,-1.1514937,4.347901
4358,-1.9969878,4.255864
4359,-1.8354509,3.923135
4360,-0.9511929,3.6666179
4361,-0.96344185,3.3538318
4362,-1.8800986,3.751176
4363,-3.5080338,2.2746906
4364,-0.8628788,3.5885162
4365,-1.4845902,4.416279
4366,-1.5791533,3.753517
4367,-2.046256,0.28367898
4368,-1.7595276,4.452941
4369,-0.9633342,4.0835214
4370,-1.870239,4.0782647
4371,1.7889048,10.738351
4372,-1.6369034,0.3252179
4373,-1.9692496,2.4459639
4374,-0.84222984,3.948762
4375,-0.8109899,4.0065684
4376,-4.7058716,3.3569024
4377,-1.1427562,4.3569517
4378,-1.6999874,3.6098006
4379,-1.8805913,3.878923
4380,-2.247936,4.3272004
4381,-1.6363958,3.938111
4382,-1.3784834,4.710414
4383,-1.7072556,4.032532
4384,-1.6972092,3.9975984
4385,-2.1272473,3.4185467
4386,-0.9590323,4.1210394
4387,-1.4330877,4.164732
4388,-0.903545,3.96408
4389,3.154277,8.695119
4390,-1.0368642,4.2792654
4391,-0.877547,4.018331
4392,-2.2494998,1.165456
4393,-2.386559,0.85749435
4394,-1.5995085,3.5818663
4395,-1.7375821,3.998532
4396,-1.8041772,4.1258817
4397,-2.2311296,1.3301897
4398,-2.5427015,1.2176511
4399,-2.26121,1.373801
4400,-2.177337,1.3403757
4401,-2.3774266,1.282724
4402,-1.745007,3.9800754
4403,-2.3435738,1.2128696
4404,-1.4522583,4.195908
4405,-1.8074071,4.024639
4406,-1.0093894,4.459547
4407,-1.0027866,4.073978
4408,-2.2558384,1.3453436
4409,-2.1245768,1.3192954
4410,-0.9556504,4.3706656
4411,-2.0256257,4.1002126
4412,-2.328559,3.9985251
4413,-1.075798,4.828606
4414,-2.5060415,2.9534855
4415,-1.9213103,3.5514562
4416,-2.5637028,2.1365814
4417,-0.9750508,3.023563
4418,-1.0458072,4.390164
4419,3.0028672,5.90138
4420,2.8329697,8.466737
4421,-2.0520906,2.1811762
4422,-1.0756587,3.7885985
4423,-4.517189,3.2976756
4424,-2.472395,2.0665734
4425,2.6368606,10.696104
4426,-3.1303315,2.4596589
4427,-1.9186002,3.8024545
4428,2.7533631,10.519148
4429,-0.6161286,7.135108
4430,-1.0491257,4.637928
4431,-1.0360618,4.501269
4432,-0.79012585,4.4861655
4433,-1.4781485,4.220244
4434,-2.139402,4.319339
4435,-1.5820743,4.6877723
4436,-1.5574075,4.1588836
4437,-1.2729157,4.5938487
4438,-0.58839554,4.295756
4439,-2.1579237,1.550966
4440,-0.6554624,3.648252
4441,-1.1389672,3.8554056
4442,-2.0485117,3.6653173
4443,-2.3782227,4.104845
4444,-3.4479136,3.492482
4445,1.7201641,10.713251
4446,-3.2026389,2.6996863
4447,-0.9883698,4.356758
4448,-0.843148,3.9627903
4449,-1.056734,4.084668
4450,-1.5616513,4.4810605
4451,1.5883548,10.703651
4452,-1.0018619,3.4960725
4453,-1.0912352,3.5737355
4454,-1.1712215,4.7656074
4455,2.0933108,9.404955
4456,-0.8968035,4.293572
4457,-2.2023299,4.4938674
4458,0.15044215,2.9623332
4459,-0.66761136,4.3433337
4460,-1.5636508,4.642072
4461,-1.5583586,4.1250925
4462,-0.88596267,4.0887866
4463,-0.78946054,4.0946712
4464,-0.8520426,3.6701992
4465,2.5537717,10.761222
4466,-1.991018,4.092365
4467,-0.8364301,4.149968
4468,-0.33576152,2.6389804
4469,-0.80363184,4.508624
4470,-1.1429892,4.322565
4471,-1.7393858,4.046832
4472,-1.981919,3.9876847
4473,-2.0373478,4.0988564
4474,-1.952647,3.449444
4475,-2.104035,3.8905206
4476,-1.0882381,5.6694613
4477,-0.93759745,3.8977292
4478,-1.2461033,4.316289
4479,-0.89628476,4.0146537
4480,-0.99405116,3.6167233
4481,-0.8364503,3.9985373
4482,-1.5893234,4.6190505
4483,-0.82734823,4.1436477
4484,-1.3348727,1.8885239
4485,2.1843064,6.880638
4486,2.1393378,10.669538
4487,-2.4255793,4.5463796
4488,-4.14491,7.429842
4489,-1.9707019,4.1572547
4490,2.3569016,11.474505
4491,-0.85860175,3.9208705
4492,-0.88853467,3.935857
4493,-1.8910199,3.9294577
4494,-0.8854399,3.500193
4495,-3.799049,2.7300088
4496,-0.14679448,2.295298
4497,-2.3914309,3.812852
4498,-0.20927937,2.3995557
4499,-0.87010443,3.960361
4500,-0.9123019,4.3567567
4501,-0.8879744,3.9637177
4502,0.3794362,6.548162
4503,-0.3463227,4.6010265
4504,-0.4261126,4.5332694
4505,-0.45718995,5.3389983
4506,-1.1274611,4.3998113
4507,-1.5105593,4.3130784
4508,-1.0343419,4.4445896
4509,-1.0798091,4.5325847
4510,-2.2363312,2.0364702
4511,-1.0745847,4.4248652
4512,-0.94009894,3.8649995
4513,-1.2438684,4.390019
4514,-0.8809483,3.996476
4515,-2.2815459,1.4033269
4516,-2.0452714,1.7024027
4517,-1.3028693,4.2505126
4518,-3.370803,4.1307755
4519,-0.89624447,4.2106857
4520,-0.8756408,4.190697
4521,-0.9203843,4.1923614
4522,-0.9535157,4.337993
4523,-0.8923508,4.1685266
4524,-0.84271806,4.0366135
4525,-2.4792292,1.1770674
4526,-2.3817844,1.2997216
4527,-2.164557,1.4532443
4528,-0.88495314,4.069334
4529,-4.0813675,3.161641
4530,-1.1034988,4.531926
4531,-1.0306154,4.075602
4532,-1.4449489,1.7466273
4533,-1.6595739,1.7229664
4534,-1.1950295,2.240017
4535,-1.9398719,1.7174807
4536,-1.2280233,4.618237
4537,-0.90958816,4.5311866
4538,-0.9758882,4.348839
4539,-0.94370854,4.370252
4540,-1.1643864,4.485644
4541,-1.0873452,3.642591
4542,-0.342602,5.142909
4543,-2.221784,4.3609147
4544,11.169254,1.5436114
4545,11.172789,1.6048739
4546,11.879525,1.0125735
4547,11.276351,1.5757757
4548,11.729243,0.95741725
4549,11.176435,1.5661299
4550,11.176898,1.561048
4551,11.158928,1.5549778
4552,11.572125,1.6609623
4553,11.811543,1.0109999
4554,11.298122,1.6620667
4555,11.163429,1.5965807
4556,11.471666,1.3058679
4557,11.300096,1.5879098
4558,11.188139,1.5474927
4559,11.192034,1.5904112
4560,11.177772,1.5311532
4561,11.146699,1.5572839
4562,11.800429,1.0469607
4563,11.633387,1.7947515
4564,11.282879,1.6186132
4565,11.222027,1.5257266
4566,11.262512,1.5153996
4567,11.144218,1.565008
4568,11.845615,1.0175114
4569,11.888448,1.2976816
4570,11.542124,1.7556131
4571,11.866036,1.1679243
4572,11.937608,1.173474
4573,11.660552,1.7873819
4574,12.004067,1.7547512
4575,11.271496,1.5262378
4576,11.665174,0.84924316
4577,11.94754,1.9385592
4578,11.682492,1.6092663
4579,11.795936,1.053268
4580,11.876272,0.91417634
4581,11.650348,1.3811669
4582,11.682335,1.3497019
4583,11.87501,1.2616172
4584,11.779713,1.0336566
4585,11.824024,1.2604945
4586,11.871536,0.9384515
4587,11.183094,1.5420157
4588,11.951052,1.4416679
4589,11.777261,0.9304432
4590,12.100579,1.2728455
4591,11.72324,1.6103871
4592,12.054503,1.2787787
4593,11.900349,1.1473199
4594,11.184529,1.5547373
4595,11.56554,1.7419314
4596,11.615162,1.610561
4597,11.864919,1.7976005
4598,11.529099,1.8738126
4599,11.643057,1.6676092
4600,11.567051,1.8530638
4601,11.524991,1.8909366
4602,11.550274,1.9219193
4603,11.60217,1.8473701
4604,11.552992,1.8738273
4605,11.565958,1.9145621
4606,11.231466,1.4837826
4607,11.1736555,1.575321
4608,11.981351,1.987905
4609,11.838716,0.99332947
4610,11.817994,1.0740832
4611,12.017261,1.3126109
4612,11.939832,1.9557276
4613,11.358917,1.5734878
4614,11.99835,1.2903961
4615,11.648068,1.1584097
4616,11.096065,1.5751973
4617,11.297488,1.6849087
4618,11.151796,1.5507655
4619,11.294976,1.2455426
4620,11.236572,1.6070467
4621,11.274158,1.134312
4622,-0.5391624,1.2149533
4623,11.552684,1.0627528
4624,11.673453,0.9222407
4625,11.308606,1.1203071
4626,11.89406,1.0847856
4627,12.111337,1.2821333
4628,11.88474,1.3463801
4629,11.817613,1.3790687
4630,11.639646,1.7422132
4631,11.394312,1.435448
4632,11.902414,1.2609564
4633,11.74461,0.97704977
4634,11.7898445,0.9840511
4635,11.857538,1.1783327
4636,11.125741,1.5900608
4637,11.753578,1.3382082
4638,11.605458,1.7122866
4639,11.815661,1.0517089
4640,11.638195,1.6172296
4641,11.77276,0.9387504
4642,11.643306,1.2047955
4643,11.44617,1.3560195
4644,11.662639,1.0537001
4645,11.776802,1.0867081
4646,11.98617,1.6786618
4647,11.810721,0.9566615
4648,11.627827,1.6969943
4649,11.681151,1.6204703
4650,12.054598,1.2716051
4651,11.818507,0.993991
4652,12.0659685,1.3632457
4653,11.80555,1.0718737
4654,11.79715,1.0486798
4655,12.027516,1.5438981
4656,11.725782,1.8358516
4657,11.857012,1.8459914
4658,11.919033,1.864129
4659,11.691476,1.741202
4660,11.597203,1.4288299
4661,11.857623,0.9576204
4662,12.012586,1.6985912
4663,11.742816,1.0329489
4664,11.323149,1.0921793
4665,11.279615,1.1176594
4666,12.078262,1.3457719
4667,11.629618,1.7350427
4668,11.650607,1.7595351
4669,11.891948,1.1931002
4670,11.681434,1.5642624
4671,11.531156,1.4222071
4672,11.6695595,1.8202246
4673,11.910529,1.4908463
4674,11.828719,1.1271031
4675,11.831181,0.938726
4676,11.979365,1.2268537
4677,11.977086,1.4092438
4678,11.925215,1.3747094
4679,11.64887,1.1528289
4680,11.14857,1.5477934
4681,11.299411,1.0963837
4682,11.330394,1.0997518
4683,11.358722,1.7647762
4684,11.459382,1.114548
4685,11.992651,1.419993
4686,11.900259,1.1086333
4687,11.910779,1.1832467
4688,11.928012,1.1509161
4689,11.754594,1.017502
4690,11.313382,1.4453454
4691,11.264403,1.4798928
4692,11.266713,1.472311
4693,2.9804468,5.8682632
4694,12.02045,1.941606
4695,11.907395,1.0287782
4696,11.767485,1.0680726
4697,11.427551,1.4800686
4698,11.931451,1.069654
4699,11.901457,0.8867566
4700,11.841949,1.0639747
4701,11.212602,1.6214185
4702,11.666199,1.0099865
4703,11.873634,1.3320621
4704,11.684852,1.4689898
4705,11.564282,0.95442045
4706,11.854043,1.3388578
4707,11.978923,1.8820716
4708,11.158128,1.555457
4709,11.821354,1.0679877
4710,11.547338,1.8063085
4711,11.59283,0.86546785
4712,12.065503,1.2872518
4713,11.638075,1.6300842
4714,11.868633,1.1447996
4715,11.306847,1.5679711
4716,11.175893,1.4980235
4717,11.655825,0.951871
4718,11.788517,0.948595
4719,11.325371,1.3388275
4720,11.894497,1.0499759
4721,11.664673,1.6022732
4722,11.958147,1.2374252
4723,12.006132,1.3637795
4724,12.091205,1.2722062
4725,11.46076,1.3551216
4726,11.79917,1.1593447
4727,11.134498,1.5999298
4728,11.693248,1.6559856
4729,11.5933075,1.8356162
4730,11.510694,1.7129816
4731,11.18227,1.5718911
4732,11.776608,1.181125
4733,11.205871,1.5472616
