tsne_x,tsne_y,item_id
6.962098121643066,-29.033214569091797,1
9.540825843811035,-12.450637817382812,2
-20.630220413208008,10.020243644714355,3
46.775238037109375,5.532149314880371,4
52.159610748291016,9.607560157775879,5
16.72081756591797,-7.919909477233887,6
-11.671897888183594,-6.806081771850586,7
15.734560012817383,-7.8190083503723145,8
16.03849983215332,-7.901167869567871,9
17.05820083618164,-7.690138816833496,10
18.31407356262207,-4.174677848815918,11
19.48160171508789,-5.657008171081543,12
11.329407691955566,-2.012784004211426,13
2.2421927452087402,-22.878341674804688,14
20.731355667114258,12.867788314819336,15
15.218083381652832,2.3537240028381348,16
8.750431060791016,-12.762503623962402,17
20.247438430786133,14.55465316772461,18
8.717763900756836,-13.042217254638672,19
19.957763671875,15.293396949768066,20
20.09724235534668,14.4105224609375,21
10.343914985656738,15.508759498596191,22
19.860340118408203,14.298733711242676,23
18.989294052124023,15.283514976501465,24
20.43596839904785,13.579460144042969,25
19.12680435180664,11.45100212097168,26
19.46626091003418,14.031631469726562,27
11.845776557922363,9.993549346923828,28
18.362220764160156,8.034429550170898,29
6.573270320892334,-12.648862838745117,30
0.8742758631706238,15.899657249450684,31
-4.683444023132324,12.587749481201172,32
-9.797643661499023,-24.863597869873047,33
-14.086199760437012,-22.019800186157227,34
-8.898361206054688,-24.268733978271484,35
-12.91124153137207,-20.7065372467041,36
-14.12763786315918,-19.78247833251953,37
-7.1418304443359375,-6.962449073791504,38
11.348851203918457,10.811615943908691,39
-10.66267204284668,-20.455305099487305,40
7.131689548492432,-13.472585678100586,41
-11.936716079711914,-20.577926635742188,42
-12.731213569641113,-20.50667953491211,43
-12.399494171142578,-20.723739624023438,44
-13.11221981048584,-20.41075325012207,45
-25.00420379638672,5.136135578155518,46
-10.800407409667969,-25.407678604125977,47
-9.219419479370117,-26.223960876464844,48
8.87510871887207,-13.385383605957031,49
29.695846557617188,-33.2247428894043,50
34.79718780517578,-4.07664155960083,51
18.052223205566406,21.854366302490234,52
19.05516242980957,-0.9255293607711792,53
20.780364990234375,-1.346006155014038,54
18.474014282226562,-2.0322866439819336,55
33.62394714355469,-29.63267707824707,56
15.078655242919922,4.798788070678711,57
34.536190032958984,-31.30183219909668,58
16.785022735595703,2.241474151611328,59
19.181007385253906,-0.8385344743728638,60
22.416790008544922,-2.3127379417419434,61
16.230213165283203,-0.62455815076828,62
19.584075927734375,-2.262873888015747,63
21.68941307067871,-3.688704252243042,64
33.39800262451172,-29.011228561401367,65
18.097736358642578,21.978776931762695,66
17.535659790039062,-6.730073928833008,67
36.50225067138672,-32.04392623901367,68
31.137910842895508,-32.819793701171875,69
22.49883460998535,-2.717841148376465,70
24.132280349731445,-4.05125617980957,71
32.3783073425293,-30.20809555053711,72
33.523746490478516,-29.170711517333984,73
34.42210006713867,-31.014562606811523,74
18.97796058654785,-2.09561824798584,75
7.662516117095947,-17.538063049316406,76
22.937681198120117,-3.3300364017486572,77
-12.553451538085938,-21.9747371673584,78
-18.995147705078125,-1.1218795776367188,79
18.617753982543945,0.07298745214939117,80
10.445282936096191,-0.2738376259803772,81
7.347455978393555,9.543785095214844,82
12.916735649108887,-3.19606614112854,83
19.031980514526367,10.847169876098633,84
12.837357521057129,2.175412178039551,85
-9.41506576538086,-26.34377098083496,86
-8.002420425415039,-22.154226303100586,87
13.069192886352539,13.804178237915039,88
8.789863586425781,13.001110076904297,89
15.266468048095703,12.900042533874512,90
16.984703063964844,3.6493866443634033,91
5.331456184387207,16.7491397857666,92
4.717608451843262,10.430449485778809,93
4.869882106781006,10.949956893920898,94
-11.121663093566895,-13.084471702575684,95
0.2496061623096466,26.873523712158203,96
9.762385368347168,13.84225845336914,97
10.041414260864258,13.884284973144531,98
-14.318629264831543,10.19150161743164,99
18.44845962524414,1.0019426345825195,100
48.22705841064453,-10.641634941101074,101
-12.654131889343262,-18.53664779663086,102
-13.215252876281738,-22.258426666259766,103
-7.8508477210998535,-22.522201538085938,104
-6.583182334899902,-0.8639222979545593,105
12.282230377197266,15.55799674987793,106
4.093898773193359,-17.417709350585938,107
2.4161486625671387,-17.886493682861328,108
20.65182113647461,8.206722259521484,109
21.823265075683594,13.670584678649902,110
21.493318557739258,14.488200187683105,111
24.719701766967773,9.80825424194336,112
23.304765701293945,21.57846450805664,113
41.70494842529297,10.251635551452637,114
24.232494354248047,6.639849662780762,115
27.901107788085938,-12.408473014831543,116
8.526741027832031,-12.261148452758789,117
2.3782448768615723,-19.215862274169922,118
20.739580154418945,6.046027183532715,119
-25.32221031188965,8.168318748474121,120
19.213510513305664,8.127305030822754,121
20.493181228637695,11.724239349365234,122
21.242076873779297,12.557414054870605,123
21.71193504333496,13.297080993652344,124
-3.9708237648010254,-22.649463653564453,125
6.011789321899414,-17.98759651184082,126
-9.33789348602295,-25.02923583984375,127
-18.374956130981445,11.45947551727295,128
-4.440924644470215,0.6474387645721436,129
23.288545608520508,2.9720582962036133,130
-3.947723865509033,0.7028275728225708,131
-13.570033073425293,-19.93767738342285,132
21.527690887451172,9.201407432556152,133
15.66092586517334,1.915250301361084,134
19.172710418701172,9.390403747558594,135
11.659113883972168,-3.104051113128662,136
17.99993324279785,0.5248649716377258,137
20.166135787963867,10.818075180053711,138
20.323219299316406,8.032700538635254,139
18.431438446044922,0.3221437633037567,140
9.542316436767578,-30.22210121154785,141
8.106966972351074,-14.57055950164795,142
6.999456405639648,-13.144515037536621,143
21.15821075439453,6.3548502922058105,144
19.20977783203125,8.11417293548584,145
1.7434345483779907,-14.156012535095215,146
-8.512374877929688,-25.779321670532227,147
46.91520309448242,-12.212718963623047,148
51.191566467285156,9.677143096923828,149
18.168474197387695,-2.2488183975219727,150
-25.624086380004883,5.939116477966309,151
-25.480310440063477,7.414417743682861,152
6.531174659729004,-11.55140209197998,153
6.3870368003845215,-12.072237968444824,154
8.334359169006348,-13.467916488647461,155
5.631375789642334,-18.60255241394043,156
-10.087778091430664,-23.120018005371094,157
3.8842568397521973,-17.193010330200195,158
1.1524854898452759,-18.45269012451172,159
16.228837966918945,1.8478649854660034,160
5.205920696258545,17.91719627380371,161
-14.325371742248535,-5.96954870223999,162
-16.672618865966797,6.577885150909424,163
14.281177520751953,17.3416690826416,164
16.045452117919922,18.4486141204834,165
14.390986442565918,18.153175354003906,166
14.42509651184082,17.446800231933594,167
17.00882911682129,2.8287477493286133,168
16.806623458862305,6.824669361114502,169
-7.445742130279541,-24.944690704345703,170
-17.20673179626465,-12.617903709411621,171
6.168235778808594,-16.450172424316406,172
19.444751739501953,7.117474555969238,173
21.593599319458008,9.531493186950684,174
-24.00850486755371,6.118269443511963,175
11.427177429199219,9.914628982543945,176
21.612234115600586,-3.627398729324341,177
18.080467224121094,21.862764358520508,178
2.6598174571990967,-19.921751022338867,179
8.638999938964844,-11.622904777526855,180
5.143884181976318,-18.84136962890625,181
21.589872360229492,2.7231597900390625,182
-24.470775604248047,4.8701558113098145,183
21.583860397338867,2.8202269077301025,184
-6.692328929901123,7.354795932769775,185
20.80560302734375,2.1232054233551025,186
8.356843948364258,-14.550475120544434,187
4.912973403930664,-18.009597778320312,188
-3.306011915206909,-21.494781494140625,189
-2.9775123596191406,-23.050703048706055,190
-13.083017349243164,-22.553762435913086,191
-30.36693000793457,6.638770580291748,192
-53.772239685058594,-4.030803203582764,193
-30.170026779174805,-7.655454635620117,194
-21.885604858398438,8.777068138122559,195
-22.77035140991211,-4.130013465881348,196
-31.64897918701172,38.63541030883789,197
-54.44057846069336,-8.7979154586792,198
-59.22330856323242,0.8009373545646667,199
53.79056930541992,21.070476531982422,200
-18.08660316467285,3.6813244819641113,201
-12.20739459991455,-2.796417236328125,202
-18.219419479370117,5.394599437713623,203
-11.939046859741211,-5.76925802230835,204
-18.860078811645508,4.247737884521484,205
-21.32225227355957,5.0209784507751465,206
-19.24283790588379,3.1789588928222656,207
47.70649337768555,16.80082130432129,208
48.03890609741211,16.914894104003906,209
25.616735458374023,-23.510234832763672,210
43.941429138183594,4.212579250335693,211
-57.605857849121094,-0.3365271985530853,212
-58.0938835144043,-0.7362397313117981,213
-11.68350601196289,9.847639083862305,214
-51.58298110961914,-2.1073215007781982,215
-38.81277847290039,-0.36496680974960327,216
-54.81207275390625,-2.1597468852996826,217
-44.16887283325195,46.24592208862305,218
44.541168212890625,8.505508422851562,219
9.233819007873535,5.714485168457031,220
-34.46522521972656,10.621288299560547,221
-19.035991668701172,-25.08904266357422,222
-53.83808517456055,-5.085272312164307,223
-53.35368728637695,-5.33716344833374,224
-58.6634521484375,-3.940460443496704,225
-58.602943420410156,-3.8875391483306885,226
-58.6634521484375,-3.940460443496704,227
-53.499141693115234,-4.8268818855285645,228
-58.469966888427734,-2.74411678314209,229
-56.08228302001953,-2.587820053100586,230
-56.04547119140625,-2.744332790374756,231
-63.693702697753906,-8.758779525756836,232
-63.75743103027344,-9.473723411560059,233
-64.13615417480469,-9.842449188232422,234
-63.77553939819336,-9.316720962524414,235
-63.79610061645508,-9.22553825378418,236
-63.749874114990234,-9.366722106933594,237
-63.92061996459961,-9.762173652648926,238
-63.96312713623047,-9.341682434082031,239
-64.10149383544922,-9.292354583740234,240
-63.91520309448242,-9.752138137817383,241
-54.35856628417969,-4.675958156585693,242
-27.472570419311523,47.566566467285156,243
-31.007850646972656,43.831092834472656,244
-60.937103271484375,-3.8181614875793457,245
-26.909679412841797,5.530806541442871,246
-43.34773254394531,39.27455139160156,247
-43.79805374145508,39.21855926513672,248
-23.384063720703125,12.941383361816406,249
-26.949674606323242,-12.148815155029297,250
-28.02475357055664,-11.270428657531738,251
-61.441131591796875,-1.6468223333358765,252
-55.341407775878906,-2.1475610733032227,253
-52.940067291259766,-2.8164236545562744,254
-56.36267852783203,-1.2076396942138672,255
-55.750762939453125,-3.116062641143799,256
-55.159645080566406,-3.051732301712036,257
-54.053955078125,-3.411646842956543,258
-54.72433853149414,-1.4756958484649658,259
-54.26579284667969,-3.7570290565490723,260
-39.65715408325195,-2.5003437995910645,261
-52.836063385009766,-4.14792013168335,262
-39.623558044433594,-2.5164313316345215,263
-55.075279235839844,-2.311755657196045,264
-57.93330383300781,2.4315245151519775,265
-59.38431930541992,1.2941871881484985,266
-57.712608337402344,0.6401261687278748,267
-25.791465759277344,29.164936065673828,268
-25.72014617919922,29.127792358398438,269
-10.374554634094238,2.688519239425659,270
12.538318634033203,15.614303588867188,271
44.76311111450195,21.62003517150879,272
6.507297992706299,12.755932807922363,273
13.379343032836914,14.644368171691895,274
-57.3538818359375,0.8283729553222656,275
-28.840044021606445,36.34089279174805,276
-26.141740798950195,28.972084045410156,277
-14.72226619720459,13.483210563659668,278
-17.48044776916504,-7.107367515563965,279
-13.899070739746094,-5.965943813323975,280
-15.288976669311523,4.251594066619873,281
-14.68765640258789,9.735074043273926,282
-26.586585998535156,37.172176361083984,283
-21.175973892211914,1.0350252389907837,284
-35.59467315673828,29.326160430908203,285
-28.798370361328125,37.07056427001953,286
-55.22489547729492,-3.0497658252716064,287
-55.80738067626953,-3.266296148300171,288
-63.79610061645508,-9.22553825378418,289
-20.630477905273438,1.6983529329299927,290
-21.058385848999023,1.403814673423767,291
43.83146667480469,5.664319038391113,292
-27.200122833251953,38.22428894042969,293
30.4650936126709,28.91511344909668,294
28.468379974365234,11.292683601379395,295
-36.33077621459961,43.82938766479492,296
-52.91774368286133,5.931708812713623,297
-37.546043395996094,4.08227014541626,298
-37.578983306884766,3.1643893718719482,299
-27.944496154785156,-4.807924270629883,300
-30.427288055419922,-7.407809257507324,301
-42.326358795166016,1.702807068824768,302
30.674169540405273,8.433420181274414,303
50.816490173339844,17.916048049926758,304
29.610645294189453,10.01990795135498,305
-58.58860397338867,-0.33049899339675903,306
-23.370845794677734,-1.0514764785766602,307
-22.15671157836914,-3.4418156147003174,308
-39.93486404418945,-6.340991020202637,309
-49.65097427368164,-3.6519458293914795,310
-55.75387954711914,0.9500589966773987,311
-57.98723220825195,0.48955339193344116,312
-30.734397888183594,-4.585046768188477,313
29.61468505859375,-12.496904373168945,314
32.00706481933594,6.786631107330322,315
31.836946487426758,3.873457193374634,316
47.03542709350586,28.717304229736328,317
-26.23567771911621,2.8620927333831787,318
-33.92428207397461,38.84346389770508,319
-24.5162296295166,49.464019775390625,320
-33.32339859008789,38.24834060668945,321
-57.4841194152832,-2.3385043144226074,322
-55.16472244262695,-2.065720558166504,323
-58.46004867553711,-2.5587053298950195,324
-29.54205894470215,27.45505714416504,325
-29.555038452148438,27.454078674316406,326
-2.304701805114746,-3.6691830158233643,327
-1.884639859199524,-3.3869478702545166,328
-2.2405924797058105,-2.5008161067962646,329
-57.520442962646484,2.748885154724121,330
-34.09492111206055,-3.5957465171813965,331
-52.39189147949219,-2.597564220428467,332
-44.75087356567383,-0.8498871922492981,333
-39.61490249633789,0.8308634161949158,334
-15.768648147583008,7.654683589935303,335
-16.45786476135254,8.10344123840332,336
-16.962568283081055,9.493537902832031,337
-21.20660400390625,0.7145464420318604,338
-19.42977523803711,2.1781363487243652,339
-30.628589630126953,-4.997432708740234,340
-41.002811431884766,43.79829788208008,341
-41.17087936401367,44.06904220581055,342
-23.657346725463867,0.017590578645467758,343
1.573341965675354,6.970844268798828,344
-58.3237419128418,0.02169834077358246,345
-24.580265045166016,-3.8087401390075684,346
-13.750642776489258,0.4957638084888458,347
-24.429595947265625,-3.7862367630004883,348
34.20701217651367,-20.411359786987305,349
28.364927291870117,-20.4865779876709,350
26.130111694335938,-30.658540725708008,351
27.00414276123047,-13.679706573486328,352
50.96482849121094,-13.220425605773926,353
50.16231155395508,-12.442752838134766,354
21.34676742553711,-27.54547119140625,355
-21.540998458862305,-19.965944290161133,356
-17.07070541381836,3.514434576034546,357
25.849102020263672,-23.59975814819336,358
20.092098236083984,-16.101966857910156,359
25.82952308654785,-23.39619255065918,360
20.871803283691406,-15.900532722473145,361
21.609989166259766,-15.625847816467285,362
20.645288467407227,-15.942110061645508,363
25.858736038208008,-23.541929244995117,364
20.68113899230957,-15.717011451721191,365
21.041645050048828,-15.573566436767578,366
7.017227649688721,20.126386642456055,367
16.64763641357422,-24.238784790039062,368
4.881725788116455,6.694019317626953,369
17.296175003051758,15.532268524169922,370
-11.620094299316406,-29.26502227783203,371
16.739011764526367,15.39448070526123,372
-20.009552001953125,-23.711894989013672,373
-16.686891555786133,-19.288774490356445,374
-21.740894317626953,-20.769502639770508,375
16.15294647216797,-18.23113250732422,376
-18.16030502319336,-23.04138946533203,377
-20.451557159423828,-16.289594650268555,378
-9.849652290344238,-27.98163604736328,379
-19.574676513671875,-23.631290435791016,380
-10.560734748840332,-28.207075119018555,381
-16.765281677246094,-22.106597900390625,382
-19.301084518432617,-23.11682891845703,383
13.31561279296875,11.985264778137207,384
-18.423738479614258,-22.459915161132812,385
13.834013938903809,-24.344738006591797,386
12.05263614654541,-19.211694717407227,387
14.93954086303711,-24.787105560302734,388
25.814626693725586,-11.464886665344238,389
15.91836166381836,-16.09844207763672,390
-17.687437057495117,-5.857848167419434,391
-12.434239387512207,-9.247295379638672,392
-20.478355407714844,-16.391489028930664,393
-28.38559341430664,-11.645308494567871,394
-21.595640182495117,-25.124019622802734,395
30.476730346679688,-32.31644821166992,396
21.285919189453125,-4.448821067810059,397
32.69466018676758,-29.043453216552734,398
28.266155242919922,-38.82463073730469,399
23.33490753173828,-16.639415740966797,400
21.435882568359375,-4.938053131103516,401
29.76761817932129,-29.688825607299805,402
22.011022567749023,-17.942529678344727,403
22.067975997924805,-17.151527404785156,404
4.5709004402160645,-32.143096923828125,405
29.825510025024414,-33.157745361328125,406
18.60761833190918,-16.665298461914062,407
39.699893951416016,-32.630836486816406,408
-9.20361328125,-3.991096019744873,409
30.435199737548828,-30.34531593322754,410
22.045372009277344,-17.384382247924805,411
29.65799331665039,-29.606679916381836,412
23.663305282592773,-21.344833374023438,413
23.662782669067383,-21.34476089477539,414
-26.205554962158203,-2.7512762546539307,415
-25.846006393432617,-3.0331671237945557,416
29.206680297851562,-27.232725143432617,417
-22.696308135986328,-25.384014129638672,418
-22.560482025146484,-25.52235221862793,419
-23.185298919677734,-24.365970611572266,420
7.054505348205566,13.289865493774414,421
24.856597900390625,-4.103434085845947,422
16.420455932617188,-20.588443756103516,423
23.809751510620117,-5.918193340301514,424
-20.537174224853516,-22.305522918701172,425
-23.34280014038086,-1.285804271697998,426
-15.720653533935547,-4.027679443359375,427
-10.532672882080078,-28.87517738342285,428
-25.823368072509766,-1.4465879201889038,429
48.81081008911133,8.647822380065918,430
-12.277313232421875,-29.32647705078125,431
28.34467887878418,-28.424983978271484,432
28.65263557434082,-20.14069938659668,433
36.95052719116211,13.952058792114258,434
-9.79858112335205,-28.020225524902344,435
14.127344131469727,-41.10193634033203,436
25.235700607299805,5.74556827545166,437
-18.519054412841797,-22.928466796875,438
-19.110017776489258,-22.797590255737305,439
21.397247314453125,5.419998645782471,440
27.364002227783203,-1.150283932685852,441
23.575599670410156,21.9997615814209,442
31.628549575805664,3.9429028034210205,443
-20.803617477416992,-20.871152877807617,444
-20.439960479736328,-16.240686416625977,445
-18.636545181274414,-23.962535858154297,446
-22.070592880249023,-20.457895278930664,447
-22.750022888183594,-20.096176147460938,448
25.832677841186523,-31.584035873413086,449
-25.411521911621094,-3.06269907951355,450
-20.435609817504883,-25.822067260742188,451
-20.5897274017334,-25.4414119720459,452
-20.275466918945312,-25.07740592956543,453
-22.662389755249023,-26.0275821685791,454
-19.902618408203125,-24.258378982543945,455
13.126920700073242,-24.02688217163086,456
16.23015785217285,-25.532575607299805,457
26.05048179626465,-30.674470901489258,458
-20.022249221801758,-22.62225341796875,459
26.131315231323242,5.8636932373046875,460
25.917741775512695,6.22576904296875,461
25.92840576171875,-11.282419204711914,462
13.294386863708496,3.4887404441833496,463
-19.482694625854492,-22.017223358154297,464
-19.5877685546875,-22.25909423828125,465
-9.176722526550293,-29.466684341430664,466
-20.711288452148438,-23.150815963745117,467
-9.148296356201172,-29.415536880493164,468
-9.085782051086426,-29.583412170410156,469
-20.685922622680664,-24.75420570373535,470
-10.89326000213623,-24.535152435302734,471
-10.785914421081543,-24.194068908691406,472
-10.666923522949219,-23.89424705505371,473
-17.372962951660156,-23.52107810974121,474
-21.607561111450195,-22.10359001159668,475
-22.053102493286133,-21.935104370117188,476
-21.483915328979492,-22.32520294189453,477
21.731237411499023,-16.006343841552734,478
-11.19095516204834,-28.15427589416504,479
16.590038299560547,7.360965728759766,480
-21.662612915039062,-4.977962493896484,481
21.80925750732422,-15.643804550170898,482
-35.60218811035156,29.323713302612305,483
-20.769906997680664,-26.161832809448242,484
13.564615249633789,-24.777482986450195,485
-21.788644790649414,-20.829395294189453,486
25.810972213745117,-11.300091743469238,487
-8.235575675964355,-28.643943786621094,488
5.570061683654785,-19.525653839111328,489
-20.9071044921875,-25.749675750732422,490
-25.362199783325195,-3.1327109336853027,491
-9.4612455368042,-29.101703643798828,492
-10.056534767150879,-28.840312957763672,493
-10.465791702270508,-28.588403701782227,494
51.90415573120117,-4.025467872619629,495
23.567880630493164,21.848337173461914,496
15.646639823913574,-16.971046447753906,497
-18.08749008178711,-22.87055015563965,498
-18.237945556640625,-27.075151443481445,499
-50.50182342529297,12.661312103271484,500
-53.79252243041992,14.478521347045898,501
-58.0668830871582,18.835552215576172,502
-28.916051864624023,-7.995983600616455,503
-61.48826599121094,15.256789207458496,504
-14.6434907913208,1.6012743711471558,505
25.919925689697266,15.324835777282715,506
-58.97845458984375,19.568513870239258,507
-54.47627639770508,13.556892395019531,508
-54.48465347290039,13.655662536621094,509
-18.086671829223633,2.357534170150757,510
-17.655166625976562,-0.46866557002067566,511
-19.661523818969727,-4.421317100524902,512
-17.743755340576172,0.7797544598579407,513
-17.880529403686523,1.3617193698883057,514
-21.33501434326172,4.798421382904053,515
-18.134319305419922,2.7102322578430176,516
-12.010616302490234,-3.1103923320770264,517
-56.356693267822266,17.703407287597656,518
44.35366439819336,14.205602645874023,519
-39.35131072998047,18.614543914794922,520
-62.56501770019531,18.207983016967773,521
-18.799697875976562,-2.1662588119506836,522
-55.96381378173828,13.515567779541016,523
-37.05067443847656,-3.8670780658721924,524
-57.42329406738281,21.533918380737305,525
35.88178253173828,-15.304691314697266,526
-21.377788543701172,-7.600528717041016,527
-57.939517974853516,17.35538673400879,528
-56.568485260009766,14.34640121459961,529
-56.886051177978516,12.601313591003418,530
-55.545719146728516,11.207135200500488,531
-56.834049224853516,12.234283447265625,532
-56.83241653442383,11.657332420349121,533
-57.915855407714844,16.824695587158203,534
-58.37638854980469,17.078937530517578,535
-54.7752571105957,11.716779708862305,536
-59.07210922241211,12.370351791381836,537
-23.2911319732666,-6.778357982635498,538
-57.39038848876953,18.316463470458984,539
-54.93266296386719,15.818585395812988,540
-53.68262481689453,12.455639839172363,541
4.252688407897949,2.9486472606658936,542
3.8923211097717285,3.1770098209381104,543
-57.925514221191406,20.52512550354004,544
-40.826446533203125,10.745802879333496,545
-11.726032257080078,-3.6291143894195557,546
-17.94729232788086,-4.232795715332031,547
-62.738441467285156,-9.353705406188965,548
-62.7455940246582,-9.389015197753906,549
-63.94658660888672,19.2794189453125,550
-57.73880386352539,14.328516960144043,551
-60.850128173828125,14.264927864074707,552
-55.87961196899414,14.891112327575684,553
-19.828371047973633,-4.152798652648926,554
4.507112979888916,5.429611682891846,555
-4.241654872894287,22.54743766784668,556
-60.56120300292969,14.31281852722168,557
-60.5672492980957,-10.275287628173828,558
30.460987091064453,-24.100479125976562,559
-0.36107155680656433,3.419278621673584,560
-0.37226516008377075,2.925417900085449,561
29.81822967529297,-24.197959899902344,562
0.1812039315700531,0.2517901360988617,563
-0.6296313405036926,0.28399136662483215,564
0.11201392859220505,0.3332863748073578,565
6.678462505340576,3.665957450866699,566
-0.11761283874511719,0.45422685146331787,567
-0.36243706941604614,3.403223991394043,568
-0.37947121262550354,3.6391189098358154,569
54.062137603759766,25.622934341430664,570
-61.40882873535156,19.926910400390625,571
-33.62001037597656,-11.672609329223633,572
-59.440433502197266,12.451530456542969,573
-34.286190032958984,-12.576749801635742,574
-23.156190872192383,-7.037781715393066,575
-21.48444175720215,-8.581827163696289,576
-33.96422576904297,-11.989480972290039,577
-20.17168426513672,-2.91495680809021,578
2.11955189704895,3.5117056369781494,579
33.79566192626953,-23.66103744506836,580
-58.69488525390625,20.709951400756836,581
-60.09018325805664,16.32971954345703,582
-60.19941711425781,16.498268127441406,583
-43.64832305908203,20.632600784301758,584
4.902144908905029,0.8649541139602661,585
-19.38443946838379,-4.728771686553955,586
5.151364803314209,4.158351421356201,587
4.95936393737793,0.7224622368812561,588
-55.84409713745117,16.859697341918945,589
-52.45832824707031,11.661170959472656,590
-55.85232162475586,14.68693733215332,591
-53.53172302246094,13.36656665802002,592
-55.18467330932617,15.576860427856445,593
-62.77812957763672,-9.368677139282227,594
-52.15983200073242,14.121755599975586,595
-61.72664260864258,19.490577697753906,596
-5.903748512268066,-7.1292524337768555,597
-19.245912551879883,-2.348311424255371,598
-56.93440628051758,16.006759643554688,599
-14.749129295349121,-1.2238713502883911,600
-28.25501251220703,-7.673124313354492,601
-13.344145774841309,-5.3218674659729,602
-62.772422790527344,-9.541312217712402,603
-53.633785247802734,12.561971664428711,604
-22.17267608642578,-1.347915768623352,605
-52.650875091552734,11.998897552490234,606
-39.600894927978516,10.894083976745605,607
-59.6522216796875,14.042016983032227,608
-59.60342025756836,15.606419563293457,609
7.176948547363281,4.174699306488037,610
-18.508939743041992,-0.943216860294342,611
-18.3056697845459,-0.03834254667162895,612
2.088362693786621,3.017012357711792,613
-18.756999969482422,-0.35524260997772217,614
-57.699981689453125,20.230506896972656,615
43.4991569519043,12.611459732055664,616
49.8348274230957,12.215513229370117,617
43.345462799072266,12.106440544128418,618
43.10376739501953,12.14249324798584,619
29.178091049194336,-25.283166885375977,620
-56.95368576049805,18.50758934020996,621
2.9584171772003174,-25.94815444946289,622
-55.70410919189453,16.35672950744629,623
-19.40349006652832,-0.6195343732833862,624
-59.26093673706055,22.2691707611084,625
-20.394084930419922,-3.3366401195526123,626
-62.598388671875,18.15884017944336,627
-58.49370193481445,17.82383918762207,628
-19.230823516845703,0.27421897649765015,629
0.03878716379404068,1.4740631580352783,630
-58.104557037353516,15.327972412109375,631
-59.407081604003906,18.412147521972656,632
-22.58797836303711,-8.661477088928223,633
-60.834571838378906,15.864535331726074,634
-21.12499237060547,-8.865457534790039,635
-14.4915132522583,1.5278139114379883,636
-22.693220138549805,-1.3989413976669312,637
-17.334335327148438,-2.1768195629119873,638
-22.47581672668457,-7.211576461791992,639
-18.25922393798828,-0.6503751277923584,640
-14.455820083618164,-1.1672241687774658,641
-51.89249801635742,14.482087135314941,642
-5.534959316253662,-13.29467487335205,643
-39.7602424621582,13.155616760253906,644
-40.200294494628906,12.725973129272461,645
-55.96287155151367,15.109566688537598,646
-41.373878479003906,8.48291301727295,647
-23.116600036621094,-6.542297840118408,648
2.5418739318847656,4.719201564788818,649
30.80898094177246,-23.97905158996582,650
-22.57299041748047,-7.152841091156006,651
21.200889587402344,30.771522521972656,652
-57.60196304321289,19.762773513793945,653
-41.47153854370117,13.239469528198242,654
-20.056947708129883,-6.257195472717285,655
-52.852970123291016,10.732272148132324,656
-58.0428352355957,16.147478103637695,657
2.630622386932373,-0.7985596656799316,658
-53.00630569458008,12.582002639770508,659
-53.00181579589844,13.030741691589355,660
-63.878787994384766,19.26796531677246,661
-20.11302375793457,-2.4584028720855713,662
-57.86018753051758,18.24578094482422,663
-61.093658447265625,19.033533096313477,664
-59.813175201416016,14.442464828491211,665
-60.52070999145508,-10.235718727111816,666
-31.428987503051758,32.405616760253906,667
-61.38994598388672,14.467741966247559,668
-55.42201614379883,13.139595985412598,669
-41.33233642578125,13.577937126159668,670
-18.23215675354004,-3.293375015258789,671
-47.211936950683594,22.98525047302246,672
32.27298355102539,-10.906015396118164,673
-24.775419235229492,-8.08332347869873,674
-20.29128074645996,-2.587740659713745,675
-58.96402359008789,17.189701080322266,676
-56.339622497558594,16.524288177490234,677
-56.445343017578125,15.01362419128418,678
-18.1914005279541,-0.18616297841072083,679
-17.018836975097656,-0.04099813476204872,680
33.01992416381836,-22.92666244506836,681
-54.647865295410156,17.98145866394043,682
-63.87815856933594,19.26084327697754,683
-57.135948181152344,20.645854949951172,684
16.30148696899414,-14.740546226501465,685
2.216468334197998,2.1094746589660645,686
-57.699981689453125,20.230506896972656,687
2.1603994369506836,2.5530405044555664,688
-57.32848358154297,21.310148239135742,689
-59.508731842041016,20.6800594329834,690
-59.09552764892578,15.361797332763672,691
-31.219789505004883,-54.405582427978516,692
-28.315032958984375,-52.69123458862305,693
-31.879680633544922,-55.19472885131836,694
-28.25177001953125,-52.568687438964844,695
-28.174158096313477,-52.52296447753906,696
-31.730060577392578,-55.385677337646484,697
-36.23500061035156,-56.74419021606445,698
-10.487993240356445,-71.193115234375,699
-33.16167449951172,-51.37628173828125,700
-19.273645401000977,-56.560062408447266,701
-19.407939910888672,-56.3558349609375,702
-31.306880950927734,-52.32624053955078,703
-33.994590759277344,-50.352378845214844,704
-12.495838165283203,-69.04434204101562,705
-29.605058670043945,-57.46506118774414,706
-36.57882308959961,-47.57707595825195,707
-33.583621978759766,-55.18638610839844,708
-19.659515380859375,-56.5913200378418,709
-19.79026222229004,-56.468292236328125,710
-32.85723114013672,-49.08233642578125,711
-31.23758888244629,-54.071502685546875,712
-29.751731872558594,-48.62822341918945,713
-29.541372299194336,-48.46623992919922,714
-29.312578201293945,-48.41810607910156,715
-29.36934471130371,-48.43967819213867,716
-27.431522369384766,-55.16532516479492,717
-27.39129066467285,-55.35678482055664,718
-28.02251625061035,-56.42934036254883,719
-27.41395378112793,-55.18324661254883,720
-27.969547271728516,-56.353614807128906,721
-33.05488967895508,-57.61282730102539,722
-21.746585845947266,-60.73240661621094,723
-18.62696075439453,-65.40801239013672,724
-19.665613174438477,-64.51339721679688,725
-28.165952682495117,-53.98220443725586,726
-21.5079345703125,-56.67144775390625,727
-17.264049530029297,-61.0164794921875,728
-19.96767807006836,-56.295494079589844,729
-33.24890899658203,-54.87533187866211,730
-31.025510787963867,-57.57862854003906,731
-26.9523868560791,-55.7727165222168,732
-19.949247360229492,-56.82953643798828,733
-30.339323043823242,-51.87449264526367,734
-30.69872283935547,-58.08408737182617,735
-36.938751220703125,-46.115089416503906,736
-36.978065490722656,-46.0960693359375,737
-36.71868133544922,-46.78639221191406,738
-36.597808837890625,-46.92594909667969,739
-36.9432487487793,-46.37992477416992,740
-19.690757751464844,-56.55436325073242,741
-35.917057037353516,-51.94403076171875,742
-29.821533203125,-51.94865417480469,743
-17.294403076171875,-59.98960494995117,744
-19.92542839050293,-64.66747283935547,745
-19.167518615722656,-65.93142700195312,746
-16.310867309570312,-64.46802520751953,747
-13.859532356262207,-66.37294006347656,748
-29.086090087890625,-53.097476959228516,749
-30.705076217651367,-47.13752365112305,750
-30.729162216186523,-47.10808181762695,751
-15.443671226501465,-60.6047477722168,752
-20.90204429626465,-59.22271728515625,753
-31.76013946533203,-52.32549285888672,754
-34.20244598388672,-57.09382247924805,755
-19.690250396728516,-56.400325775146484,756
-36.01620101928711,-56.737464904785156,757
-32.096702575683594,-51.021419525146484,758
-35.711795806884766,-54.90331268310547,759
-35.082916259765625,-48.74825668334961,760
-35.89045333862305,-46.906593322753906,761
-32.7872314453125,-47.57112121582031,762
-33.850528717041016,-46.57063674926758,763
-20.251708984375,-59.20086669921875,764
-17.595478057861328,-62.00342559814453,765
-8.461359024047852,-67.41571044921875,766
-30.265241622924805,-59.141387939453125,767
-38.797096252441406,-50.90720748901367,768
-39.88479232788086,-50.62908172607422,769
-38.950836181640625,-49.53691482543945,770
-39.307796478271484,-52.378196716308594,771
-38.951927185058594,-50.60434341430664,772
-32.54337692260742,-52.1689567565918,773
-38.8814582824707,-50.942100524902344,774
-39.1029167175293,-50.97930145263672,775
-38.61209487915039,-50.859710693359375,776
-38.952476501464844,-49.850791931152344,777
-37.825252532958984,-49.514137268066406,778
-32.071739196777344,-50.88518142700195,779
-34.91160202026367,-52.2479133605957,780
-39.84708023071289,-52.26555633544922,781
-39.65146255493164,-52.41506576538086,782
-39.38653564453125,-50.471553802490234,783
-39.65532302856445,-50.724727630615234,784
-39.027122497558594,-50.95872116088867,785
-39.03090286254883,-50.924278259277344,786
-37.731929779052734,-50.79862594604492,787
-38.38920593261719,-50.759368896484375,788
-33.476104736328125,-56.706321716308594,789
-35.64362716674805,-54.855316162109375,790
-35.65065383911133,-54.8315544128418,791
-35.59203338623047,-55.26082992553711,792
-34.29902648925781,-51.64487075805664,793
-35.4810905456543,-53.21006393432617,794
-35.893653869628906,-55.272544860839844,795
-35.32603073120117,-51.89812469482422,796
-34.95317840576172,-49.2191276550293,797
-34.86334991455078,-49.21411895751953,798
-33.58488845825195,-56.64251708984375,799
-34.012569427490234,-56.72373962402344,800
-34.26763153076172,-56.67333984375,801
-33.10135269165039,-56.44063186645508,802
-34.104469299316406,-56.70504379272461,803
-32.574485778808594,-51.88051986694336,804
-36.25320816040039,-53.39482498168945,805
-36.125,-53.31627655029297,806
-33.70656967163086,-49.248023986816406,807
-34.57474899291992,-48.815948486328125,808
-35.13711929321289,-55.48442459106445,809
-35.01173782348633,-49.4658317565918,810
-33.107017517089844,-57.579803466796875,811
-31.44278907775879,-56.687164306640625,812
-29.70505714416504,-55.443511962890625,813
-18.990474700927734,-57.84524154663086,814
-21.182907104492188,-61.57981491088867,815
-21.216203689575195,-61.34987258911133,816
-21.3170223236084,-62.011592864990234,817
-32.941741943359375,-46.567527770996094,818
-32.68806838989258,-46.71965789794922,819
-32.37311553955078,-47.907711029052734,820
-33.877166748046875,-47.46383285522461,821
-33.29521179199219,-47.268062591552734,822
-33.29341125488281,-47.49897766113281,823
-33.30122756958008,-47.15012741088867,824
-33.64429473876953,-48.02049255371094,825
-33.134239196777344,-47.237770080566406,826
-33.241085052490234,-46.98952865600586,827
-32.819644927978516,-45.9922981262207,828
-33.30497360229492,-46.93843460083008,829
-31.489377975463867,-48.972930908203125,830
-35.77281188964844,-47.29072952270508,831
-31.337751388549805,-50.10388946533203,832
-36.0488166809082,-49.12084197998047,833
-29.594812393188477,-54.63320541381836,834
-37.055641174316406,-53.55203628540039,835
-31.427656173706055,-49.382137298583984,836
-29.596580505371094,-52.76319885253906,837
-29.702404022216797,-52.423580169677734,838
-31.195457458496094,-49.759307861328125,839
-16.86374282836914,-63.01792526245117,840
-20.65874481201172,-64.82240295410156,841
-34.83077621459961,-50.96250915527344,842
-33.771785736083984,-52.587890625,843
-34.65782165527344,-47.807838439941406,844
-14.778876304626465,-63.808353424072266,845
-18.72507667541504,-63.60871124267578,846
-29.434722900390625,-53.37377166748047,847
-31.208467483520508,-50.70701599121094,848
-34.764102935791016,-46.98008728027344,849
-29.029712677001953,-57.58074951171875,850
-28.916824340820312,-56.923675537109375,851
-32.828914642333984,-51.298519134521484,852
-34.767417907714844,-47.19942092895508,853
-21.710735321044922,-56.966156005859375,854
-34.3030891418457,-53.6850700378418,855
-19.02812385559082,-57.68318176269531,856
-31.938949584960938,-56.16700744628906,857
-8.866604804992676,-71.53669738769531,858
-34.818023681640625,-53.20524215698242,859
-21.21912956237793,-56.433250427246094,860
-30.930326461791992,-54.29197311401367,861
-19.321727752685547,-63.719547271728516,862
-29.368385314941406,-51.22172546386719,863
-12.921570777893066,-72.08570861816406,864
-36.16522979736328,-50.571537017822266,865
-32.9830207824707,-51.422420501708984,866
-36.14445495605469,-47.55447769165039,867
-34.996299743652344,-52.42387771606445,868
-36.02881622314453,-50.6864013671875,869
-30.718942642211914,-55.89336013793945,870
-30.196107864379883,-56.049346923828125,871
-30.662412643432617,-55.855567932128906,872
-30.71571922302246,-55.78945541381836,873
-31.103378295898438,-56.03477478027344,874
-34.884918212890625,-52.52890396118164,875
-32.746273040771484,-49.969093322753906,876
-13.80245590209961,-61.63557052612305,877
-32.110076904296875,-52.794700622558594,878
-29.60232925415039,-52.077144622802734,879
-32.74441146850586,-49.8623161315918,880
-18.113285064697266,36.63144302368164,881
41.11814498901367,36.49793243408203,882
34.62441635131836,16.878738403320312,883
40.71462631225586,17.906780242919922,884
32.91291809082031,33.26081466674805,885
40.79802703857422,18.111621856689453,886
53.5782585144043,10.34635066986084,887
48.557769775390625,9.640856742858887,888
48.515541076660156,10.041925430297852,889
48.27228927612305,9.788691520690918,890
6.388401508331299,20.182981491088867,891
43.30696487426758,17.273475646972656,892
47.74246597290039,20.556764602661133,893
33.837100982666016,33.35364532470703,894
58.19416427612305,3.476829767227173,895
43.73760986328125,14.638858795166016,896
44.2305793762207,22.764446258544922,897
-3.5993213653564453,9.802124977111816,898
-17.065458297729492,37.52290344238281,899
2.4433889389038086,14.491722106933594,900
36.228939056396484,30.57990264892578,901
39.339969635009766,22.03982162475586,902
39.07205581665039,15.480162620544434,903
25.591615676879883,18.090736389160156,904
55.03315353393555,5.412239074707031,905
40.51285171508789,20.25069808959961,906
40.933372497558594,21.499027252197266,907
37.495811462402344,35.96318435668945,908
39.67658996582031,24.877914428710938,909
39.906673431396484,18.07076644897461,910
34.00809860229492,14.010628700256348,911
42.50418472290039,19.71052360534668,912
43.70194625854492,26.549766540527344,913
22.251855850219727,23.775753021240234,914
17.270675659179688,9.178529739379883,915
43.12971496582031,14.595806121826172,916
-23.309900283813477,-19.398042678833008,917
-20.805376052856445,35.62052917480469,918
48.53463363647461,25.342117309570312,919
37.212467193603516,12.545890808105469,920
58.249427795410156,-8.106616020202637,921
-22.56496238708496,40.90846252441406,922
30.757110595703125,15.673070907592773,923
37.82816696166992,-21.772790908813477,924
37.416072845458984,7.954710483551025,925
-32.79440689086914,-12.052582740783691,926
36.797420501708984,-23.64801788330078,927
42.97504425048828,-29.3375301361084,928
36.747642517089844,8.750042915344238,929
16.90654754638672,11.41552448272705,930
34.93730926513672,-17.648406982421875,931
36.550865173339844,-19.582609176635742,932
36.46707534790039,-19.150972366333008,933
39.55589294433594,-28.71200180053711,934
36.750335693359375,-17.620677947998047,935
36.188804626464844,8.48649787902832,936
35.88092803955078,-20.75940704345703,937
39.551204681396484,-19.40569496154785,938
35.82280349731445,-20.38644027709961,939
39.24125671386719,18.984600067138672,940
38.63984680175781,-22.18621826171875,941
37.61146926879883,9.245417594909668,942
37.44607925415039,-20.330799102783203,943
36.47085952758789,6.645316123962402,944
35.19837951660156,-18.11212921142578,945
37.1229133605957,-21.407041549682617,946
37.11295700073242,9.564740180969238,947
36.263797760009766,8.16724967956543,948
10.576170921325684,22.180110931396484,949
37.85508728027344,-22.103553771972656,950
35.47334289550781,-19.898630142211914,951
-50.04647445678711,15.848612785339355,952
0.34464970231056213,17.26747703552246,953
-18.313976287841797,33.074432373046875,954
-33.576114654541016,16.9063777923584,955
29.91615104675293,13.202524185180664,956
32.43132019042969,15.898383140563965,957
34.21714782714844,3.167388439178467,958
30.536855697631836,12.123743057250977,959
30.62327766418457,13.956793785095215,960
35.91664505004883,15.058446884155273,961
46.97545623779297,7.928428649902344,962
48.520877838134766,19.236379623413086,963
-1.2365124225616455,14.514047622680664,964
46.898521423339844,13.744611740112305,965
-19.231159210205078,31.216461181640625,966
22.377090454101562,23.739425659179688,967
13.315413475036621,14.427079200744629,968
37.56191635131836,3.6316897869110107,969
16.16620635986328,11.269219398498535,970
44.85884094238281,17.829042434692383,971
0.19515863060951233,13.690637588500977,972
54.2628173828125,10.223492622375488,973
4.859706401824951,15.910452842712402,974
18.92034912109375,6.058866024017334,975
52.730472564697266,13.843710899353027,976
51.930904388427734,16.730844497680664,977
4.359113693237305,15.088157653808594,978
-16.77888298034668,41.1278190612793,979
39.55051040649414,6.843371391296387,980
40.594329833984375,13.743631362915039,981
42.5479850769043,14.440742492675781,982
40.5263786315918,13.81872844696045,983
-16.77888298034668,41.1278190612793,984
24.253786087036133,8.846955299377441,985
-22.296722412109375,37.807594299316406,986
-19.312484741210938,34.672203063964844,987
12.368975639343262,13.367149353027344,988
-25.307680130004883,0.9279792308807373,989
50.58492660522461,27.462398529052734,990
-19.847393035888672,33.16581344604492,991
-19.769393920898438,31.464242935180664,992
-19.982295989990234,31.270492553710938,993
-19.769250869750977,31.46414566040039,994
39.65546798706055,5.870369911193848,995
34.390533447265625,9.711176872253418,996
36.6599006652832,17.114831924438477,997
34.034324645996094,9.210061073303223,998
49.780216217041016,12.89970874786377,999
35.63351821899414,16.89774513244629,1000
27.84463882446289,6.5424699783325195,1001
31.11995506286621,33.42660140991211,1002
35.00086212158203,15.623858451843262,1003
36.177757263183594,5.199507713317871,1004
26.250465393066406,19.42913055419922,1005
37.48371124267578,18.21729850769043,1006
32.26515197753906,1.5648257732391357,1007
39.62544631958008,22.352067947387695,1008
34.77185821533203,16.575313568115234,1009
43.296844482421875,19.878822326660156,1010
-17.670639038085938,36.37628173828125,1011
-17.73090171813965,36.245521545410156,1012
31.07801055908203,11.949195861816406,1013
29.90235137939453,2.527449369430542,1014
43.38507843017578,17.327634811401367,1015
36.61259078979492,2.627800464630127,1016
27.297000885009766,16.66120719909668,1017
46.427242279052734,9.41721248626709,1018
42.237213134765625,14.33625316619873,1019
39.47107696533203,6.404530048370361,1020
35.3302001953125,19.058433532714844,1021
41.68270492553711,17.52387809753418,1022
-19.648944854736328,-13.262457847595215,1023
-3.164076089859009,30.999874114990234,1024
-18.315780639648438,36.7817268371582,1025
29.89162826538086,12.273218154907227,1026
38.01023864746094,19.821455001831055,1027
38.9515495300293,20.622272491455078,1028
31.259357452392578,10.757019996643066,1029
35.63886642456055,5.094786643981934,1030
-39.37649917602539,10.502169609069824,1031
-46.84711837768555,11.700643539428711,1032
40.98306655883789,15.497366905212402,1033
39.68167495727539,16.686567306518555,1034
44.62636184692383,16.54485511779785,1035
34.41770553588867,15.660382270812988,1036
45.192623138427734,34.70330047607422,1037
36.08427429199219,11.304302215576172,1038
30.701398849487305,15.492151260375977,1039
24.258329391479492,19.01604652404785,1040
42.239200592041016,19.847177505493164,1041
-30.870311737060547,5.097204685211182,1042
-53.2685661315918,19.088157653808594,1043
42.440616607666016,1.4872287511825562,1044
-20.158222198486328,37.92903518676758,1045
35.301795959472656,17.712366104125977,1046
39.84484100341797,18.98211097717285,1047
24.451461791992188,1.7948633432388306,1048
37.316951751708984,22.252779006958008,1049
-15.598539352416992,30.271106719970703,1050
44.6316032409668,22.155004501342773,1051
47.166744232177734,15.952235221862793,1052
27.890575408935547,14.550018310546875,1053
43.77753829956055,22.696195602416992,1054
44.76068115234375,22.03809928894043,1055
-45.095977783203125,15.858808517456055,1056
28.41016960144043,8.827595710754395,1057
-8.398096084594727,20.635114669799805,1058
15.92158031463623,9.027087211608887,1059
25.81941795349121,25.24087142944336,1060
39.262542724609375,21.293888092041016,1061
-17.136377334594727,38.25009536743164,1062
38.35296630859375,14.537323951721191,1063
37.146446228027344,15.367475509643555,1064
40.76511764526367,15.443788528442383,1065
40.34138107299805,29.316389083862305,1066
36.915557861328125,30.358911514282227,1067
40.36942672729492,23.550373077392578,1068
43.4034423828125,26.781837463378906,1069
41.09601593017578,23.940860748291016,1070
41.552093505859375,6.805161476135254,1071
-20.319414138793945,33.12997055053711,1072
42.909324645996094,25.788793563842773,1073
5.211814880371094,38.659759521484375,1074
-5.451983451843262,26.232711791992188,1075
9.606756210327148,26.26345443725586,1076
-53.43361282348633,22.849985122680664,1077
2.338850975036621,39.26233673095703,1078
-49.85322570800781,24.81473731994629,1079
-49.583457946777344,24.968019485473633,1080
-49.60197448730469,24.9704532623291,1081
-46.6502571105957,23.8186092376709,1082
-40.803993225097656,8.420328140258789,1083
25.587974548339844,-22.651538848876953,1084
-44.12041473388672,28.138948440551758,1085
-42.2875862121582,20.49995231628418,1086
-42.56324005126953,20.983577728271484,1087
-42.74435806274414,20.83932113647461,1088
-41.00309371948242,21.205734252929688,1089
-42.60282897949219,22.13166046142578,1090
-36.84722900390625,23.03780174255371,1091
-42.884098052978516,22.12548828125,1092
-43.15275955200195,24.0925235748291,1093
-38.34931564331055,22.55706214904785,1094
-43.89982604980469,22.771299362182617,1095
-43.16988754272461,22.222021102905273,1096
-38.48683166503906,22.62811279296875,1097
-37.4423713684082,21.79637908935547,1098
-5.682218074798584,26.417993545532227,1099
-44.38093185424805,21.277559280395508,1100
-44.77933120727539,22.38512420654297,1101
-22.372766494750977,16.251039505004883,1102
-44.33892822265625,22.39638328552246,1103
-42.086692810058594,28.35780143737793,1104
6.911282062530518,6.071282386779785,1105
-43.53602981567383,12.393597602844238,1106
-0.4599325656890869,14.992592811584473,1107
-45.23041534423828,25.911767959594727,1108
-41.31805419921875,25.710155487060547,1109
-47.86861801147461,23.71704864501953,1110
-54.42988204956055,16.478971481323242,1111
-41.97032165527344,20.028146743774414,1112
-21.22793960571289,15.415810585021973,1113
2.981916904449463,23.66896629333496,1114
-32.873870849609375,-11.634628295898438,1115
11.597920417785645,33.16447067260742,1116
0.06887474656105042,24.79186248779297,1117
-26.371700286865234,-11.921424865722656,1118
-32.337684631347656,-15.321614265441895,1119
-31.896013259887695,-11.546265602111816,1120
-25.830432891845703,-6.636012554168701,1121
-33.51239776611328,-15.244110107421875,1122
-31.909587860107422,-13.859740257263184,1123
-41.78438186645508,27.032590866088867,1124
-31.02887725830078,-12.309919357299805,1125
-28.64227294921875,-8.73035717010498,1126
-32.64670944213867,-15.150284767150879,1127
-25.806962966918945,-6.545203685760498,1128
36.84801483154297,-26.562589645385742,1129
2.211695909500122,23.188318252563477,1130
0.5771031975746155,24.671140670776367,1131
3.0568625926971436,24.374835968017578,1132
1.537878394126892,23.178274154663086,1133
3.5303077697753906,24.713850021362305,1134
56.223846435546875,7.652522563934326,1135
1.7302500009536743,23.093631744384766,1136
34.965572357177734,-23.70132827758789,1137
2.094769239425659,23.128263473510742,1138
34.231483459472656,-26.857070922851562,1139
34.080387115478516,-25.134531021118164,1140
3.029010057449341,23.092998504638672,1141
34.870933532714844,-23.49380111694336,1142
34.2708625793457,-24.13479232788086,1143
33.18998336791992,-24.553346633911133,1144
35.640419006347656,-26.582469940185547,1145
10.694575309753418,29.798364639282227,1146
-44.6993408203125,23.92807388305664,1147
-41.92374801635742,28.203107833862305,1148
-15.878835678100586,20.187713623046875,1149
-12.677142143249512,2.114262580871582,1150
48.34168243408203,19.32971954345703,1151
-14.127264976501465,14.154264450073242,1152
31.077774047851562,36.11025619506836,1153
-0.5914052128791809,31.071868896484375,1154
10.796741485595703,15.19417667388916,1155
-11.840095520019531,5.4032158851623535,1156
7.2672553062438965,25.754545211791992,1157
-3.9595015048980713,26.591432571411133,1158
-2.075003147125244,14.808378219604492,1159
-3.7503738403320312,24.244558334350586,1160
6.994753837585449,25.376285552978516,1161
34.13576126098633,33.79816436767578,1162
1.8452565670013428,17.828001022338867,1163
9.384566307067871,26.3659610748291,1164
-13.239889144897461,36.49592971801758,1165
-27.080352783203125,36.52602005004883,1166
9.773987770080566,15.599078178405762,1167
-14.994624137878418,6.250575542449951,1168
-14.866446495056152,13.774559020996094,1169
-18.85138511657715,-4.697827339172363,1170
-38.83699417114258,19.86661720275879,1171
-38.88502883911133,19.36541175842285,1172
-21.44969367980957,-5.3011555671691895,1173
-39.01003646850586,19.707021713256836,1174
-17.712413787841797,15.587325096130371,1175
29.63912582397461,-8.750401496887207,1176
-22.599733352661133,11.554369926452637,1177
-8.405566215515137,35.458457946777344,1178
-42.01301956176758,21.729293823242188,1179
7.6894073486328125,35.139862060546875,1180
7.542101860046387,29.69347381591797,1181
-38.56351852416992,22.781686782836914,1182
-46.72312545776367,20.955841064453125,1183
-38.2962646484375,22.695777893066406,1184
20.92791175842285,22.41393280029297,1185
-17.486238479614258,13.05895709991455,1186
-28.534406661987305,-4.440321922302246,1187
-38.01483154296875,25.02022933959961,1188
29.305910110473633,3.4406023025512695,1189
-39.99216079711914,22.742778778076172,1190
-24.45868682861328,-6.903564929962158,1191
-47.62168884277344,27.707504272460938,1192
-44.77739715576172,25.237899780273438,1193
-45.06138610839844,25.577768325805664,1194
-40.72732162475586,27.64835548400879,1195
-47.505130767822266,25.96137809753418,1196
-17.712413787841797,15.587325096130371,1197
-38.23921203613281,24.645402908325195,1198
-43.72886276245117,25.66225242614746,1199
-41.66669845581055,25.823333740234375,1200
-42.19126510620117,24.129772186279297,1201
26.86475372314453,26.212997436523438,1202
8.917835235595703,-26.542583465576172,1203
-28.26617431640625,-5.8241424560546875,1204
34.9301872253418,-16.123226165771484,1205
47.503116607666016,29.57445526123047,1206
3.5271008014678955,23.79646110534668,1207
13.33036994934082,3.389488697052002,1208
-3.1897101402282715,25.509159088134766,1209
-43.720516204833984,26.278165817260742,1210
-43.41035842895508,26.017271041870117,1211
-42.5588264465332,11.44122314453125,1212
-45.81245040893555,23.58270263671875,1213
-40.5218391418457,20.37569808959961,1214
-47.26960754394531,21.69403076171875,1215
-44.18659591674805,26.314245223999023,1216
-45.773193359375,23.62727165222168,1217
-62.29423141479492,19.34745216369629,1218
-37.832576751708984,22.108203887939453,1219
-43.621002197265625,24.97239112854004,1220
-45.055908203125,26.89240074157715,1221
-44.62900161743164,27.408910751342773,1222
-44.87580108642578,26.519737243652344,1223
-47.567405700683594,22.07269859313965,1224
-44.88603973388672,27.607959747314453,1225
-41.94154739379883,29.19939613342285,1226
-49.144405364990234,24.15839195251465,1227
-42.66786575317383,26.834787368774414,1228
-42.79176712036133,26.887948989868164,1229
-42.1341667175293,23.720970153808594,1230
-43.85548400878906,27.138612747192383,1231
-42.02848434448242,27.251436233520508,1232
-44.38518142700195,27.18055534362793,1233
-47.85260772705078,22.005592346191406,1234
-48.07762145996094,23.40483283996582,1235
-43.96513366699219,27.555532455444336,1236
-40.1119270324707,22.841869354248047,1237
-43.908447265625,27.131031036376953,1238
-43.220149993896484,27.008445739746094,1239
-46.194026947021484,26.547313690185547,1240
-13.27199935913086,21.12487030029297,1241
-46.68342208862305,22.781063079833984,1242
-3.0909130573272705,26.544052124023438,1243
-4.061567306518555,25.873464584350586,1244
-4.798669815063477,25.378734588623047,1245
-3.9903206825256348,25.870176315307617,1246
-4.234267711639404,24.203733444213867,1247
-5.194609642028809,25.031702041625977,1248
-4.700528144836426,24.586252212524414,1249
-4.537866115570068,24.48686408996582,1250
-3.7930517196655273,25.98403549194336,1251
-4.162109375,25.746774673461914,1252
-19.422163009643555,9.490076065063477,1253
-45.53704833984375,18.347553253173828,1254
-26.963394165039062,-3.3266592025756836,1255
12.547492980957031,18.000043869018555,1256
-2.9698269367218018,24.3496150970459,1257
14.568228721618652,-27.86369514465332,1258
11.71664047241211,20.05251693725586,1259
-24.088048934936523,39.65717697143555,1260
43.252952575683594,-33.1283073425293,1261
-44.8520622253418,24.217573165893555,1262
31.546934127807617,2.919900894165039,1263
-16.655742645263672,32.98883056640625,1264
40.496734619140625,33.33344650268555,1265
42.37605285644531,12.114014625549316,1266
-44.924556732177734,25.012039184570312,1267
-45.29545593261719,26.098867416381836,1268
-44.069034576416016,24.76047706604004,1269
41.246463775634766,28.29579734802246,1270
-15.425006866455078,-11.79952621459961,1271
-22.991931915283203,11.96932601928711,1272
-15.721940994262695,39.23747253417969,1273
-49.59278106689453,10.256555557250977,1274
-23.52066421508789,-20.83635711669922,1275
-55.87779998779297,20.252628326416016,1276
8.084205627441406,-37.1666259765625,1277
3.3335845470428467,-31.70008659362793,1278
-10.455818176269531,-29.05541229248047,1279
-9.725911140441895,-27.75765037536621,1280
4.106545448303223,-36.74721908569336,1281
7.826571464538574,-35.704891204833984,1282
-3.8543872833251953,-31.627918243408203,1283
12.659632682800293,-40.78568649291992,1284
23.05525016784668,-25.12229347229004,1285
18.25975799560547,-26.879697799682617,1286
23.42193031311035,-29.950197219848633,1287
4.543258190155029,-27.969900131225586,1288
-47.91901779174805,-7.194930076599121,1289
-5.036566734313965,-19.928133010864258,1290
18.13129997253418,-27.72359275817871,1291
20.539352416992188,-25.441226959228516,1292
-47.80322265625,26.00726318359375,1293
5.297398090362549,-28.153091430664062,1294
-49.28593063354492,-6.528721332550049,1295
-61.175201416015625,10.801345825195312,1296
31.30792808532715,22.61764907836914,1297
24.186016082763672,-6.377748012542725,1298
-53.27117156982422,-3.3996078968048096,1299
12.187650680541992,-33.442901611328125,1300
12.129758834838867,-33.633907318115234,1301
-53.42130661010742,15.737719535827637,1302
18.527429580688477,-38.70991897583008,1303
18.331205368041992,-37.921207427978516,1304
32.040069580078125,-32.470359802246094,1305
30.775531768798828,-33.56387710571289,1306
19.668920516967773,-22.592426300048828,1307
18.10037612915039,-4.339956283569336,1308
18.823898315429688,-22.398479461669922,1309
3.864933490753174,-31.40127944946289,1310
18.991275787353516,-22.6846866607666,1311
1.6269885301589966,6.939867973327637,1312
21.168912887573242,-25.443723678588867,1313
17.76945686340332,-33.76637268066406,1314
-59.46473693847656,-15.683008193969727,1315
-60.14369201660156,-15.879863739013672,1316
-59.08799362182617,-16.733644485473633,1317
-59.43049621582031,-16.586137771606445,1318
-59.34538269042969,-14.99809455871582,1319
-59.43103790283203,-14.992356300354004,1320
-60.19413757324219,-15.340536117553711,1321
-60.123939514160156,-13.66480827331543,1322
-59.88643264770508,-16.389760971069336,1323
-60.12980651855469,-13.54667854309082,1324
-59.714664459228516,-13.559183120727539,1325
-60.749202728271484,16.653121948242188,1326
-58.875064849853516,-14.962063789367676,1327
-60.65946578979492,-15.137628555297852,1328
-57.84080123901367,-15.580982208251953,1329
-59.47412109375,-14.9450101852417,1330
-60.53434371948242,-16.352325439453125,1331
-58.449989318847656,-15.307907104492188,1332
-58.680721282958984,-15.811840057373047,1333
-60.14284133911133,-15.936063766479492,1334
-59.10355758666992,-15.747525215148926,1335
-60.651329040527344,-14.943771362304688,1336
-59.84100341796875,-15.896245956420898,1337
-57.565765380859375,-13.501811981201172,1338
-57.64732360839844,-13.565926551818848,1339
16.537307739257812,-37.28321838378906,1340
30.021060943603516,-30.629270553588867,1341
-10.371071815490723,-29.200347900390625,1342
-10.241271018981934,-30.36884307861328,1343
-9.357669830322266,-28.76804542541504,1344
-10.287664413452148,-30.110401153564453,1345
15.340421676635742,-41.3658332824707,1346
16.642784118652344,-41.4136962890625,1347
19.499666213989258,-40.850982666015625,1348
10.53874397277832,-36.097869873046875,1349
9.584546089172363,-36.53288650512695,1350
7.4242682456970215,-38.834354400634766,1351
-22.66936683654785,-23.52154541015625,1352
-22.64224624633789,-23.58238983154297,1353
-40.34681701660156,-6.220272541046143,1354
-9.37158203125,-16.48906898498535,1355
-5.90839147567749,-14.605427742004395,1356
-41.431827545166016,-8.382477760314941,1357
-41.513553619384766,-8.42251205444336,1358
11.441429138183594,-36.11476135253906,1359
9.584196090698242,-35.76639938354492,1360
-41.01654052734375,-8.25490951538086,1361
-30.14496421813965,-21.356979370117188,1362
-30.11969757080078,-21.377775192260742,1363
-41.91691970825195,-8.6113862991333,1364
8.512920379638672,-37.08109664916992,1365
-12.354748725891113,-9.284480094909668,1366
-23.185298919677734,-24.365970611572266,1367
-9.170846939086914,-15.655997276306152,1368
28.106632232666016,-33.704776763916016,1369
9.8732271194458,-36.614952087402344,1370
8.46527099609375,-29.367521286010742,1371
19.322452545166016,-35.95676803588867,1372
19.090782165527344,-33.61170959472656,1373
21.22502899169922,-33.67311096191406,1374
-46.02640151977539,8.177115440368652,1375
-37.01579666137695,-14.67376708984375,1376
-47.09625244140625,-7.382015705108643,1377
10.830570220947266,-36.151065826416016,1378
14.207341194152832,-22.930301666259766,1379
-56.82018280029297,-3.373004913330078,1380
-47.89186096191406,-7.215361595153809,1381
-22.696195602416992,29.00852394104004,1382
-50.56747817993164,11.427610397338867,1383
17.478927612304688,-34.98478317260742,1384
15.36986255645752,-39.39806365966797,1385
-25.69099998474121,26.269113540649414,1386
-51.343509674072266,-3.2801148891448975,1387
-3.861953020095825,-31.628765106201172,1388
11.822501182556152,-28.676658630371094,1389
12.901331901550293,-27.287769317626953,1390
14.357404708862305,-38.06819534301758,1391
13.262482643127441,-39.44753646850586,1392
12.554726600646973,-41.249996185302734,1393
15.769633293151855,-37.9095344543457,1394
17.22542381286621,-38.33424758911133,1395
13.419622421264648,-39.47690963745117,1396
13.971087455749512,-36.76677322387695,1397
-42.18071746826172,-8.700672149658203,1398
14.102822303771973,-31.66553497314453,1399
-48.938602447509766,-8.913721084594727,1400
8.001913070678711,-34.142005920410156,1401
8.112702369689941,-34.67231369018555,1402
-63.29014587402344,-10.469420433044434,1403
22.351774215698242,-36.87864303588867,1404
-9.842663764953613,-31.92201805114746,1405
-9.842663764953613,-31.92201805114746,1406
9.859803199768066,-24.04099464416504,1407
21.35076141357422,-27.575437545776367,1408
8.984275817871094,-23.993677139282227,1409
8.117633819580078,-33.17823791503906,1410
9.01661205291748,-32.75693893432617,1411
7.187539577484131,-34.897743225097656,1412
5.8495073318481445,3.0679874420166016,1413
-57.74120330810547,5.51943826675415,1414
-57.76372146606445,5.590632438659668,1415
-24.978099822998047,29.286832809448242,1416
-58.12247848510742,5.295863628387451,1417
-57.416290283203125,-2.3393938541412354,1418
-55.15937805175781,14.785247802734375,1419
-9.547052383422852,-28.32227325439453,1420
-56.25437545776367,-6.826416969299316,1421
17.20840835571289,-40.70107650756836,1422
11.649970054626465,-38.18304443359375,1423
17.435659408569336,-35.05427932739258,1424
-52.156002044677734,-4.490390777587891,1425
20.114574432373047,-28.997554779052734,1426
1.0432415008544922,-30.907085418701172,1427
6.3830647468566895,-23.870529174804688,1428
7.452602386474609,-34.561378479003906,1429
-49.06510925292969,-7.5850138664245605,1430
-47.93387222290039,-7.233978271484375,1431
21.82298469543457,-6.877408981323242,1432
15.047297477722168,-33.0571403503418,1433
21.305112838745117,-20.273193359375,1434
24.213302612304688,-26.410541534423828,1435
-54.26565933227539,-3.8266098499298096,1436
-15.247796058654785,-24.35527801513672,1437
-52.39189147949219,-2.597564220428467,1438
-20.021596908569336,-24.68764877319336,1439
-39.196319580078125,0.3204413652420044,1440
20.16731071472168,-31.092111587524414,1441
20.102542877197266,-31.02775764465332,1442
-45.48775100708008,18.263633728027344,1443
-33.80768966674805,-1.6477619409561157,1444
-50.4478874206543,-3.453108072280884,1445
13.369214057922363,-29.294384002685547,1446
21.005807876586914,-37.786930084228516,1447
-6.8921380043029785,-22.7458553314209,1448
-5.490341663360596,-21.870418548583984,1449
21.142229080200195,-25.451995849609375,1450
-6.751903533935547,-57.65560531616211,1451
17.12021827697754,-31.590808868408203,1452
18.657133102416992,-39.20050811767578,1453
13.382909774780273,-38.606163024902344,1454
7.553350925445557,6.766912460327148,1455
21.197002410888672,-20.36880874633789,1456
18.85269546508789,-21.60716438293457,1457
9.385380744934082,-27.27306365966797,1458
19.527103424072266,-30.740922927856445,1459
31.261058807373047,22.551563262939453,1460
11.543164253234863,-37.5008544921875,1461
-16.284156799316406,-15.420770645141602,1462
21.849214553833008,0.9556434750556946,1463
46.77540588378906,5.532285690307617,1464
24.490690231323242,3.5612220764160156,1465
8.211435317993164,23.201791763305664,1466
19.29679298400879,-12.020791053771973,1467
18.731348037719727,-11.691309928894043,1468
23.237350463867188,3.1917996406555176,1469
23.829910278320312,8.580901145935059,1470
22.966632843017578,3.561018943786621,1471
18.8773193359375,5.022603511810303,1472
17.121492385864258,-10.207502365112305,1473
19.623123168945312,-6.830435276031494,1474
16.567163467407227,-12.844156265258789,1475
20.017536163330078,-9.173086166381836,1476
17.318862915039062,-12.0458345413208,1477
17.08281135559082,-14.253100395202637,1478
17.31652069091797,-11.920696258544922,1479
16.500865936279297,-12.340831756591797,1480
18.330598831176758,-9.377696990966797,1481
20.03443717956543,3.7864527702331543,1482
-16.472782135009766,3.549936294555664,1483
-16.370208740234375,3.3154001235961914,1484
-19.06327247619629,-12.123917579650879,1485
-18.277210235595703,-11.488670349121094,1486
-19.000694274902344,-12.196084976196289,1487
21.70267105102539,-12.877320289611816,1488
15.061040878295898,-14.093928337097168,1489
17.915054321289062,-10.245035171508789,1490
-17.206771850585938,-14.461971282958984,1491
18.244298934936523,-14.614818572998047,1492
17.38640022277832,-12.160080909729004,1493
14.492527961730957,-13.478208541870117,1494
21.913429260253906,-13.058577537536621,1495
25.234865188598633,0.5631048083305359,1496
17.656414031982422,-12.853575706481934,1497
18.22845458984375,-13.849515914916992,1498
17.098642349243164,-14.267851829528809,1499
18.3897762298584,-14.55123519897461,1500
16.44618034362793,-12.512256622314453,1501
17.166603088378906,-11.26693344116211,1502
17.189476013183594,-11.737034797668457,1503
21.81175994873047,8.501265525817871,1504
14.72609806060791,-13.716998100280762,1505
21.522424697875977,-12.797496795654297,1506
15.68857192993164,-12.16033935546875,1507
-16.463838577270508,-17.090965270996094,1508
-15.25989818572998,-17.13204002380371,1509
23.39555549621582,5.513006687164307,1510
-13.980682373046875,-15.550209999084473,1511
-16.77339744567871,-14.77987289428711,1512
-16.696489334106445,-14.686189651489258,1513
22.312267303466797,4.601612091064453,1514
-14.366292953491211,-16.298463821411133,1515
-14.716675758361816,-16.848751068115234,1516
-15.9801025390625,-17.35533332824707,1517
-15.894803047180176,-10.111543655395508,1518
14.294507026672363,-16.26595115661621,1519
22.91424560546875,0.5384803414344788,1520
13.05841064453125,-14.402502059936523,1521
18.440134048461914,6.393294811248779,1522
0.5058019757270813,-17.108083724975586,1523
18.042390823364258,-15.786442756652832,1524
41.862953186035156,-33.19391632080078,1525
33.49897384643555,-27.420793533325195,1526
33.42041015625,-28.383729934692383,1527
39.82691192626953,-32.64590835571289,1528
33.76691436767578,-27.39993667602539,1529
18.16448974609375,-15.953813552856445,1530
32.46629333496094,-27.399839401245117,1531
6.742930889129639,-35.90993881225586,1532
34.37397003173828,-27.885639190673828,1533
19.337080001831055,-11.303800582885742,1534
-17.426895141601562,-12.592447280883789,1535
-14.995100021362305,-16.198345184326172,1536
-13.962590217590332,-17.03148651123047,1537
-15.817821502685547,-12.96696949005127,1538
-15.513365745544434,-12.119925498962402,1539
27.282817840576172,6.390260219573975,1540
22.502166748046875,5.788454532623291,1541
26.50777816772461,0.943244993686676,1542
13.674214363098145,-14.785650253295898,1543
14.474604606628418,-14.81631851196289,1544
22.34906005859375,0.9692472815513611,1545
19.895845413208008,3.45304274559021,1546
-4.25453519821167,12.970043182373047,1547
-4.1466474533081055,13.072463035583496,1548
22.3760986328125,-12.656545639038086,1549
18.680028915405273,2.9361307621002197,1550
-13.663893699645996,7.737934589385986,1551
-22.651277542114258,-4.292229175567627,1552
31.50105094909668,-26.80130386352539,1553
24.381284713745117,1.9935040473937988,1554
-15.923493385314941,-17.417861938476562,1555
23.48662567138672,5.438994884490967,1556
-15.217924118041992,-16.976186752319336,1557
-14.706246376037598,-15.715444564819336,1558
-12.168912887573242,-18.872953414916992,1559
-14.681612014770508,3.0874226093292236,1560
-30.208633422851562,-7.3321075439453125,1561
-17.080259323120117,-16.26040267944336,1562
-26.580326080322266,0.7539682984352112,1563
12.766036033630371,-14.966005325317383,1564
28.9593505859375,1.9311540126800537,1565
25.881916046142578,3.747847557067871,1566
25.53627586364746,4.138524055480957,1567
19.02185821533203,-8.950775146484375,1568
27.107772827148438,1.231799602508545,1569
-11.033598899841309,-18.946929931640625,1570
-15.289149284362793,-13.270618438720703,1571
-15.041586875915527,-16.084659576416016,1572
26.416860580444336,2.682080030441284,1573
27.113340377807617,1.2887698411941528,1574
16.520305633544922,22.975910186767578,1575
27.07560157775879,-0.5065537691116333,1576
-14.915409088134766,-16.28302574157715,1577
27.33293914794922,1.8764935731887817,1578
13.290319442749023,-14.956618309020996,1579
31.213125228881836,-26.213878631591797,1580
27.107786178588867,-0.6657645106315613,1581
27.036338806152344,1.9464466571807861,1582
-18.717533111572266,-12.44032096862793,1583
50.47837448120117,24.921953201293945,1584
28.339797973632812,2.282186269760132,1585
21.77695655822754,12.144027709960938,1586
23.656862258911133,7.940689563751221,1587
15.416531562805176,-14.53413200378418,1588
-17.028078079223633,-16.33717918395996,1589
20.98808479309082,7.772232532501221,1590
-15.109162330627441,-13.334307670593262,1591
19.390840530395508,10.317873001098633,1592
20.893695831298828,7.789525032043457,1593
24.490541458129883,6.079815864562988,1594
25.201269149780273,6.2238850593566895,1595
13.752825736999512,-16.118453979492188,1596
24.579153060913086,3.5202817916870117,1597
24.017208099365234,7.351806640625,1598
26.936737060546875,5.748226642608643,1599
26.261089324951172,5.742385387420654,1600
23.820966720581055,5.722413539886475,1601
23.749380111694336,5.091431617736816,1602
22.794822692871094,7.44135046005249,1603
-24.544824600219727,8.49573040008545,1604
23.751461029052734,4.7607502937316895,1605
9.359702110290527,-15.18628215789795,1606
-15.035964965820312,-16.897802352905273,1607
-23.799468994140625,-9.200735092163086,1608
-14.837371826171875,-16.969026565551758,1609
-16.11087989807129,-13.235380172729492,1610
33.434722900390625,-27.28975486755371,1611
23.446937561035156,8.051132202148438,1612
27.6135196685791,1.1001800298690796,1613
26.027236938476562,7.961654186248779,1614
-9.282615661621094,10.666126251220703,1615
-29.7670955657959,-10.505462646484375,1616
22.916088104248047,-12.587397575378418,1617
-0.4665229320526123,-23.679182052612305,1618
25.204919815063477,19.715702056884766,1619
24.31086540222168,18.935272216796875,1620
29.280797958374023,30.572004318237305,1621
41.11814498901367,36.49793243408203,1622
34.66250991821289,18.80107307434082,1623
38.554988861083984,7.91452169418335,1624
46.69325256347656,24.188268661499023,1625
52.52186965942383,11.405550003051758,1626
31.67647933959961,2.8657431602478027,1627
40.793296813964844,-29.77389907836914,1628
-16.897024154663086,40.8878288269043,1629
45.81696319580078,21.23419952392578,1630
48.92112731933594,9.726773262023926,1631
48.87005615234375,10.16960620880127,1632
6.388401508331299,20.182981491088867,1633
40.91815185546875,16.000070571899414,1634
37.205474853515625,14.730509757995605,1635
2.4433889389038086,14.491722106933594,1636
-9.833789825439453,17.438518524169922,1637
24.287593841552734,20.20798683166504,1638
39.09973907470703,23.247764587402344,1639
24.156604766845703,20.41775894165039,1640
36.6541633605957,18.999122619628906,1641
26.059921264648438,25.7700252532959,1642
40.48128890991211,20.190019607543945,1643
44.48076248168945,5.7083563804626465,1644
11.003826141357422,12.07990837097168,1645
10.670622825622559,12.979476928710938,1646
11.079160690307617,11.975189208984375,1647
21.149658203125,24.86336898803711,1648
16.768474578857422,14.37453842163086,1649
20.999088287353516,25.000389099121094,1650
-14.266326904296875,36.12479019165039,1651
7.546944618225098,37.86332702636719,1652
36.67450714111328,16.240692138671875,1653
37.048858642578125,23.492839813232422,1654
15.877466201782227,12.91502571105957,1655
49.021751403808594,14.041512489318848,1656
38.650779724121094,16.82138442993164,1657
29.75348663330078,30.823169708251953,1658
-4.514008045196533,16.1198787689209,1659
42.11586380004883,31.464183807373047,1660
40.91476058959961,25.40382957458496,1661
42.912254333496094,21.102256774902344,1662
55.101924896240234,8.866692543029785,1663
27.872766494750977,31.03170394897461,1664
56.221256256103516,17.255220413208008,1665
36.3108024597168,-10.897438049316406,1666
23.683792114257812,25.47383689880371,1667
49.53947448730469,33.33922576904297,1668
-17.983922958374023,38.35720443725586,1669
-20.03352928161621,37.13331985473633,1670
37.26661682128906,-17.9990234375,1671
6.076722621917725,28.234800338745117,1672
-18.541645050048828,39.05045700073242,1673
32.12482452392578,-15.874452590942383,1674
34.306697845458984,15.381354331970215,1675
28.321428298950195,-26.029842376708984,1676
31.787944793701172,-15.875373840332031,1677
31.501388549804688,-16.47431182861328,1678
22.567821502685547,29.972835540771484,1679
28.839094161987305,24.401058197021484,1680
-22.56515884399414,40.90878677368164,1681
39.84220504760742,3.7110707759857178,1682
38.78313064575195,13.409964561462402,1683
34.93754577636719,-17.64830780029297,1684
36.44027328491211,20.91920280456543,1685
36.343387603759766,-18.760541915893555,1686
37.69886779785156,7.806406497955322,1687
35.06135559082031,-26.780797958374023,1688
34.8604850769043,-17.386343002319336,1689
34.502506256103516,-16.613821029663086,1690
10.576214790344238,22.180200576782227,1691
39.71978759765625,-19.565475463867188,1692
26.50934410095215,29.35581398010254,1693
46.08381271362305,13.836840629577637,1694
-19.864501953125,14.433642387390137,1695
38.80831527709961,17.130905151367188,1696
28.617910385131836,12.694304466247559,1697
34.28144454956055,3.17836856842041,1698
29.766738891601562,14.133452415466309,1699
33.20676803588867,17.12207794189453,1700
29.477731704711914,14.36508846282959,1701
29.278045654296875,7.351154327392578,1702
28.50178337097168,12.610087394714355,1703
30.571443557739258,13.065913200378418,1704
-18.119314193725586,31.350744247436523,1705
23.25836944580078,6.575508117675781,1706
16.396581649780273,-20.550142288208008,1707
-19.239551544189453,37.41749954223633,1708
48.520877838134766,19.236379623413086,1709
-12.948054313659668,36.428863525390625,1710
-28.35333824157715,35.10795211791992,1711
19.854354858398438,3.3052756786346436,1712
5.335272312164307,16.672903060913086,1713
27.91180992126465,4.546446323394775,1714
-0.6785217523574829,14.941208839416504,1715
6.124703884124756,29.127370834350586,1716
52.21683883666992,13.533191680908203,1717
-1.8275911808013916,13.395479202270508,1718
-19.306447982788086,37.36445617675781,1719
-27.115800857543945,36.3909797668457,1720
-18.384424209594727,37.88230514526367,1721
43.7265625,10.888075828552246,1722
43.15561294555664,11.901067733764648,1723
43.7357063293457,6.096368312835693,1724
48.98326110839844,7.452422618865967,1725
35.77197265625,19.82352638244629,1726
24.663124084472656,12.569305419921875,1727
22.311437606811523,28.715669631958008,1728
10.81711483001709,32.6628303527832,1729
10.986194610595703,15.137986183166504,1730
33.94210433959961,6.824500560760498,1731
25.49251937866211,20.71034812927246,1732
31.465682983398438,18.722074508666992,1733
49.780216217041016,12.89970874786377,1734
32.817806243896484,20.020496368408203,1735
35.42703628540039,6.491976261138916,1736
20.617168426513672,27.965145111083984,1737
41.18799591064453,16.817209243774414,1738
24.16116714477539,23.443315505981445,1739
16.054637908935547,5.908025741577148,1740
15.153468132019043,18.643680572509766,1741
29.717987060546875,3.0317444801330566,1742
45.25869369506836,23.79322624206543,1743
26.861587524414062,26.30510902404785,1744
-15.326088905334473,37.602806091308594,1745
36.354732513427734,17.30224609375,1746
-23.882719039916992,35.065834045410156,1747
9.062819480895996,9.501558303833008,1748
42.89516067504883,-29.438915252685547,1749
38.27853012084961,5.438718795776367,1750
33.431785583496094,26.85040855407715,1751
24.368555068969727,4.400300979614258,1752
39.526939392089844,6.817919731140137,1753
35.82340621948242,19.009323120117188,1754
28.14771842956543,26.980405807495117,1755
-25.27191162109375,12.862581253051758,1756
35.04749298095703,20.241281509399414,1757
45.37096405029297,-27.992822647094727,1758
-22.272119522094727,37.87789535522461,1759
35.57679748535156,6.446495056152344,1760
13.203054428100586,28.928428649902344,1761
39.014312744140625,17.121448516845703,1762
38.87789535522461,18.141298294067383,1763
27.23188591003418,29.9750919342041,1764
40.45295333862305,7.497580528259277,1765
26.275859832763672,-26.708574295043945,1766
44.387107849121094,27.057329177856445,1767
51.50337600708008,28.262821197509766,1768
-9.662839889526367,21.212556838989258,1769
-0.8528555631637573,17.503005981445312,1770
42.453224182128906,-33.214115142822266,1771
25.1820068359375,20.333972930908203,1772
11.866750717163086,20.038488388061523,1773
42.91774368286133,18.62981414794922,1774
21.31247329711914,17.08917808532715,1775
50.77294158935547,13.057025909423828,1776
53.61957931518555,25.106517791748047,1777
47.974246978759766,28.06932830810547,1778
-20.76822280883789,38.545074462890625,1779
32.40116882324219,28.9976749420166,1780
42.53009033203125,20.38301658630371,1781
30.817447662353516,-15.115447044372559,1782
48.17058181762695,-3.09098744392395,1783
41.72597122192383,19.157899856567383,1784
7.83552885055542,38.135955810546875,1785
-20.21441078186035,38.1081428527832,1786
18.22487449645996,4.700048923492432,1787
27.218854904174805,14.445939064025879,1788
47.49956512451172,14.150775909423828,1789
47.365272521972656,14.4764986038208,1790
26.54905128479004,3.4257805347442627,1791
37.8287467956543,10.756630897521973,1792
27.478036880493164,28.461069107055664,1793
-17.145586013793945,38.30543899536133,1794
-17.49711036682129,38.396942138671875,1795
23.42695426940918,6.496676445007324,1796
53.30279541015625,11.14208698272705,1797
-18.672998428344727,39.68912887573242,1798
19.438377380371094,-9.162631034851074,1799
26.558420181274414,19.706512451171875,1800
43.58395004272461,30.781902313232422,1801
21.495532989501953,22.30767059326172,1802
23.86276626586914,32.87761306762695,1803
42.970314025878906,27.39906883239746,1804
43.18122863769531,26.933509826660156,1805
41.09601593017578,23.940860748291016,1806
42.10976791381836,27.68277931213379,1807
41.55219268798828,6.805107593536377,1808
37.47187042236328,18.793434143066406,1809
26.886137008666992,14.148656845092773,1810
42.50380325317383,4.852263927459717,1811
37.19220733642578,15.798261642456055,1812
-33.74799728393555,4.942497730255127,1813
-35.493221282958984,-2.0300095081329346,1814
-40.371585845947266,4.768880367279053,1815
-30.11174201965332,-6.058598041534424,1816
-30.127883911132812,-2.740483283996582,1817
-27.667572021484375,38.14946365356445,1818
-29.092391967773438,40.313072204589844,1819
-27.402685165405273,5.944316864013672,1820
-27.69618034362793,-5.745644569396973,1821
-29.94135093688965,-8.344039916992188,1822
-28.00088882446289,0.42477884888648987,1823
-25.974761962890625,-5.64570951461792,1824
-29.89995574951172,-8.341852188110352,1825
-53.866085052490234,-9.363483428955078,1826
-26.39687728881836,-11.986933708190918,1827
-29.4925537109375,-3.867280960083008,1828
-30.56917381286621,17.732147216796875,1829
32.32347869873047,5.605747699737549,1830
-17.000288009643555,5.193698883056641,1831
-17.245275497436523,7.413310527801514,1832
-17.795419692993164,3.693596839904785,1833
-21.666149139404297,7.200821399688721,1834
-17.783424377441406,5.317506313323975,1835
-29.196334838867188,40.60438919067383,1836
-21.916919708251953,7.1351141929626465,1837
-26.56299591064453,37.56647872924805,1838
53.2552604675293,22.224645614624023,1839
22.58233642578125,-34.364288330078125,1840
17.25541114807129,17.215904235839844,1841
16.5302734375,17.351163864135742,1842
49.39242172241211,1.836926817893982,1843
52.34828567504883,23.0412540435791,1844
-20.074922561645508,3.5556154251098633,1845
-35.65990447998047,31.40976905822754,1846
-35.98447036743164,36.64458084106445,1847
22.80789566040039,11.408308029174805,1848
-35.60578918457031,30.029817581176758,1849
-20.786630630493164,-13.53858757019043,1850
-34.06345748901367,1.6805698871612549,1851
-35.815181732177734,4.277477264404297,1852
-33.26933670043945,13.33049201965332,1853
-33.188499450683594,13.724349975585938,1854
48.95549011230469,2.297516107559204,1855
-35.10614776611328,39.49230194091797,1856
20.748769760131836,5.63617467880249,1857
-33.18366622924805,36.20598602294922,1858
-31.007850646972656,43.831092834472656,1859
29.84541893005371,-8.874696731567383,1860
28.217348098754883,-6.282312393188477,1861
28.242530822753906,-4.826240062713623,1862
-29.344493865966797,50.223907470703125,1863
49.21869659423828,1.967293620109558,1864
-42.6437873840332,40.24362564086914,1865
36.93468475341797,-26.10194969177246,1866
37.41452407836914,-24.986364364624023,1867
38.148136138916016,-26.608226776123047,1868
37.689697265625,-26.7869815826416,1869
34.794124603271484,-24.834714889526367,1870
37.50122833251953,-26.50770378112793,1871
36.417572021484375,-23.26018524169922,1872
-32.70182418823242,-13.686057090759277,1873
-32.51602554321289,-14.188557624816895,1874
-32.6293830871582,-13.220779418945312,1875
-28.335376739501953,-10.777605056762695,1876
-33.603759765625,-14.476999282836914,1877
-31.803646087646484,-12.944981575012207,1878
-54.56587219238281,-9.126948356628418,1879
-27.844919204711914,-4.760909080505371,1880
-30.031599044799805,-2.670736312866211,1881
-28.81635093688965,-4.3123040199279785,1882
-31.404542922973633,-11.229345321655273,1883
-30.874370574951172,-12.481489181518555,1884
-28.562715530395508,-8.820967674255371,1885
-32.5225944519043,36.90113830566406,1886
-33.33526611328125,-14.985363960266113,1887
-27.003175735473633,-11.965134620666504,1888
-26.21005630493164,-6.957796096801758,1889
5.806223392486572,16.713029861450195,1890
-27.59562873840332,-3.9459633827209473,1891
-29.830110549926758,-2.662846326828003,1892
23.219240188598633,-29.21561050415039,1893
22.332544326782227,36.41910171508789,1894
38.57636260986328,-23.886699676513672,1895
37.911739349365234,-25.423364639282227,1896
40.44850540161133,-17.714256286621094,1897
-25.714157104492188,18.21544075012207,1898
-23.44370460510254,3.356081962585449,1899
26.472015380859375,11.45638370513916,1900
-26.541894912719727,37.35593032836914,1901
-26.173246383666992,40.66920852661133,1902
-12.500365257263184,8.958159446716309,1903
-13.499570846557617,7.8304762840271,1904
-35.98432159423828,36.68757247924805,1905
-26.554595947265625,44.82918930053711,1906
-20.765172958374023,3.43294358253479,1907
43.83125686645508,5.664235591888428,1908
-27.3398380279541,38.230350494384766,1909
30.464946746826172,28.915817260742188,1910
32.7366828918457,4.907464504241943,1911
-28.366771697998047,7.811205863952637,1912
-35.11815643310547,33.89086151123047,1913
50.486900329589844,27.29829978942871,1914
-28.50214195251465,-2.8745033740997314,1915
-29.798765182495117,-3.0013182163238525,1916
-32.70674133300781,33.64860916137695,1917
-27.51728630065918,-5.727027893066406,1918
-26.063453674316406,4.195779800415039,1919
-28.23973846435547,0.9271916747093201,1920
-18.609567642211914,41.25613784790039,1921
-28.347196578979492,5.267780303955078,1922
-21.57128143310547,6.9571309089660645,1923
-34.752647399902344,-4.347241401672363,1924
-33.926902770996094,4.161227703094482,1925
-25.48653221130371,-1.0645325183868408,1926
-28.40288543701172,8.915593147277832,1927
46.8360710144043,29.863510131835938,1928
33.8309326171875,21.148508071899414,1929
46.797420501708984,30.676780700683594,1930
34.71208572387695,5.4916558265686035,1931
46.88340759277344,0.03621581569314003,1932
31.6574649810791,6.3140177726745605,1933
-32.27970886230469,38.013492584228516,1934
-25.887393951416016,21.07012176513672,1935
-25.75023078918457,21.137292861938477,1936
-34.084354400634766,32.38629913330078,1937
-23.8258113861084,48.15785598754883,1938
-34.76314163208008,39.671573638916016,1939
-22.188404083251953,48.950557708740234,1940
-24.889467239379883,47.15458297729492,1941
-33.52875518798828,37.839420318603516,1942
-33.95568084716797,38.72877883911133,1943
-33.96202850341797,38.129005432128906,1944
-33.52763366699219,37.813209533691406,1945
-33.88469696044922,38.28177261352539,1946
-26.252716064453125,41.521461486816406,1947
-26.858135223388672,19.937530517578125,1948
-33.910728454589844,32.577396392822266,1949
-34.15400314331055,32.3786735534668,1950
-30.94188690185547,14.497989654541016,1951
-39.26249313354492,42.50197219848633,1952
-31.974977493286133,39.709327697753906,1953
-35.34514617919922,5.629154205322266,1954
-16.965484619140625,8.269559860229492,1955
-17.024751663208008,8.637144088745117,1956
-41.387142181396484,43.871036529541016,1957
-40.83829116821289,43.799354553222656,1958
-33.557960510253906,42.204769134521484,1959
29.450458526611328,19.423185348510742,1960
28.03462791442871,20.810335159301758,1961
-22.762088775634766,1.2585805654525757,1962
-33.26206970214844,-16.100360870361328,1963
26.164165496826172,10.298110008239746,1964
37.18687438964844,-26.740863800048828,1965
29.32347297668457,-5.997427940368652,1966
-33.84709167480469,36.64046859741211,1967
-29.61444664001465,-1.4002403020858765,1968
25.980308532714844,12.986961364746094,1969
38.78858184814453,-4.075779438018799,1970
43.944393157958984,-10.411611557006836,1971
41.39891815185547,-3.251819610595703,1972
44.803890228271484,-5.916418075561523,1973
11.072301864624023,19.74481773376465,1974
51.07332992553711,-13.156643867492676,1975
13.48273754119873,9.706151962280273,1976
25.238412857055664,6.635082244873047,1977
39.18446350097656,-3.994547128677368,1978
49.724308013916016,-11.680319786071777,1979
16.702449798583984,-24.017946243286133,1980
59.504608154296875,-8.700088500976562,1981
22.01500129699707,-9.453726768493652,1982
35.63014221191406,13.982366561889648,1983
20.117610931396484,-13.932416915893555,1984
26.287273406982422,-23.474281311035156,1985
49.56555938720703,-16.262836456298828,1986
-21.118133544921875,26.96371078491211,1987
12.55368709564209,7.208527565002441,1988
43.88990783691406,-10.848589897155762,1989
40.6626091003418,-13.269624710083008,1990
35.48750305175781,-4.228183746337891,1991
-2.227696418762207,-24.755212783813477,1992
32.91391372680664,-12.939835548400879,1993
42.032196044921875,-6.058533668518066,1994
42.45578384399414,-3.5389153957366943,1995
41.771724700927734,-5.428473949432373,1996
57.49149703979492,-10.53102970123291,1997
20.099937438964844,17.512710571289062,1998
20.547903060913086,19.452129364013672,1999
42.737342834472656,-5.300032615661621,2000
20.45354652404785,19.02388572692871,2001
19.34919548034668,18.017732620239258,2002
44.61580276489258,-4.593019485473633,2003
52.3886604309082,2.3942670822143555,2004
12.961273193359375,8.896169662475586,2005
46.435569763183594,-7.2803730964660645,2006
14.496623039245605,8.379096984863281,2007
35.13844680786133,-0.6685280203819275,2008
21.91840171813965,15.558310508728027,2009
49.52701950073242,-18.69953727722168,2010
46.06061935424805,-13.03066349029541,2011
10.768997192382812,-18.750202178955078,2012
-13.178689002990723,-29.58249282836914,2013
0.5090164542198181,-4.384523391723633,2014
-4.6431660652160645,0.7425990104675293,2015
43.52237319946289,-13.82718276977539,2016
2.4907238483428955,-31.88508415222168,2017
12.679852485656738,-21.778968811035156,2018
25.10969352722168,-12.201313972473145,2019
13.328643798828125,30.682857513427734,2020
43.799095153808594,-10.715499877929688,2021
39.404754638671875,-8.401114463806152,2022
40.257694244384766,-7.268906116485596,2023
43.14564514160156,-1.7630178928375244,2024
39.8402214050293,-8.224206924438477,2025
30.23004722595215,-31.40116310119629,2026
32.68706130981445,-31.766897201538086,2027
48.5553092956543,-13.267847061157227,2028
-0.021631093695759773,-25.33043670654297,2029
51.830322265625,-7.415576934814453,2030
56.67528533935547,-1.7526967525482178,2031
13.522263526916504,9.621427536010742,2032
23.70632553100586,-2.656019926071167,2033
44.417259216308594,-4.798676490783691,2034
58.209800720214844,-8.40102767944336,2035
52.32614517211914,-6.991469383239746,2036
-6.206077575683594,-27.282121658325195,2037
51.9915657043457,3.705057144165039,2038
25.846460342407227,7.673748970031738,2039
51.50005340576172,-8.66312313079834,2040
-11.244806289672852,-12.818181037902832,2041
56.022403717041016,-2.2318787574768066,2042
7.930656433105469,11.988507270812988,2043
9.329323768615723,17.892518997192383,2044
55.31321716308594,-9.318718910217285,2045
15.891738891601562,10.494524002075195,2046
52.37428283691406,7.963717937469482,2047
12.833931922912598,22.48259162902832,2048
42.38826370239258,8.802117347717285,2049
12.694014549255371,16.285999298095703,2050
8.412198066711426,19.161714553833008,2051
52.9860954284668,-11.459431648254395,2052
37.28589630126953,-4.369929313659668,2053
27.19060516357422,17.17039680480957,2054
13.188738822937012,8.437318801879883,2055
52.0883903503418,-8.197349548339844,2056
38.613739013671875,-4.536407947540283,2057
40.47169876098633,-12.35134220123291,2058
9.9353609085083,11.229463577270508,2059
40.381282806396484,-12.129789352416992,2060
40.71751403808594,-4.98362922668457,2061
40.37773132324219,-11.436624526977539,2062
-6.287517070770264,1.6005817651748657,2063
47.6252326965332,-15.925074577331543,2064
46.059932708740234,-14.885616302490234,2065
-5.970612525939941,3.152705430984497,2066
47.55704116821289,-15.291873931884766,2067
0.21475613117218018,-24.437047958374023,2068
20.464487075805664,20.058259963989258,2069
12.575033187866211,7.116222381591797,2070
41.79328155517578,-11.005868911743164,2071
41.22675704956055,-5.018721103668213,2072
20.85463523864746,34.17787170410156,2073
20.004920959472656,35.15534591674805,2074
30.308834075927734,17.389663696289062,2075
23.63943862915039,16.889617919921875,2076
18.90081787109375,8.649660110473633,2077
36.38838195800781,-0.753248393535614,2078
52.256858825683594,-3.6697020530700684,2079
12.707505226135254,-21.858509063720703,2080
13.967883110046387,-23.163320541381836,2081
51.10350799560547,-8.639421463012695,2082
45.0908317565918,-13.90927505493164,2083
44.3088493347168,-14.705473899841309,2084
43.87065505981445,-14.922189712524414,2085
35.298301696777344,-0.6164324283599854,2086
22.743690490722656,14.675933837890625,2087
43.385894775390625,-11.06618881225586,2088
47.6862907409668,-14.386734008789062,2089
44.871604919433594,-1.986514925956726,2090
51.14540481567383,-6.6187286376953125,2091
40.928226470947266,-1.6801393032073975,2092
54.0390739440918,-12.119951248168945,2093
41.20040512084961,-11.335872650146484,2094
51.27552032470703,-7.238027095794678,2095
-0.04193903133273125,-24.415620803833008,2096
33.42042541503906,-14.046817779541016,2097
44.73024368286133,-2.8718926906585693,2098
36.92683029174805,-2.7117624282836914,2099
52.59392166137695,-6.713865280151367,2100
38.56632614135742,-3.3426506519317627,2101
-6.216867923736572,1.9770228862762451,2102
42.313411712646484,13.586313247680664,2103
49.409263610839844,-11.47182559967041,2104
44.829349517822266,-14.171344757080078,2105
44.929656982421875,-13.715429306030273,2106
47.81990051269531,-21.440793991088867,2107
11.712345123291016,-11.539196014404297,2108
37.95330810546875,-6.0915422439575195,2109
10.805395126342773,-21.546283721923828,2110
44.00300216674805,-9.286538124084473,2111
47.89122009277344,-10.782130241394043,2112
-4.927562236785889,4.426955223083496,2113
41.509361267089844,15.2960844039917,2114
36.0478401184082,-14.850833892822266,2115
20.830490112304688,-23.265438079833984,2116
26.40593147277832,-10.914023399353027,2117
36.35575866699219,-10.812664985656738,2118
12.345438957214355,8.33289909362793,2119
51.79290771484375,-10.578678131103516,2120
53.03696823120117,-9.425413131713867,2121
52.13968276977539,-8.973528861999512,2122
37.16130065917969,-4.287938594818115,2123
14.404203414916992,11.284127235412598,2124
20.49151611328125,16.868743896484375,2125
-14.945927619934082,-31.028837203979492,2126
27.437246322631836,-27.66155242919922,2127
11.095956802368164,7.5570759773254395,2128
44.258575439453125,-11.87932014465332,2129
56.611663818359375,-1.8536057472229004,2130
13.792223930358887,9.89075756072998,2131
44.09751510620117,-2.71091365814209,2132
44.68088150024414,-9.891792297363281,2133
41.87409210205078,-5.471039295196533,2134
51.296207427978516,-10.65831470489502,2135
51.41350555419922,-5.264200687408447,2136
48.16093063354492,-6.385365962982178,2137
43.97957229614258,-12.318682670593262,2138
39.35654067993164,-11.305416107177734,2139
20.592872619628906,14.86966323852539,2140
25.173095703125,17.49838638305664,2141
-6.222484588623047,1.678336262702942,2142
38.083984375,-5.906394004821777,2143
18.462480545043945,18.067644119262695,2144
-2.416743516921997,-26.258102416992188,2145
41.919761657714844,-11.423684120178223,2146
43.514984130859375,-10.959579467773438,2147
50.252838134765625,-4.521088123321533,2148
42.59428024291992,-10.305115699768066,2149
-5.40657901763916,3.1492087841033936,2150
23.343278884887695,16.725811004638672,2151
9.894827842712402,36.46690368652344,2152
35.97640609741211,-0.1208658441901207,2153
23.78544807434082,-16.32369613647461,2154
38.74390411376953,-11.30724048614502,2155
53.55548095703125,-14.27763843536377,2156
53.561256408691406,-11.483421325683594,2157
43.475223541259766,-8.64135456085205,2158
19.389503479003906,18.166610717773438,2159
-3.9265477657318115,-25.649545669555664,2160
51.67503356933594,-10.67463493347168,2161
-12.015045166015625,38.407649993896484,2162
-4.237271785736084,-0.27518418431282043,2163
-3.764726161956787,-25.466930389404297,2164
49.0675048828125,-4.76475191116333,2165
11.27614688873291,5.077541828155518,2166
45.32252883911133,-6.212601661682129,2167
48.294918060302734,-3.9733548164367676,2168
47.21879959106445,-3.4446260929107666,2169
21.78362464904785,-8.967389106750488,2170
46.776309967041016,-2.4527077674865723,2171
16.022178649902344,14.315640449523926,2172
35.608985900878906,-5.755366325378418,2173
-4.707200527191162,1.0823698043823242,2174
52.316341400146484,-15.717941284179688,2175
41.069522857666016,-10.23412036895752,2176
60.092830657958984,-13.09911823272705,2177
48.714351654052734,-1.4758938550949097,2178
46.59516143798828,-14.52728271484375,2179
39.86158752441406,-3.445711612701416,2180
16.3627986907959,14.385890007019043,2181
45.45075607299805,-7.473083019256592,2182
47.72994613647461,-3.249128818511963,2183
49.65561294555664,-6.794059753417969,2184
50.6006965637207,-5.405118465423584,2185
49.700801849365234,-6.283688068389893,2186
41.3238525390625,-12.435970306396484,2187
41.908103942871094,-6.5614013671875,2188
15.865286827087402,20.007320404052734,2189
46.06708526611328,-9.379390716552734,2190
32.537715911865234,-2.556138753890991,2191
46.0101203918457,-9.424747467041016,2192
57.4416618347168,-10.301578521728516,2193
57.30263137817383,-5.386396884918213,2194
57.00745391845703,-5.196839332580566,2195
55.791053771972656,-5.113083362579346,2196
57.57915115356445,-4.684243202209473,2197
56.8369140625,-4.621737480163574,2198
56.79804992675781,-4.4916839599609375,2199
55.649478912353516,-5.093851089477539,2200
47.84526824951172,-7.68446683883667,2201
48.823368072509766,-3.3246283531188965,2202
41.9023551940918,-10.898972511291504,2203
39.52753829956055,-7.352122783660889,2204
39.93025588989258,-8.516056060791016,2205
40.283023834228516,-7.184252738952637,2206
40.37373352050781,-7.684925079345703,2207
44.36121368408203,-7.053267955780029,2208
50.05144119262695,-23.361156463623047,2209
48.62998962402344,-22.287654876708984,2210
51.04391860961914,-21.730897903442383,2211
49.7795524597168,-22.05690574645996,2212
39.90706253051758,-19.802562713623047,2213
50.96144104003906,-20.69134521484375,2214
44.7216911315918,-7.243283748626709,2215
43.638832092285156,-6.8916707038879395,2216
45.946815490722656,-7.864725589752197,2217
54.2078971862793,-21.241323471069336,2218
52.34904861450195,-10.464221954345703,2219
46.871376037597656,-6.034218788146973,2220
55.19844436645508,-13.89532470703125,2221
51.07829666137695,-24.152555465698242,2222
49.74764633178711,-22.5395450592041,2223
52.27959060668945,-22.924964904785156,2224
52.27689743041992,-22.231874465942383,2225
53.17585372924805,-21.397493362426758,2226
46.59782791137695,-22.660865783691406,2227
44.92251205444336,-1.5502206087112427,2228
47.16853332519531,-8.443379402160645,2229
51.09266662597656,-22.555782318115234,2230
53.09812927246094,-19.270442962646484,2231
51.40782165527344,-22.802183151245117,2232
48.77942657470703,-24.901962280273438,2233
53.32247543334961,-22.94915771484375,2234
49.95482635498047,-22.656347274780273,2235
55.067970275878906,-14.229673385620117,2236
49.406898498535156,-24.422504425048828,2237
47.70931625366211,-8.76566219329834,2238
42.80440902709961,-4.671247959136963,2239
44.150272369384766,-6.792277812957764,2240
50.96156692504883,-24.13623809814453,2241
51.980472564697266,-23.119802474975586,2242
49.69160842895508,-8.029656410217285,2243
50.238067626953125,-22.759490966796875,2244
39.803890228271484,-32.15591812133789,2245
48.99342727661133,-23.745115280151367,2246
52.68013381958008,-23.56007194519043,2247
49.48500442504883,-24.72498893737793,2248
51.73305892944336,-24.800424575805664,2249
49.67100524902344,-5.57157564163208,2250
42.84901428222656,-5.61970853805542,2251
46.42341232299805,-9.61619758605957,2252
46.701873779296875,-22.74751853942871,2253
53.212650299072266,-23.21393394470215,2254
52.72580337524414,-20.47453498840332,2255
48.902828216552734,-23.80068016052246,2256
53.06291961669922,-19.397172927856445,2257
59.87982177734375,-12.791096687316895,2258
48.57904052734375,-25.279916763305664,2259
49.958770751953125,-23.286535263061523,2260
49.89229965209961,-24.528865814208984,2261
51.223873138427734,-22.883045196533203,2262
53.06884765625,-16.47569465637207,2263
57.59486770629883,-4.646161079406738,2264
54.37266159057617,-4.665646076202393,2265
49.882083892822266,-14.00085735321045,2266
46.62004470825195,-3.658457040786743,2267
-6.450899600982666,-0.9144048690795898,2268
40.301578521728516,-8.588010787963867,2269
47.943538665771484,-1.6261812448501587,2270
7.222642421722412,11.265865325927734,2271
53.49943161010742,18.77261734008789,2272
45.37994384765625,-16.531347274780273,2273
6.439919948577881,12.863025665283203,2274
43.79121780395508,-12.739750862121582,2275
47.233863830566406,-5.1796979904174805,2276
42.16984558105469,-11.842763900756836,2277
44.83903884887695,-11.470328330993652,2278
45.16057586669922,-6.076395511627197,2279
48.146419525146484,-1.8454433679580688,2280
55.7760009765625,-13.50869369506836,2281
43.83460998535156,-4.205535888671875,2282
-3.367719888687134,34.40327835083008,2283
46.24207305908203,-9.413431167602539,2284
51.01495361328125,-7.363466262817383,2285
50.229820251464844,-19.598800659179688,2286
49.68259811401367,-7.9505181312561035,2287
55.13955307006836,-11.84659194946289,2288
47.31491470336914,-7.996963024139404,2289
50.261898040771484,-19.751142501831055,2290
49.74706268310547,-2.8593125343322754,2291
7.848881244659424,11.953933715820312,2292
51.4788703918457,-0.6604984402656555,2293
48.51589584350586,-4.029738426208496,2294
52.85200119018555,-6.547754287719727,2295
54.01123809814453,-12.780715942382812,2296
55.00071716308594,-14.868851661682129,2297
52.29202651977539,-15.693588256835938,2298
49.288944244384766,-21.920211791992188,2299
45.82882308959961,-5.8142828941345215,2300
46.267391204833984,-4.985156059265137,2301
46.38766098022461,-5.541439056396484,2302
48.587467193603516,-5.281354904174805,2303
45.388973236083984,-3.139204740524292,2304
45.749595642089844,-3.545562982559204,2305
51.122623443603516,-3.7200870513916016,2306
42.682430267333984,-5.93170690536499,2307
44.225521087646484,-3.181068181991577,2308
31.629499435424805,-5.182974815368652,2309
51.173736572265625,-6.591599941253662,2310
45.91049575805664,-13.151222229003906,2311
47.15326690673828,-14.097392082214355,2312
47.17646026611328,-8.31501293182373,2313
45.349849700927734,-13.155301094055176,2314
42.66743469238281,-9.669119834899902,2315
42.58284378051758,-9.38082504272461,2316
49.132179260253906,-9.56748104095459,2317
49.26173400878906,-8.248286247253418,2318
45.105438232421875,-13.529535293579102,2319
49.25879669189453,-9.436166763305664,2320
49.45853042602539,-10.245059967041016,2321
41.976192474365234,-14.678916931152344,2322
49.640045166015625,-7.77235746383667,2323
47.92749786376953,-9.945634841918945,2324
49.56376647949219,-7.067529201507568,2325
60.39944076538086,-7.710122585296631,2326
50.15022277832031,-25.48118019104004,2327
42.23248291015625,-33.20246887207031,2328
46.114627838134766,-10.800731658935547,2329
-5.367508888244629,3.1991631984710693,2330
55.65298080444336,-5.02058219909668,2331
40.38551712036133,-12.851972579956055,2332
47.220802307128906,-8.938227653503418,2333
55.325130462646484,-9.471570014953613,2334
13.065020561218262,9.226726531982422,2335
44.06713104248047,-7.817009449005127,2336
-5.96698522567749,3.066932201385498,2337
49.339683532714844,-4.989556312561035,2338
42.86552810668945,-6.6888837814331055,2339
47.58526611328125,-3.4688732624053955,2340
58.125492095947266,-7.528475284576416,2341
-5.77695894241333,3.1202428340911865,2342
14.177131652832031,6.819091796875,2343
44.53604507446289,-11.777249336242676,2344
27.851173400878906,20.029142379760742,2345
-25.621091842651367,39.66729736328125,2346
51.26921463012695,8.08836841583252,2347
59.667476654052734,-8.713982582092285,2348
52.963172912597656,21.873722076416016,2349
19.644176483154297,-7.3005595207214355,2350
21.82415771484375,-14.91819953918457,2351
53.895240783691406,20.348468780517578,2352
8.534192085266113,20.015399932861328,2353
34.38790512084961,26.805397033691406,2354
31.282161712646484,24.917999267578125,2355
30.31354331970215,4.407576084136963,2356
37.490692138671875,35.96241760253906,2357
25.5950870513916,18.343494415283203,2358
30.223648071289062,4.571966171264648,2359
40.16510009765625,10.813258171081543,2360
29.469135284423828,22.66866683959961,2361
22.079378128051758,35.82750701904297,2362
40.13592529296875,26.400033950805664,2363
33.167545318603516,21.642602920532227,2364
41.17158508300781,10.33536434173584,2365
29.58636474609375,23.06131362915039,2366
50.65027618408203,20.140607833862305,2367
13.365187644958496,11.425821304321289,2368
-13.96104621887207,32.97493362426758,2369
-2.953986644744873,7.040563583374023,2370
34.99508285522461,23.730037689208984,2371
33.11228942871094,25.71104621887207,2372
0.7792801260948181,9.817975997924805,2373
26.733745574951172,29.05086898803711,2374
40.33525085449219,26.508752822875977,2375
-15.925702095031738,39.96821594238281,2376
51.370262145996094,5.337296962738037,2377
33.39022445678711,23.271343231201172,2378
34.74198532104492,27.361560821533203,2379
34.44993591308594,22.276277542114258,2380
27.393333435058594,24.691482543945312,2381
32.0218505859375,8.269156455993652,2382
24.470563888549805,11.728216171264648,2383
25.823822021484375,12.941366195678711,2384
27.943683624267578,25.822025299072266,2385
43.00675964355469,-1.049945592880249,2386
37.168087005615234,17.506092071533203,2387
30.545228958129883,-31.867902755737305,2388
44.22999572753906,-27.709230422973633,2389
35.98951721191406,-28.043930053710938,2390
28.191335678100586,-6.962589263916016,2391
39.47703552246094,-28.99064826965332,2392
38.626953125,-26.081621170043945,2393
40.91046905517578,-23.481353759765625,2394
40.70197296142578,-18.0799560546875,2395
40.523834228515625,-22.635305404663086,2396
16.020723342895508,-0.30015867948532104,2397
16.69425392150879,33.244319915771484,2398
40.628334045410156,-29.123815536499023,2399
43.40061950683594,-25.695514678955078,2400
43.741397857666016,-26.5832462310791,2401
37.61423110961914,-25.257057189941406,2402
33.424564361572266,-20.483739852905273,2403
38.180999755859375,-25.61492347717285,2404
35.065277099609375,-21.63941764831543,2405
43.512298583984375,-25.79619598388672,2406
37.80335998535156,-19.734905242919922,2407
40.81721878051758,-23.380245208740234,2408
44.24030685424805,-27.88623046875,2409
38.146827697753906,-22.881776809692383,2410
33.20425033569336,-7.081674575805664,2411
44.69770812988281,-28.02948570251465,2412
39.16244888305664,-22.534954071044922,2413
42.88901901245117,-23.1572322845459,2414
21.981969833374023,-3.02355694770813,2415
43.752872467041016,-26.385366439819336,2416
44.609493255615234,-28.173364639282227,2417
30.040668487548828,-12.845254898071289,2418
32.97785186767578,18.0400447845459,2419
-23.975120544433594,35.3452262878418,2420
29.92472267150879,20.68752098083496,2421
26.380430221557617,11.040716171264648,2422
53.4630241394043,8.790142059326172,2423
51.38084030151367,5.362441539764404,2424
-13.6354341506958,37.36192321777344,2425
54.88353729248047,11.137053489685059,2426
50.77797317504883,19.064668655395508,2427
47.7575798034668,13.115330696105957,2428
-27.859519958496094,32.54330062866211,2429
33.01084899902344,17.08260154724121,2430
53.97602081298828,14.805450439453125,2431
-26.52788543701172,35.69776153564453,2432
50.658878326416016,18.081172943115234,2433
51.26862716674805,16.018014907836914,2434
52.09687423706055,16.77665138244629,2435
50.96226119995117,8.68299388885498,2436
52.32863235473633,16.942840576171875,2437
51.75221633911133,16.557621002197266,2438
33.640586853027344,6.608991622924805,2439
48.893978118896484,18.466949462890625,2440
53.89302062988281,14.756242752075195,2441
49.44169616699219,15.647454261779785,2442
51.52827072143555,19.343875885009766,2443
51.84754180908203,8.840232849121094,2444
51.26104736328125,19.300060272216797,2445
12.165151596069336,17.491634368896484,2446
51.517635345458984,23.554414749145508,2447
-4.508333683013916,17.83449935913086,2448
41.23719787597656,-15.834493637084961,2449
29.247455596923828,5.478113174438477,2450
-28.889570236206055,37.479835510253906,2451
28.522518157958984,25.251047134399414,2452
-19.621868133544922,27.461349487304688,2453
30.448434829711914,27.23587989807129,2454
-2.782090187072754,20.362102508544922,2455
12.404211044311523,32.93524169921875,2456
-26.665029525756836,35.66649627685547,2457
31.51695442199707,20.51262092590332,2458
29.778257369995117,26.517053604125977,2459
27.47476577758789,19.427085876464844,2460
46.89567565917969,25.19065284729004,2461
28.684301376342773,9.624576568603516,2462
31.157739639282227,33.40911865234375,2463
33.860023498535156,7.835363864898682,2464
34.67140197753906,20.380056381225586,2465
36.05030822753906,26.8507137298584,2466
40.06276321411133,11.200963020324707,2467
35.558433532714844,25.904382705688477,2468
33.201656341552734,26.5593318939209,2469
33.17185974121094,26.70523452758789,2470
35.84663391113281,25.832727432250977,2471
37.101802825927734,23.432531356811523,2472
32.18925476074219,-26.65207862854004,2473
37.419189453125,23.737777709960938,2474
35.15842819213867,23.694673538208008,2475
29.230358123779297,24.407869338989258,2476
52.957054138183594,-12.509931564331055,2477
38.815731048583984,13.309288024902344,2478
34.60904312133789,-19.546541213989258,2479
25.453229904174805,29.5541934967041,2480
28.325746536254883,27.842884063720703,2481
36.737220764160156,2.2326669692993164,2482
33.83083724975586,21.1487979888916,2483
46.77800369262695,30.72187614440918,2484
31.438440322875977,18.856603622436523,2485
34.74228286743164,5.522093296051025,2486
31.452098846435547,6.543145656585693,2487
32.88240432739258,20.14967155456543,2488
31.435016632080078,6.444839954376221,2489
-10.181600570678711,34.80118179321289,2490
34.111507415771484,27.541288375854492,2491
-23.90190315246582,35.0693473815918,2492
30.528242111206055,35.889713287353516,2493
-9.521061897277832,4.389059066772461,2494
-4.085495948791504,-27.70322036743164,2495
-14.418120384216309,29.142742156982422,2496
24.26287269592285,23.533489227294922,2497
50.77549362182617,22.632301330566406,2498
31.985822677612305,23.90545082092285,2499
33.63353729248047,24.241918563842773,2500
-1.4298814535140991,20.2612361907959,2501
17.680286407470703,31.249752044677734,2502
49.542518615722656,33.319740295410156,2503
26.445396423339844,13.240030288696289,2504
45.480224609375,29.182384490966797,2505
32.06896209716797,26.982925415039062,2506
35.32048034667969,25.600919723510742,2507
38.6903076171875,25.14607048034668,2508
34.16975784301758,20.447172164916992,2509
30.32676887512207,35.94032669067383,2510
29.516386032104492,20.09794807434082,2511
27.81484031677246,23.59117889404297,2512
24.622161865234375,12.817883491516113,2513
14.515271186828613,20.153261184692383,2514
34.43213653564453,26.09783935546875,2515
43.30934143066406,30.17168426513672,2516
29.567182540893555,25.730817794799805,2517
43.338504791259766,30.534793853759766,2518
29.56110954284668,26.34978675842285,2519
43.22104263305664,29.53178596496582,2520
29.38736915588379,26.3391170501709,2521
-4.507795810699463,17.794910430908203,2522
34.749446868896484,25.86533546447754,2523
32.759971618652344,25.019371032714844,2524
34.829036712646484,25.760217666625977,2525
32.299312591552734,8.351003646850586,2526
27.995018005371094,15.177268981933594,2527
31.886274337768555,23.953481674194336,2528
31.979167938232422,23.951862335205078,2529
31.973526000976562,24.022361755371094,2530
31.3096866607666,24.927255630493164,2531
28.10883140563965,21.851499557495117,2532
28.90696144104004,24.181676864624023,2533
29.906885147094727,20.662670135498047,2534
27.251707077026367,22.137475967407227,2535
27.022417068481445,22.49583625793457,2536
19.22315788269043,11.063892364501953,2537
-14.325165748596191,39.75831985473633,2538
-15.705863952636719,40.53422927856445,2539
-14.596151351928711,38.03510665893555,2540
-13.404017448425293,40.442100524902344,2541
24.370168685913086,13.121591567993164,2542
-15.51024055480957,39.803436279296875,2543
30.653841018676758,15.458820343017578,2544
-20.30723762512207,14.819059371948242,2545
41.80746078491211,19.640859603881836,2546
-23.905426025390625,-3.7160637378692627,2547
32.72677993774414,-19.166044235229492,2548
-20.76006507873535,35.70553970336914,2549
-16.524463653564453,30.792789459228516,2550
24.004932403564453,15.258831977844238,2551
49.557586669921875,7.207182884216309,2552
37.54328155517578,-18.961631774902344,2553
34.23531723022461,18.084630966186523,2554
-47.678855895996094,18.916677474975586,2555
27.307674407958984,17.461334228515625,2556
55.92304229736328,5.646693229675293,2557
33.989871978759766,13.927971839904785,2558
55.032989501953125,5.412245273590088,2559
28.497257232666016,21.273067474365234,2560
27.92706871032715,8.308533668518066,2561
32.58590316772461,2.2003207206726074,2562
28.486413955688477,17.509754180908203,2563
28.882139205932617,16.84221839904785,2564
39.90669250488281,18.070863723754883,2565
51.46189880371094,0.12329167872667313,2566
45.22343444824219,22.616085052490234,2567
28.85533905029297,16.657024383544922,2568
-8.474895477294922,20.577743530273438,2569
42.85253143310547,-22.89531898498535,2570
8.893553733825684,19.720680236816406,2571
-0.06587591022253036,12.1266508102417,2572
33.282135009765625,9.569652557373047,2573
-20.12596321105957,33.59093475341797,2574
-0.8534271717071533,9.724435806274414,2575
-9.054058074951172,20.670303344726562,2576
30.422138214111328,1.610137939453125,2577
1.404632568359375,17.16571044921875,2578
50.26807403564453,25.31293487548828,2579
-24.539514541625977,26.274682998657227,2580
-55.02711486816406,19.280858993530273,2581
40.620025634765625,-17.32245445251465,2582
-16.657569885253906,34.06275939941406,2583
-43.258296966552734,15.21065616607666,2584
32.58872985839844,13.995857238769531,2585
-21.103479385375977,30.842491149902344,2586
-54.21338653564453,18.30330467224121,2587
-55.49492263793945,19.328493118286133,2588
30.76961898803711,-8.453024864196777,2589
29.476367950439453,-16.494028091430664,2590
-16.50255012512207,30.933279037475586,2591
42.508277893066406,16.504436492919922,2592
-10.31867504119873,20.70208168029785,2593
-15.945034980773926,33.700096130371094,2594
31.208887100219727,14.728732109069824,2595
39.863990783691406,3.6195809841156006,2596
46.90623474121094,23.638776779174805,2597
-49.65650939941406,12.640217781066895,2598
36.198158264160156,0.5108677744865417,2599
38.90079879760742,19.20747184753418,2600
35.87432861328125,-20.687715530395508,2601
36.410465240478516,-20.04695701599121,2602
38.22378921508789,-28.320632934570312,2603
25.684913635253906,8.956933975219727,2604
-18.997983932495117,34.81653594970703,2605
-3.4873158931732178,9.852727890014648,2606
32.25208282470703,16.051511764526367,2607
45.389644622802734,17.647201538085938,2608
-14.51851749420166,29.22287368774414,2609
28.496776580810547,21.273120880126953,2610
33.664390563964844,2.9660074710845947,2611
31.036903381347656,13.14979362487793,2612
32.36322021484375,12.28969669342041,2613
32.5455436706543,11.946052551269531,2614
-17.23760986328125,35.70322799682617,2615
-10.732672691345215,20.761638641357422,2616
57.14763259887695,10.409918785095215,2617
44.92087173461914,18.06072998046875,2618
46.89341735839844,17.946725845336914,2619
48.0716438293457,19.433683395385742,2620
50.657569885253906,18.32088851928711,2621
33.486228942871094,33.07795333862305,2622
5.885154724121094,12.551495552062988,2623
-0.04428425058722496,12.704144477844238,2624
-20.303815841674805,9.636101722717285,2625
35.09353256225586,12.702231407165527,2626
33.287818908691406,10.495537757873535,2627
37.415733337402344,30.04356575012207,2628
-20.149478912353516,33.131378173828125,2629
32.16105270385742,14.80053424835205,2630
35.86906051635742,-21.79747200012207,2631
55.945068359375,6.6803975105285645,2632
-39.8835563659668,8.016234397888184,2633
36.56709671020508,21.043851852416992,2634
2.3710036277770996,12.522095680236816,2635
51.33287811279297,27.693798065185547,2636
37.15214538574219,21.351598739624023,2637
-9.289491653442383,17.859561920166016,2638
46.04344940185547,26.030773162841797,2639
32.68340301513672,-19.322507858276367,2640
-45.79984664916992,13.683344841003418,2641
-44.86458969116211,14.283708572387695,2642
-7.699930667877197,19.741064071655273,2643
-9.864789962768555,20.16790008544922,2644
34.21818923950195,12.551734924316406,2645
30.67165184020996,27.64444923400879,2646
-1.9456945657730103,9.748645782470703,2647
47.35493850708008,6.371861934661865,2648
32.4467887878418,2.1095709800720215,2649
20.094205856323242,15.79446029663086,2650
45.16361999511719,34.683349609375,2651
46.594520568847656,15.927392959594727,2652
-24.49689292907715,26.254207611083984,2653
29.914627075195312,2.3907976150512695,2654
33.769371032714844,12.246983528137207,2655
45.01962661743164,23.28306007385254,2656
-16.978660583496094,35.19132995605469,2657
33.530216217041016,15.040278434753418,2658
7.8712944984436035,11.730572700500488,2659
-17.977479934692383,33.5250244140625,2660
7.386346817016602,14.931893348693848,2661
12.969362258911133,11.978837966918945,2662
12.61275577545166,11.744826316833496,2663
45.7377815246582,11.562098503112793,2664
46.0516357421875,11.60445499420166,2665
46.24794006347656,11.867546081542969,2666
-0.7972434163093567,9.600679397583008,2667
35.35590744018555,2.5160892009735107,2668
-16.75298500061035,35.18953323364258,2669
-44.516048431396484,15.734804153442383,2670
-16.729516983032227,35.31194305419922,2671
36.50685119628906,9.876852035522461,2672
46.699806213378906,19.353824615478516,2673
46.61643600463867,19.284561157226562,2674
31.74103355407715,13.91102123260498,2675
34.93963623046875,14.017261505126953,2676
0.5122537612915039,9.878271102905273,2677
30.344486236572266,17.027565002441406,2678
32.83787155151367,13.402368545532227,2679
-44.866737365722656,15.597875595092773,2680
-55.37137222290039,17.707801818847656,2681
32.96595001220703,10.738731384277344,2682
55.91041946411133,6.412785053253174,2683
45.22529602050781,18.861160278320312,2684
38.767826080322266,-30.014371871948242,2685
30.656131744384766,-27.943952560424805,2686
47.421077728271484,23.849720001220703,2687
-53.29718780517578,19.192272186279297,2688
14.656088829040527,12.746532440185547,2689
-23.906248092651367,34.87554931640625,2690
33.316715240478516,-13.862040519714355,2691
38.95988464355469,27.180511474609375,2692
48.781044006347656,22.90067481994629,2693
34.82678985595703,9.893091201782227,2694
9.143378257751465,-23.775205612182617,2695
40.87689971923828,4.9614949226379395,2696
-20.960132598876953,15.188071250915527,2697
32.93083572387695,28.1876163482666,2698
-7.05760383605957,17.977783203125,2699
32.738216400146484,13.00560474395752,2700
23.146331787109375,8.955476760864258,2701
-17.644861221313477,35.64278793334961,2702
-7.852238655090332,21.01679801940918,2703
45.05913543701172,18.049179077148438,2704
-18.566953659057617,34.05113220214844,2705
11.24398136138916,11.059407234191895,2706
29.942089080810547,10.760152816772461,2707
33.492156982421875,12.21906852722168,2708
31.915821075439453,13.003311157226562,2709
-21.17378807067871,30.814695358276367,2710
7.283441543579102,14.917830467224121,2711
25.902265548706055,32.143123626708984,2712
28.909887313842773,21.58853530883789,2713
35.99355697631836,3.849769115447998,2714
41.12057876586914,-28.810644149780273,2715
-17.577165603637695,33.589500427246094,2716
46.1749382019043,11.075572967529297,2717
-43.70866012573242,17.292266845703125,2718
37.552574157714844,30.79294204711914,2719
46.12315368652344,25.938730239868164,2720
34.22470474243164,11.510793685913086,2721
29.975976943969727,-16.728809356689453,2722
37.06342315673828,31.139387130737305,2723
37.692562103271484,20.305341720581055,2724
37.65568161010742,29.154342651367188,2725
41.18892288208008,21.850629806518555,2726
37.61666488647461,29.256799697875977,2727
37.29106521606445,5.705844402313232,2728
35.30389404296875,3.3746395111083984,2729
-1.7979152202606201,11.594099044799805,2730
41.05363464355469,22.091108322143555,2731
1.7554738521575928,-29.675434112548828,2732
37.52885818481445,3.5268523693084717,2733
6.746007919311523,-15.324296951293945,2734
-16.392484664916992,34.01853942871094,2735
-16.978578567504883,35.67060089111328,2736
-15.787294387817383,30.35831069946289,2737
-5.976334571838379,40.102664947509766,2738
-23.671348571777344,8.656952857971191,2739
22.460798263549805,4.326752662658691,2740
-11.386560440063477,6.730945110321045,2741
48.4215087890625,-29.58884048461914,2742
-0.006396566517651081,14.958307266235352,2743
19.13412094116211,26.879629135131836,2744
17.659578323364258,27.225610733032227,2745
20.35733985900879,33.643306732177734,2746
18.206279754638672,26.396804809570312,2747
20.723325729370117,28.328311920166016,2748
19.725311279296875,26.94129180908203,2749
20.327085494995117,33.90303039550781,2750
21.715396881103516,35.13994216918945,2751
18.56312370300293,25.309234619140625,2752
18.473073959350586,31.012496948242188,2753
17.584739685058594,27.964269638061523,2754
20.28463363647461,33.11701965332031,2755
21.333398818969727,33.66389465332031,2756
17.71837615966797,28.191143035888672,2757
19.44817352294922,28.376745223999023,2758
19.529930114746094,34.00879669189453,2759
20.130369186401367,27.893144607543945,2760
22.759496688842773,19.18006706237793,2761
-14.75829029083252,10.734851837158203,2762
-10.71182632446289,13.31006145477295,2763
-10.095906257629395,35.68299102783203,2764
15.685684204101562,23.791086196899414,2765
10.026629447937012,13.174901962280273,2766
16.381816864013672,24.19068717956543,2767
16.40232276916504,24.198896408081055,2768
16.879528045654297,15.572977066040039,2769
-26.606761932373047,9.734763145446777,2770
14.468283653259277,17.86473274230957,2771
17.592912673950195,25.17676544189453,2772
0.6797674894332886,40.33137512207031,2773
22.36728858947754,18.417734146118164,2774
23.257068634033203,27.459522247314453,2775
27.3718318939209,8.994505882263184,2776
10.857902526855469,35.45164489746094,2777
16.35211753845215,36.35490417480469,2778
-18.77739143371582,40.04386901855469,2779
-10.702865600585938,36.822025299072266,2780
-27.095787048339844,11.189608573913574,2781
19.29952621459961,32.24346923828125,2782
-14.589508056640625,11.403887748718262,2783
-17.461381912231445,20.66471290588379,2784
18.973331451416016,35.80341720581055,2785
11.292139053344727,35.67708206176758,2786
0.7185777425765991,40.72149658203125,2787
-30.993497848510742,14.227577209472656,2788
-24.94270896911621,39.22260665893555,2789
-16.400720596313477,20.151334762573242,2790
36.7027702331543,31.922733306884766,2791
-10.392680168151855,33.76725387573242,2792
48.37898254394531,27.67833137512207,2793
22.14912986755371,20.625389099121094,2794
-10.855245590209961,6.861256122589111,2795
55.16086959838867,8.800272941589355,2796
16.760066986083984,26.798051834106445,2797
-9.503358840942383,35.24162292480469,2798
46.34290313720703,-30.457820892333984,2799
20.19667625427246,30.94818687438965,2800
10.450502395629883,-12.73042106628418,2801
13.87285041809082,38.73934555053711,2802
13.952373504638672,38.748924255371094,2803
14.024365425109863,38.723148345947266,2804
12.362804412841797,39.16920852661133,2805
14.63144588470459,38.531898498535156,2806
-17.1530704498291,20.318897247314453,2807
45.258602142333984,-23.486169815063477,2808
44.87571716308594,-23.720394134521484,2809
16.406253814697266,32.97100830078125,2810
17.77171516418457,34.54452896118164,2811
45.28947067260742,-23.378738403320312,2812
45.61153793334961,-23.709257125854492,2813
17.962806701660156,32.43379592895508,2814
46.81682586669922,-30.0869083404541,2815
16.12908172607422,34.69902420043945,2816
16.60209083557129,35.05038833618164,2817
16.834117889404297,35.1419792175293,2818
39.477561950683594,-28.77581214904785,2819
40.615230560302734,-20.222217559814453,2820
38.485103607177734,-26.167720794677734,2821
16.1837215423584,33.57091522216797,2822
39.730533599853516,-20.384159088134766,2823
18.023962020874023,32.21491241455078,2824
47.6131477355957,-29.791032791137695,2825
8.741853713989258,32.1734733581543,2826
16.646961212158203,32.610084533691406,2827
40.418975830078125,-20.159025192260742,2828
47.863563537597656,-29.681194305419922,2829
15.284050941467285,34.22081756591797,2830
17.882369995117188,32.486961364746094,2831
23.982648849487305,28.731077194213867,2832
9.702719688415527,35.63396453857422,2833
14.728909492492676,31.09625816345215,2834
15.019296646118164,23.689050674438477,2835
-13.35443115234375,10.717397689819336,2836
17.264318466186523,11.499314308166504,2837
2.7165353298187256,18.64812469482422,2838
8.90039348602295,11.138749122619629,2839
-8.373058319091797,43.063289642333984,2840
7.958272457122803,16.36813735961914,2841
2.8282432556152344,18.754392623901367,2842
55.15272521972656,11.334980964660645,2843
-16.28518295288086,11.245945930480957,2844
-14.823631286621094,8.763113975524902,2845
-15.556008338928223,8.276446342468262,2846
13.71281623840332,25.75018310546875,2847
40.71453857421875,28.65679931640625,2848
19.05677032470703,35.05965042114258,2849
19.915393829345703,34.934879302978516,2850
19.630292892456055,28.53550910949707,2851
-25.534944534301758,7.863372325897217,2852
-25.910737991333008,7.539536476135254,2853
-15.633753776550293,17.61849021911621,2854
-26.84034538269043,11.449036598205566,2855
-32.90687942504883,-7.246006488800049,2856
-10.615593910217285,33.13857650756836,2857
18.744735717773438,29.093549728393555,2858
20.913480758666992,31.680055618286133,2859
-9.559778213500977,36.301788330078125,2860
18.812313079833984,26.864849090576172,2861
15.994410514831543,30.95365333557129,2862
22.210163116455078,35.185394287109375,2863
14.684845924377441,31.33601951599121,2864
19.653331756591797,31.006290435791016,2865
14.442644119262695,26.03031349182129,2866
18.63163948059082,33.32651901245117,2867
22.50250816345215,25.84773826599121,2868
17.646787643432617,24.522253036499023,2869
23.108341217041016,26.988506317138672,2870
16.697629928588867,19.193342208862305,2871
20.358718872070312,35.24129867553711,2872
18.794418334960938,23.38533592224121,2873
22.872793197631836,26.57471466064453,2874
-1.956155776977539,19.31817626953125,2875
25.633386611938477,26.092578887939453,2876
-10.990763664245605,7.415550708770752,2877
20.987634658813477,31.65273094177246,2878
-27.582744598388672,10.990477561950684,2879
-26.122522354125977,11.007436752319336,2880
-19.631359100341797,20.26158905029297,2881
-27.93389892578125,11.662662506103516,2882
-8.863109588623047,35.232242584228516,2883
17.58702850341797,25.903621673583984,2884
-19.64229393005371,20.273109436035156,2885
-16.284595489501953,17.985816955566406,2886
27.989953994750977,30.520606994628906,2887
46.71678924560547,30.482423782348633,2888
14.377697944641113,30.814672470092773,2889
22.27318572998047,28.790178298950195,2890
20.268810272216797,20.96194076538086,2891
-32.88420486450195,31.73042869567871,2892
29.49361228942871,30.70997428894043,2893
-8.849031448364258,34.467185974121094,2894
15.563847541809082,29.7593994140625,2895
15.880491256713867,31.066131591796875,2896
15.756879806518555,25.920217514038086,2897
-29.10323715209961,14.015763282775879,2898
17.51742935180664,25.65547752380371,2899
17.27456283569336,25.225078582763672,2900
20.511749267578125,28.988290786743164,2901
-9.326290130615234,35.29822540283203,2902
16.731510162353516,23.740564346313477,2903
-33.8331298828125,10.55443000793457,2904
-10.51082992553711,33.39398956298828,2905
-5.554057598114014,15.608813285827637,2906
15.770915031433105,30.797056198120117,2907
46.32353210449219,0.7456610798835754,2908
25.025014877319336,29.402061462402344,2909
-25.566015243530273,38.3116340637207,2910
-18.593364715576172,19.740713119506836,2911
-5.158219337463379,34.785789489746094,2912
-9.795109748840332,34.9001579284668,2913
-16.769832611083984,10.237621307373047,2914
16.478242874145508,28.455778121948242,2915
-8.488286972045898,35.408206939697266,2916
-12.276572227478027,36.24318313598633,2917
20.252391815185547,27.928922653198242,2918
19.69047737121582,33.85587692260742,2919
38.66852951049805,-24.996952056884766,2920
14.562215805053711,30.766433715820312,2921
21.383853912353516,15.634725570678711,2922
28.36595916748047,29.37855339050293,2923
16.01683807373047,28.315580368041992,2924
-30.752931594848633,-8.677626609802246,2925
26.415191650390625,22.759279251098633,2926
23.799570083618164,32.79740524291992,2927
18.84511947631836,25.24701690673828,2928
35.75727081298828,30.6061954498291,2929
39.99356460571289,26.87900733947754,2930
-8.714932441711426,38.43583679199219,2931
-49.92816162109375,3.4119110107421875,2932
-36.19438934326172,-1.5608352422714233,2933
-45.4354248046875,1.8824607133865356,2934
-21.788249969482422,2.2739126682281494,2935
-20.419748306274414,5.750863552093506,2936
-21.432979583740234,-18.97997283935547,2937
-20.884387969970703,6.367110729217529,2938
-18.19514274597168,5.3939290046691895,2939
-19.43552589416504,6.931082248687744,2940
-19.543052673339844,6.878323078155518,2941
-31.674335479736328,-1.5811558961868286,2942
-21.865022659301758,2.1150083541870117,2943
-49.2197151184082,2.9500441551208496,2944
-53.51078414916992,3.4392480850219727,2945
-56.7929573059082,3.8133561611175537,2946
-44.99518966674805,4.492166042327881,2947
-56.11157989501953,3.991584539413452,2948
-42.25575256347656,2.195664167404175,2949
-51.221771240234375,3.4651544094085693,2950
-48.28681564331055,4.546152591705322,2951
-51.11689376831055,2.351832628250122,2952
-49.622642517089844,6.25447416305542,2953
-37.26927947998047,-3.6437108516693115,2954
-44.9072265625,3.766508102416992,2955
-50.289825439453125,6.078551292419434,2956
-31.029197692871094,4.165565013885498,2957
-26.195674896240234,2.7145943641662598,2958
-35.194637298583984,33.12751388549805,2959
-35.79865264892578,31.78158950805664,2960
-35.596168518066406,30.68779945373535,2961
-52.6800537109375,-1.7558660507202148,2962
-43.79166793823242,3.61820125579834,2963
-36.993507385253906,-14.328343391418457,2964
-45.58257293701172,3.475172758102417,2965
-46.56222152709961,3.286867618560791,2966
-46.412776947021484,3.280473232269287,2967
-48.576904296875,3.496831178665161,2968
-46.100799560546875,0.9217129349708557,2969
-53.406490325927734,3.608510732650757,2970
-49.79082489013672,4.263812065124512,2971
-49.37604522705078,3.643486738204956,2972
-51.941802978515625,1.0997295379638672,2973
-38.33143997192383,4.937725067138672,2974
-38.180686950683594,5.17219877243042,2975
-32.990943908691406,-13.78985595703125,2976
-33.307430267333984,-15.0869779586792,2977
-29.96126365661621,1.5294512510299683,2978
-34.31886291503906,-14.077780723571777,2979
-32.85553741455078,-0.5193535089492798,2980
-33.096595764160156,-14.164750099182129,2981
-32.823974609375,-13.584403991699219,2982
-15.549619674682617,-21.868680953979492,2983
-50.9538688659668,4.663277626037598,2984
-36.759521484375,4.230501651763916,2985
-43.47959899902344,1.4460583925247192,2986
-57.80552291870117,1.2102004289627075,2987
-31.700483322143555,4.187776565551758,2988
-31.483837127685547,4.600113391876221,2989
-22.83384895324707,8.942402839660645,2990
-24.136972427368164,6.986252307891846,2991
-54.01896286010742,4.889074802398682,2992
-28.196149826049805,32.281883239746094,2993
-37.6828727722168,-2.5653433799743652,2994
-41.65065383911133,2.039201021194458,2995
-42.08855438232422,2.0128321647644043,2996
-36.6561164855957,-1.6948868036270142,2997
-44.4453239440918,2.575174570083618,2998
-30.74915313720703,35.82497024536133,2999
-51.289512634277344,4.826877593994141,3000
13.580931663513184,-17.39470100402832,3001
-36.965484619140625,1.9543168544769287,3002
-53.335182189941406,4.357517242431641,3003
-35.82197189331055,2.2013792991638184,3004
-52.78551483154297,5.958552360534668,3005
-28.560060501098633,1.3556877374649048,3006
-36.142425537109375,-0.8216478228569031,3007
-42.93226623535156,-0.7910321354866028,3008
-42.67353439331055,-1.0321062803268433,3009
-37.20220184326172,5.854194641113281,3010
-53.60414123535156,3.1281588077545166,3011
-39.06158447265625,46.09504318237305,3012
-48.59264373779297,5.165510177612305,3013
-38.506893157958984,2.556988000869751,3014
-45.088035583496094,3.890017509460449,3015
-37.03517532348633,2.564225673675537,3016
-50.607879638671875,5.066562652587891,3017
-40.97256851196289,3.8506240844726562,3018
-49.840675354003906,3.2146759033203125,3019
-45.599647521972656,3.494992971420288,3020
-37.788124084472656,2.686635971069336,3021
-22.614757537841797,-20.015958786010742,3022
-53.34694290161133,3.9360544681549072,3023
-25.82901382446289,36.02558898925781,3024
-34.00956344604492,7.544501304626465,3025
-48.693084716796875,2.905324935913086,3026
-51.706363677978516,2.2904903888702393,3027
-22.369407653808594,8.850234031677246,3028
-32.747344970703125,6.288666248321533,3029
-32.42617416381836,6.426530361175537,3030
-34.0491943359375,6.189602851867676,3031
-33.5382080078125,6.2396955490112305,3032
-31.70938491821289,5.453030109405518,3033
-33.827964782714844,7.620011329650879,3034
-51.78575134277344,2.646366834640503,3035
-35.979068756103516,2.437258720397949,3036
-51.83924102783203,6.6346259117126465,3037
-34.0674934387207,-4.61488676071167,3038
-42.02953338623047,3.4923014640808105,3039
-34.79895782470703,3.9675562381744385,3040
-34.739871978759766,3.2175686359405518,3041
-34.98779296875,5.421128273010254,3042
-42.11285400390625,3.485877513885498,3043
-35.302364349365234,0.1561662256717682,3044
-32.938777923583984,-0.5984745025634766,3045
-45.5789909362793,3.2611210346221924,3046
-35.01058578491211,0.2912513017654419,3047
-36.81037521362305,3.3080437183380127,3048
-33.77705001831055,-0.9080117344856262,3049
-34.663795471191406,3.8307597637176514,3050
-35.74177169799805,-0.20048414170742035,3051
-49.19108581542969,5.202112674713135,3052
-35.38640594482422,-0.3818170428276062,3053
-48.71833419799805,0.6715571880340576,3054
-50.54575729370117,3.587200403213501,3055
-37.177886962890625,4.254671573638916,3056
-33.21065139770508,-0.6536243557929993,3057
-43.80717086791992,1.1677924394607544,3058
-36.5053825378418,2.756410837173462,3059
-50.47343063354492,6.079519748687744,3060
-40.83543014526367,42.15195846557617,3061
-43.21341323852539,-0.5733227729797363,3062
-51.08662414550781,2.3266663551330566,3063
-42.21944046020508,3.5312347412109375,3064
-52.167625427246094,7.7247538566589355,3065
-37.78766632080078,1.1299432516098022,3066
-31.039430618286133,-0.014396417886018753,3067
-32.04540252685547,2.09618878364563,3068
-49.52236557006836,2.338322877883911,3069
-44.26441192626953,1.5028667449951172,3070
-45.5973014831543,1.641910195350647,3071
-45.49373245239258,2.204137086868286,3072
-48.60932540893555,6.538190841674805,3073
-49.18986892700195,3.9936068058013916,3074
-48.57730484008789,3.8204708099365234,3075
-49.35753631591797,4.125519752502441,3076
-48.671714782714844,4.0686821937561035,3077
-49.40529251098633,4.285187721252441,3078
-49.7828369140625,4.278010845184326,3079
-49.1197395324707,4.781558036804199,3080
-46.54764938354492,1.5385469198226929,3081
-37.15095520019531,5.904913425445557,3082
-44.42714309692383,2.734531879425049,3083
-45.504234313964844,1.704058289527893,3084
-44.475608825683594,1.6479871273040771,3085
-37.95649719238281,4.3266706466674805,3086
-41.553932189941406,1.2309260368347168,3087
-35.702415466308594,5.654299259185791,3088
-32.825164794921875,2.9062135219573975,3089
-31.750673294067383,-1.4275943040847778,3090
-50.31149673461914,2.326827049255371,3091
-50.754737854003906,2.5261452198028564,3092
-55.84494400024414,3.9901716709136963,3093
-56.06378936767578,5.712965965270996,3094
-30.394737243652344,6.511291980743408,3095
-35.542015075683594,5.552198886871338,3096
-35.41134262084961,6.778624534606934,3097
-57.157527923583984,5.493617057800293,3098
-51.08406066894531,6.475081443786621,3099
-48.84104919433594,1.1200273036956787,3100
-48.720802307128906,0.9770039916038513,3101
-44.8293342590332,-0.04065931588411331,3102
-44.67728805541992,-0.12278460711240768,3103
-48.79780197143555,1.0439422130584717,3104
-44.86565017700195,0.379576712846756,3105
-48.317710876464844,1.42539381980896,3106
14.499836921691895,20.170249938964844,3107
-40.31305694580078,4.513503074645996,3108
-54.5384407043457,-0.8191305994987488,3109
-30.430999755859375,3.131674289703369,3110
-50.282440185546875,2.7736282348632812,3111
-38.939430236816406,3.9757308959960938,3112
3.741983652114868,33.19484329223633,3113
5.088753700256348,30.628934860229492,3114
4.96259069442749,33.54313278198242,3115
25.80186653137207,-6.961135387420654,3116
7.8872904777526855,27.633222579956055,3117
9.933070182800293,34.82768249511719,3118
-4.142586708068848,39.228485107421875,3119
6.581164360046387,33.260581970214844,3120
-26.678665161132812,-7.831679344177246,3121
53.89494705200195,0.082254558801651,3122
23.550006866455078,-7.820355415344238,3123
34.567718505859375,-3.990119218826294,3124
2.924288034439087,9.33234977722168,3125
14.635127067565918,34.38762664794922,3126
-4.158535003662109,40.667484283447266,3127
-3.303114891052246,40.21870803833008,3128
2.832721710205078,32.590213775634766,3129
17.270965576171875,20.829185485839844,3130
5.653045654296875,33.55941390991211,3131
-2.8746790885925293,40.06509017944336,3132
4.020899772644043,31.878908157348633,3133
17.023147583007812,17.55021095275879,3134
11.414667129516602,24.286630630493164,3135
8.08725643157959,23.33718490600586,3136
5.055388927459717,33.139434814453125,3137
3.6948835849761963,28.893545150756836,3138
3.7366790771484375,31.356122970581055,3139
11.53792953491211,24.1343936920166,3140
4.610133647918701,32.091636657714844,3141
-1.9678632020950317,31.535951614379883,3142
2.0841448307037354,31.67036247253418,3143
1.6726551055908203,29.40924072265625,3144
6.689778804779053,30.8445987701416,3145
0.681094229221344,36.415626525878906,3146
1.122973084449768,35.82354736328125,3147
0.7837203741073608,32.488189697265625,3148
5.425412178039551,32.569969177246094,3149
1.7317733764648438,34.44258117675781,3150
6.288794994354248,34.774051666259766,3151
-0.05849641188979149,32.21120834350586,3152
0.08065206557512283,14.240345001220703,3153
1.6342828273773193,28.754907608032227,3154
0.7349338531494141,30.884445190429688,3155
-0.13443607091903687,32.1740608215332,3156
-0.14050480723381042,32.265220642089844,3157
-2.2713849544525146,38.428260803222656,3158
-2.49183988571167,39.37572479248047,3159
-2.8407933712005615,39.40498733520508,3160
-3.226255178451538,38.627891540527344,3161
-2.883880138397217,38.89204788208008,3162
-2.7621376514434814,39.404754638671875,3163
3.7434029579162598,36.029541015625,3164
6.820404052734375,31.173437118530273,3165
2.7650811672210693,29.03635597229004,3166
4.234635353088379,33.757450103759766,3167
-1.4476238489151,39.0716438293457,3168
4.587897777557373,34.43614959716797,3169
19.091455459594727,-14.11760425567627,3170
-1.7478183507919312,39.35509490966797,3171
-2.7457754611968994,40.54970932006836,3172
2.3840906620025635,37.348297119140625,3173
2.86843204498291,37.97869873046875,3174
-3.9213390350341797,41.76804733276367,3175
4.92302942276001,31.07855224609375,3176
11.564460754394531,39.20947265625,3177
11.620687484741211,39.20635986328125,3178
1.6368615627288818,36.086814880371094,3179
-0.026828154921531677,28.636571884155273,3180
2.1551902294158936,27.95559310913086,3181
-0.021048206835985184,29.309093475341797,3182
4.328588962554932,21.15583038330078,3183
8.347566604614258,22.5664005279541,3184
7.513240337371826,29.030235290527344,3185
7.327099323272705,32.55815887451172,3186
8.555688858032227,23.975515365600586,3187
5.366498947143555,30.900836944580078,3188
7.327113628387451,32.55826187133789,3189
15.75674819946289,11.370034217834473,3190
1.2097644805908203,35.93453598022461,3191
8.295771598815918,18.80093765258789,3192
-0.7292153835296631,31.18448829650879,3193
1.9722718000411987,32.564754486083984,3194
3.1913418769836426,33.909423828125,3195
-4.654326438903809,39.71958541870117,3196
8.06630802154541,29.222679138183594,3197
10.481486320495605,33.655609130859375,3198
-1.6734355688095093,40.19206619262695,3199
6.831895351409912,22.96994400024414,3200
7.9866790771484375,27.325204849243164,3201
2.826774835586548,35.120582580566406,3202
7.389410495758057,34.121665954589844,3203
13.69277286529541,18.813827514648438,3204
0.6543626189231873,38.633602142333984,3205
-1.157002568244934,40.28234100341797,3206
-4.674989223480225,38.978721618652344,3207
5.683258533477783,34.71019744873047,3208
9.223703384399414,30.803749084472656,3209
9.384895324707031,35.71963119506836,3210
6.080098628997803,36.4654655456543,3211
3.7474865913391113,30.31588363647461,3212
-0.06834641844034195,38.53132629394531,3213
-1.8099770545959473,39.43473815917969,3214
5.058666706085205,32.621463775634766,3215
5.86937952041626,31.534109115600586,3216
16.60358428955078,18.841646194458008,3217
16.547327041625977,19.41935157775879,3218
8.736781120300293,31.065454483032227,3219
4.432332515716553,37.103492736816406,3220
13.751967430114746,34.3538703918457,3221
3.7428791522979736,35.215843200683594,3222
5.290135860443115,35.69292068481445,3223
13.409557342529297,25.539514541625977,3224
-1.6374181509017944,29.929420471191406,3225
-1.6335440874099731,41.05891036987305,3226
7.620489120483398,34.816139221191406,3227
21.350263595581055,15.898098945617676,3228
-1.9671372175216675,29.050426483154297,3229
-5.304709434509277,39.70997619628906,3230
-3.0500762462615967,38.14434814453125,3231
-2.2306923866271973,38.643821716308594,3232
-0.09610463678836823,33.287906646728516,3233
-14.851758003234863,16.201568603515625,3234
5.867991924285889,34.297088623046875,3235
4.568042755126953,36.77312088012695,3236
8.729226112365723,33.43767547607422,3237
-2.824375629425049,34.87945556640625,3238
6.991390705108643,30.367828369140625,3239
4.924593448638916,30.125890731811523,3240
-0.8894569277763367,32.47051239013672,3241
10.342582702636719,28.13418960571289,3242
-3.6894421577453613,41.120079040527344,3243
-3.3526878356933594,34.7227897644043,3244
-3.8521156311035156,39.53019332885742,3245
0.17956967651844025,38.23001480102539,3246
3.884159803390503,34.160621643066406,3247
-0.9330946803092957,35.0715446472168,3248
2.6967530250549316,32.705169677734375,3249
0.28685304522514343,26.922225952148438,3250
4.020297527313232,33.817726135253906,3251
3.2076456546783447,33.743797302246094,3252
-3.899606943130493,30.807571411132812,3253
2.6385281085968018,32.88531494140625,3254
2.55281138420105,28.538846969604492,3255
-0.5455631017684937,28.644311904907227,3256
-1.657974362373352,35.58502960205078,3257
4.686253547668457,32.052528381347656,3258
-2.1762354373931885,32.19059371948242,3259
9.186970710754395,24.422061920166016,3260
-1.952939510345459,31.77865982055664,3261
-1.773554801940918,31.250593185424805,3262
10.42383098602295,29.979598999023438,3263
39.509033203125,-36.3870849609375,3264
-2.7196044921875,34.7475700378418,3265
4.8077521324157715,31.784799575805664,3266
3.9427802562713623,28.36908531188965,3267
3.806767225265503,35.426631927490234,3268
4.302835941314697,26.6993408203125,3269
2.8484363555908203,30.981956481933594,3270
-2.048009157180786,37.620304107666016,3271
6.100078582763672,30.275524139404297,3272
3.7930145263671875,30.499635696411133,3273
0.34549152851104736,34.51557159423828,3274
-0.798625648021698,41.26190185546875,3275
-3.5132217407226562,35.59862518310547,3276
41.106136322021484,28.366073608398438,3277
-4.339175701141357,39.29606246948242,3278
8.791439056396484,30.942808151245117,3279
8.075850486755371,27.835899353027344,3280
-0.6032997965812683,31.926124572753906,3281
6.432137966156006,26.88813018798828,3282
3.392871379852295,29.543685913085938,3283
5.3586530685424805,34.632572174072266,3284
6.226614952087402,31.25089454650879,3285
3.81042218208313,25.226770401000977,3286
4.076396942138672,34.85396194458008,3287
7.370868682861328,31.10723304748535,3288
4.4564080238342285,37.69392395019531,3289
11.587636947631836,26.21479034423828,3290
1.4257347583770752,39.817264556884766,3291
-2.183265209197998,39.41270446777344,3292
-3.5124990940093994,39.08511734008789,3293
-9.072449684143066,38.60138702392578,3294
1.8690141439437866,33.95947265625,3295
3.8613836765289307,33.81543731689453,3296
5.146360397338867,38.485984802246094,3297
22.73177146911621,30.204605102539062,3298
-2.374509334564209,39.77090072631836,3299
-2.4964499473571777,41.393341064453125,3300
-10.277294158935547,39.532283782958984,3301
6.373785018920898,32.23151397705078,3302
-4.445300102233887,38.59375762939453,3303
-7.45964241027832,38.8924446105957,3304
-10.344956398010254,39.556739807128906,3305
-10.607884407043457,39.84830093383789,3306
-5.722203731536865,38.7413330078125,3307
-10.149091720581055,39.08972930908203,3308
-60.411460876464844,-2.5302910804748535,3309
59.18443298339844,-5.138261318206787,3310
26.018156051635742,-13.413535118103027,3311
50.33464813232422,-12.718367576599121,3312
49.99296569824219,-14.946427345275879,3313
27.83517837524414,12.136192321777344,3314
25.749011993408203,-2.4516308307647705,3315
34.87154006958008,-9.280655860900879,3316
42.58656692504883,1.3989880084991455,3317
25.532758712768555,-15.358016014099121,3318
26.178573608398438,-18.32646369934082,3319
20.175485610961914,-28.669681549072266,3320
17.37015724182129,-26.36297035217285,3321
22.468992233276367,-30.577333450317383,3322
36.05121994018555,-25.758136749267578,3323
20.824399948120117,-22.086515426635742,3324
55.25510787963867,17.57818603515625,3325
21.982376098632812,10.504424095153809,3326
45.625205993652344,-8.793456077575684,3327
60.384971618652344,-2.9459424018859863,3328
27.246990203857422,-8.727692604064941,3329
30.40266227722168,-18.857027053833008,3330
-26.04908561706543,26.45001792907715,3331
20.029949188232422,-22.59117317199707,3332
31.175739288330078,-21.292856216430664,3333
39.98786163330078,-26.323909759521484,3334
20.440166473388672,-29.681821823120117,3335
28.13323402404785,-19.31639289855957,3336
44.555084228515625,8.527473449707031,3337
49.92776107788086,-14.568673133850098,3338
22.98383140563965,-31.854843139648438,3339
6.320855140686035,-23.837045669555664,3340
-6.137566089630127,-1.2841328382492065,3341
28.0006046295166,-18.783309936523438,3342
22.172550201416016,-25.65753936767578,3343
-30.950740814208984,30.703163146972656,3344
58.031585693359375,-4.014601707458496,3345
13.69419002532959,21.227087020874023,3346
18.822324752807617,-33.48374557495117,3347
-58.21181106567383,-6.113992691040039,3348
26.742956161499023,-18.217830657958984,3349
26.587846755981445,-18.200937271118164,3350
28.672351837158203,-16.578472137451172,3351
27.535293579101562,-17.711496353149414,3352
30.818824768066406,-15.055827140808105,3353
28.89480209350586,-17.366931915283203,3354
24.05943489074707,-19.319496154785156,3355
28.35105323791504,-17.135835647583008,3356
22.548696517944336,-28.74870491027832,3357
22.914241790771484,-28.99715805053711,3358
30.343843460083008,-9.153641700744629,3359
28.174192428588867,-16.12491226196289,3360
21.50172996520996,-24.75372314453125,3361
24.51528549194336,-14.49527359008789,3362
24.54518699645996,-14.546159744262695,3363
20.838563919067383,-33.576961517333984,3364
37.26398849487305,-28.766996383666992,3365
37.03723907470703,-27.778873443603516,3366
33.81345748901367,-29.905170440673828,3367
37.1397590637207,-28.975479125976562,3368
35.76264572143555,-24.820886611938477,3369
36.579811096191406,-24.987308502197266,3370
40.671993255615234,9.827829360961914,3371
-57.690399169921875,-1.522387146949768,3372
31.854867935180664,-10.577372550964355,3373
26.82208251953125,-13.904566764831543,3374
45.45542907714844,-16.612577438354492,3375
61.90787887573242,-4.499308109283447,3376
18.93998146057129,-28.488258361816406,3377
46.91950988769531,7.867074489593506,3378
49.921356201171875,-14.188359260559082,3379
32.99554443359375,-0.9032068252563477,3380
34.11067199707031,1.943428874015808,3381
33.03812789916992,-0.9076592922210693,3382
30.768348693847656,13.049248695373535,3383
29.96734046936035,9.673077583312988,3384
27.357824325561523,-20.461387634277344,3385
7.430481910705566,9.792147636413574,3386
27.193805694580078,-20.502254486083984,3387
22.361221313476562,7.508059024810791,3388
26.319461822509766,14.246930122375488,3389
31.10992431640625,13.806351661682129,3390
28.29993438720703,-26.519254684448242,3391
27.430519104003906,-24.678974151611328,3392
19.499635696411133,-40.85117721557617,3393
-57.789405822753906,2.347029209136963,3394
-14.158068656921387,32.92445373535156,3395
26.160594940185547,-29.664579391479492,3396
-56.338802337646484,-0.6101109385490417,3397
57.17789077758789,11.327189445495605,3398
53.78940963745117,19.288169860839844,3399
-27.614910125732422,32.300537109375,3400
-13.432023048400879,-29.605003356933594,3401
-19.546649932861328,27.326095581054688,3402
-19.5135555267334,27.68525505065918,3403
-18.341384887695312,29.34717559814453,3404
26.579620361328125,-27.96161651611328,3405
53.211002349853516,18.248485565185547,3406
58.0582160949707,-4.905929088592529,3407
26.274295806884766,-28.03385353088379,3408
10.998123168945312,-26.800764083862305,3409
22.353357315063477,-25.773479461669922,3410
-53.800270080566406,-14.900039672851562,3411
52.18842315673828,4.2021026611328125,3412
60.322349548339844,-8.387022018432617,3413
52.86512756347656,19.63335418701172,3414
19.905967712402344,0.36784791946411133,3415
19.277942657470703,-30.20733070373535,3416
-14.501179695129395,36.32460021972656,3417
25.924985885620117,-15.845747947692871,3418
-26.035005569458008,26.4238338470459,3419
28.127656936645508,-15.0714111328125,3420
50.774635314941406,24.79591178894043,3421
42.998085021972656,-18.493122100830078,3422
40.29304885864258,9.913219451904297,3423
34.531455993652344,21.966896057128906,3424
36.11662292480469,-30.99722671508789,3425
29.849550247192383,-20.029953002929688,3426
-55.28403854370117,25.968503952026367,3427
30.854928970336914,9.985843658447266,3428
30.080381393432617,9.199763298034668,3429
-6.7031073570251465,7.3299760818481445,3430
10.973929405212402,10.453372955322266,3431
52.111846923828125,0.12570564448833466,3432
-58.91858673095703,-13.918943405151367,3433
-13.393147468566895,40.76416778564453,3434
-17.587173461914062,29.232463836669922,3435
5.222613334655762,-25.37087059020996,3436
27.014806747436523,-35.427513122558594,3437
29.048362731933594,-26.51795196533203,3438
50.40559005737305,-11.531010627746582,3439
26.210119247436523,-35.42729949951172,3440
-55.449222564697266,-5.327735424041748,3441
-56.329429626464844,1.0338585376739502,3442
24.24165153503418,-16.481569290161133,3443
44.733734130859375,-20.20176124572754,3444
32.15475845336914,-18.815248489379883,3445
31.693309783935547,-20.474802017211914,3446
39.4237060546875,-36.281982421875,3447
46.64337921142578,29.132097244262695,3448
17.526752471923828,-26.518836975097656,3449
20.805707931518555,-30.138111114501953,3450
48.174041748046875,29.195722579956055,3451
47.53822708129883,29.457754135131836,3452
33.6868782043457,4.73864221572876,3453
28.983924865722656,9.749757766723633,3454
12.77340030670166,-30.99713706970215,3455
21.38573455810547,-32.151004791259766,3456
-58.20144271850586,-5.983885765075684,3457
52.001399993896484,3.9930055141448975,3458
52.833072662353516,-7.405472755432129,3459
19.98453712463379,-20.39140510559082,3460
27.67364501953125,-11.236586570739746,3461
51.3460693359375,8.679658889770508,3462
19.348201751708984,-28.786596298217773,3463
20.27034568786621,-29.003511428833008,3464
37.66507339477539,-30.63197135925293,3465
23.9220027923584,-19.288471221923828,3466
16.119108200073242,-35.23974609375,3467
22.487224578857422,-11.14509391784668,3468
23.53987693786621,-31.68133544921875,3469
34.34541320800781,-21.601913452148438,3470
60.32883834838867,-2.89709210395813,3471
-60.473751068115234,-2.3016364574432373,3472
27.09684181213379,-17.295318603515625,3473
26.919883728027344,-17.065353393554688,3474
-56.44072723388672,-4.798452377319336,3475
26.565759658813477,-20.572921752929688,3476
20.82676887512207,-35.149967193603516,3477
30.517189025878906,-9.798450469970703,3478
25.15823745727539,0.44501230120658875,3479
21.827991485595703,6.5256171226501465,3480
30.31744384765625,-19.04706573486328,3481
26.017440795898438,-35.480838775634766,3482
28.60405731201172,11.54445743560791,3483
28.322784423828125,11.641226768493652,3484
28.10504150390625,-16.218942642211914,3485
50.30283737182617,-15.410209655761719,3486
61.171875,-5.209663391113281,3487
27.861719131469727,-14.811027526855469,3488
28.53766441345215,-21.698949813842773,3489
-21.32958221435547,0.4551849365234375,3490
29.556270599365234,-12.363965034484863,3491
29.0251522064209,9.720484733581543,3492
29.45765495300293,4.886173725128174,3493
28.826492309570312,-20.745269775390625,3494
26.113731384277344,-20.42621612548828,3495
34.648704528808594,-27.886871337890625,3496
21.73378562927246,-19.77091407775879,3497
38.641475677490234,11.854442596435547,3498
23.607860565185547,-28.322053909301758,3499
-11.012162208557129,40.323875427246094,3500
-16.66630744934082,38.29318618774414,3501
-16.45440673828125,36.77390670776367,3502
-28.050243377685547,32.369937896728516,3503
-36.48698425292969,-15.515118598937988,3504
-16.77836799621582,5.543735504150391,3505
3.58427095413208,2.5763399600982666,3506
42.33000946044922,6.059187412261963,3507
-47.667415618896484,18.109418869018555,3508
4.800248622894287,6.8164167404174805,3509
3.5880181789398193,3.7207868099212646,3510
-38.75614547729492,-5.2292704582214355,3511
-46.02333068847656,10.851102828979492,3512
-48.14668655395508,12.44388198852539,3513
-30.50629425048828,8.210890769958496,3514
-49.74882507324219,17.896366119384766,3515
-51.93208694458008,19.10921287536621,3516
-47.045719146728516,18.670669555664062,3517
5.408094882965088,3.795992851257324,3518
26.276214599609375,22.775197982788086,3519
-45.680908203125,14.318303108215332,3520
-55.55665588378906,11.29824161529541,3521
-51.455360412597656,18.12207794189453,3522
-44.82899856567383,20.88248634338379,3523
-33.19083023071289,-2.096440553665161,3524
-51.57332229614258,11.067414283752441,3525
-54.43730926513672,21.184463500976562,3526
-47.5045280456543,16.93354606628418,3527
-47.599674224853516,14.895577430725098,3528
-43.11699676513672,10.628349304199219,3529
-48.37371826171875,16.97376823425293,3530
37.07619094848633,12.351253509521484,3531
-13.006117820739746,21.02671241760254,3532
-32.50695037841797,-15.481843948364258,3533
-34.26323318481445,-13.330059051513672,3534
34.01839065551758,-23.77953338623047,3535
-18.776535034179688,-1.8856754302978516,3536
-53.70206832885742,22.70018196105957,3537
11.9413423538208,-28.38534164428711,3538
-40.36871337890625,-6.158242702484131,3539
-40.26591873168945,-6.281422138214111,3540
-46.778533935546875,15.146346092224121,3541
-13.084683418273926,21.04665184020996,3542
-51.576194763183594,16.859773635864258,3543
-23.85342025756836,-0.6900989413261414,3544
-18.65073013305664,0.8469884395599365,3545
-52.961368560791016,21.034259796142578,3546
-54.96796417236328,14.563081741333008,3547
-29.068769454956055,8.250941276550293,3548
-45.71930694580078,12.798254013061523,3549
-52.766929626464844,13.607333183288574,3550
-44.11301040649414,10.68995475769043,3551
7.39144229888916,6.481013298034668,3552
-38.944297790527344,9.419856071472168,3553
-48.26857376098633,21.194448471069336,3554
-49.02740478515625,19.87196922302246,3555
-39.6728630065918,10.582345962524414,3556
-53.40496063232422,16.475852966308594,3557
-53.95443344116211,26.319826126098633,3558
-47.076229095458984,14.2760591506958,3559
-47.391780853271484,16.901912689208984,3560
-43.39339065551758,17.408964157104492,3561
-57.90058898925781,14.161542892456055,3562
-54.54077911376953,25.254899978637695,3563
-26.048734664916992,3.595646619796753,3564
-47.80593490600586,17.306264877319336,3565
-20.438018798828125,9.782475471496582,3566
-20.086345672607422,-5.918285846710205,3567
-50.48948669433594,20.526084899902344,3568
-31.132389068603516,7.139325141906738,3569
-28.944355010986328,-5.564596176147461,3570
-51.679039001464844,18.079570770263672,3571
-43.26862335205078,-3.629547119140625,3572
-35.701683044433594,7.745984077453613,3573
-48.432289123535156,14.858673095703125,3574
-48.134254455566406,11.370614051818848,3575
-42.97992706298828,8.613669395446777,3576
-46.115135192871094,18.690954208374023,3577
-43.09427261352539,15.09326171875,3578
-46.42646026611328,16.346521377563477,3579
-34.824092864990234,-4.2853851318359375,3580
-54.509071350097656,25.713211059570312,3581
-51.448974609375,18.090450286865234,3582
-40.91231918334961,8.825325012207031,3583
5.7823405265808105,2.7376062870025635,3584
-56.431644439697266,19.229999542236328,3585
51.86143112182617,28.669340133666992,3586
-56.74727249145508,19.493715286254883,3587
-48.9687614440918,19.839290618896484,3588
10.659119606018066,-0.03607695549726486,3589
-49.5535888671875,21.15765953063965,3590
-46.044273376464844,21.798952102661133,3591
-49.619293212890625,21.22357940673828,3592
-54.4964714050293,25.290128707885742,3593
-41.48771667480469,13.08416748046875,3594
-46.41059112548828,12.088530540466309,3595
-46.50499725341797,11.814979553222656,3596
-31.974714279174805,7.982980728149414,3597
-48.236385345458984,17.0798397064209,3598
-54.581298828125,19.504316329956055,3599
-32.01179122924805,2.033803939819336,3600
-20.32762908935547,-0.781735360622406,3601
-52.942283630371094,21.041378021240234,3602
-29.65992546081543,4.208078861236572,3603
-44.28585433959961,10.664593696594238,3604
-45.61867141723633,12.980250358581543,3605
-49.605796813964844,16.188154220581055,3606
-45.18133544921875,12.210522651672363,3607
-40.95064926147461,10.180241584777832,3608
-43.10438537597656,10.088807106018066,3609
-21.07719612121582,33.01723098754883,3610
-52.57577896118164,17.955707550048828,3611
-52.6293830871582,18.013568878173828,3612
-54.55036163330078,25.615591049194336,3613
-44.31801986694336,17.56420135498047,3614
32.0636100769043,-2.4135563373565674,3615
-49.5343017578125,17.681961059570312,3616
31.883943557739258,-2.368809223175049,3617
-19.417083740234375,-13.280882835388184,3618
-50.917198181152344,15.444483757019043,3619
-49.71568298339844,14.572093963623047,3620
-45.40835952758789,14.564838409423828,3621
-43.282718658447266,-3.601473808288574,3622
-51.58781433105469,16.833206176757812,3623
-48.04804992675781,12.250835418701172,3624
-54.95027160644531,20.025192260742188,3625
-48.325443267822266,22.50475311279297,3626
-23.340360641479492,-8.80828857421875,3627
-32.85683059692383,20.964550018310547,3628
-51.48261642456055,12.036307334899902,3629
-43.41537094116211,16.815109252929688,3630
4.550146579742432,5.099658966064453,3631
-60.15591049194336,17.605648040771484,3632
-50.02159118652344,0.8640505075454712,3633
-48.62339401245117,13.14613151550293,3634
-42.678314208984375,10.556111335754395,3635
-41.114009857177734,8.966028213500977,3636
-50.69633102416992,1.3213682174682617,3637
-41.953819274902344,10.191387176513672,3638
-51.4531364440918,19.532135009765625,3639
-30.895933151245117,7.034609317779541,3640
-40.35432434082031,9.67294692993164,3641
-48.133331298828125,15.205766677856445,3642
-47.31734848022461,20.92943572998047,3643
52.62876510620117,29.431867599487305,3644
-44.756256103515625,11.978877067565918,3645
-46.09397506713867,10.975996017456055,3646
-37.869441986083984,6.533276081085205,3647
-38.55646514892578,-4.9066243171691895,3648
-34.257747650146484,-9.773362159729004,3649
-41.71012878417969,9.562504768371582,3650
-56.50123596191406,21.024433135986328,3651
-18.93162727355957,-0.5754284262657166,3652
-44.590389251708984,10.160808563232422,3653
-47.8650016784668,18.051725387573242,3654
-56.485416412353516,20.02164077758789,3655
-56.01640701293945,19.926525115966797,3656
-31.53016471862793,11.506053924560547,3657
-33.747314453125,4.942426681518555,3658
-35.49297332763672,-2.029876470565796,3659
-27.499229431152344,4.43835973739624,3660
-31.637680053710938,14.59132194519043,3661
-31.31934928894043,9.780731201171875,3662
-30.951372146606445,13.412335395812988,3663
-26.898136138916016,9.063911437988281,3664
-26.743885040283203,8.28529167175293,3665
-34.46967315673828,40.752891540527344,3666
-11.677556991577148,9.831528663635254,3667
-25.83844757080078,3.4506640434265137,3668
-25.335254669189453,9.311857223510742,3669
-29.16531753540039,38.86868667602539,3670
-31.87346076965332,-7.224592208862305,3671
-27.5594539642334,8.915666580200195,3672
-20.33746910095215,11.914955139160156,3673
-25.584630966186523,3.9592478275299072,3674
-25.99482536315918,7.350148677825928,3675
-25.884998321533203,4.820526599884033,3676
-26.06876564025879,4.471538066864014,3677
-26.493703842163086,4.9437127113342285,3678
-44.745182037353516,46.236175537109375,3679
-44.30038833618164,46.15168762207031,3680
-44.551231384277344,46.160037994384766,3681
-44.22756576538086,46.188899993896484,3682
-39.61846160888672,45.2780647277832,3683
-30.216840744018555,14.014630317687988,3684
-40.37114715576172,43.97502517700195,3685
-35.129940032958984,10.33822250366211,3686
-35.33526611328125,10.13202953338623,3687
-35.184749603271484,10.325642585754395,3688
-33.212581634521484,12.637259483337402,3689
-35.94611358642578,11.417318344116211,3690
-41.90892791748047,41.23503112792969,3691
-34.46537399291992,10.621405601501465,3692
-35.288883209228516,10.173425674438477,3693
-41.50032043457031,48.19173049926758,3694
-41.38325881958008,48.20679473876953,3695
-30.065858840942383,13.006364822387695,3696
-42.0997428894043,46.24651336669922,3697
-31.840469360351562,14.418533325195312,3698
-32.3570671081543,14.586986541748047,3699
-30.543140411376953,13.5777587890625,3700
-33.33807373046875,12.731222152709961,3701
-30.041038513183594,10.33064079284668,3702
-29.878433227539062,38.331626892089844,3703
-33.36883544921875,39.743770599365234,3704
-45.215492248535156,37.69892501831055,3705
-45.308738708496094,37.654441833496094,3706
-45.256927490234375,37.67072296142578,3707
-30.15177345275879,38.27656173706055,3708
-51.26716613769531,7.73771858215332,3709
-43.34773254394531,39.27455139160156,3710
-43.00270080566406,42.266021728515625,3711
-43.60166549682617,41.8191032409668,3712
-54.11037826538086,5.019943714141846,3713
-43.05802917480469,41.624271392822266,3714
-26.9953670501709,5.646121978759766,3715
-39.755523681640625,43.54496765136719,3716
-43.15597152709961,39.59075927734375,3717
-30.87736701965332,-7.544051170349121,3718
-33.00676727294922,-10.655191421508789,3719
-36.29164123535156,36.547489166259766,3720
-39.32181930541992,41.56132125854492,3721
-29.856719970703125,-7.550220966339111,3722
-39.443450927734375,36.035362243652344,3723
-39.443450927734375,36.035362243652344,3724
-28.967811584472656,8.578023910522461,3725
-26.30927848815918,6.714962005615234,3726
-26.716108322143555,6.069038391113281,3727
-33.406951904296875,39.70412063598633,3728
-38.2547721862793,42.6739616394043,3729
-43.74476623535156,38.05324935913086,3730
-38.486141204833984,43.198665618896484,3731
-37.193809509277344,44.11931610107422,3732
-39.13164138793945,44.42854309082031,3733
-43.649112701416016,38.31398010253906,3734
-34.4971923828125,12.906119346618652,3735
-35.764671325683594,10.946880340576172,3736
-42.14241409301758,41.351497650146484,3737
-31.426664352416992,13.276130676269531,3738
-33.24278259277344,9.703118324279785,3739
-31.61053466796875,13.360623359680176,3740
30.197601318359375,6.846715927124023,3741
-14.764355659484863,10.707520484924316,3742
-29.886383056640625,9.864954948425293,3743
-41.005435943603516,48.21152877807617,3744
-41.56925582885742,48.216121673583984,3745
-28.41847038269043,7.849610805511475,3746
-41.413204193115234,48.19146728515625,3747
-30.08442497253418,10.641091346740723,3748
-39.44172668457031,46.65966796875,3749
-27.792634963989258,9.72231388092041,3750
-34.10485076904297,8.50544261932373,3751
-26.76546859741211,9.412965774536133,3752
-26.818992614746094,8.511991500854492,3753
-31.84595489501953,-7.2930145263671875,3754
-28.320362091064453,8.997809410095215,3755
-39.41436767578125,43.94231033325195,3756
-42.497459411621094,43.78266143798828,3757
-42.63285827636719,43.663570404052734,3758
-29.4223690032959,39.02439880371094,3759
-42.39176940917969,41.27516555786133,3760
-30.87247657775879,9.565034866333008,3761
-28.402578353881836,8.915472030639648,3762
30.80817413330078,7.617435455322266,3763
30.647600173950195,7.7275166511535645,3764
-29.678682327270508,38.35321807861328,3765
-36.16135787963867,11.667685508728027,3766
-36.0638313293457,11.502279281616211,3767
-40.44403839111328,45.17472839355469,3768
-39.99773025512695,44.72230911254883,3769
-40.41691589355469,46.04912185668945,3770
-40.378318786621094,44.8880729675293,3771
-40.60188674926758,45.549156188964844,3772
-40.26738739013672,44.868064880371094,3773
-40.957035064697266,45.83849334716797,3774
-40.684932708740234,44.90519714355469,3775
-41.77618408203125,45.207305908203125,3776
-40.81261444091797,45.552276611328125,3777
-41.96104049682617,45.32439041137695,3778
-41.73572540283203,45.25416946411133,3779
-35.52509689331055,40.24209213256836,3780
-40.522640228271484,43.056095123291016,3781
-40.293853759765625,43.08199691772461,3782
-43.20591354370117,44.821773529052734,3783
-43.52827835083008,38.813289642333984,3784
-42.85967254638672,43.34593963623047,3785
-39.497806549072266,44.61251449584961,3786
-30.922883987426758,13.274460792541504,3787
-32.141239166259766,12.809764862060547,3788
-39.05121994018555,44.79758071899414,3789
-35.2583122253418,6.878684997558594,3790
-40.74526596069336,44.09308624267578,3791
-41.840858459472656,43.531471252441406,3792
-33.54894256591797,11.31403636932373,3793
-39.535972595214844,41.93183517456055,3794
-43.196075439453125,37.955657958984375,3795
-32.17426300048828,10.546737670898438,3796
-31.19256019592285,13.740166664123535,3797
-39.6136589050293,42.41382598876953,3798
-32.10308074951172,10.203420639038086,3799
-26.574546813964844,44.26854705810547,3800
-26.68096351623535,44.77688980102539,3801
-19.16722297668457,4.472301959991455,3802
-15.373088836669922,13.650092124938965,3803
-11.785394668579102,6.423375606536865,3804
-23.240713119506836,9.637609481811523,3805
-12.403127670288086,9.47004508972168,3806
-25.944189071655273,19.91098976135254,3807
-35.35863494873047,-16.21320343017578,3808
-35.24587631225586,-16.753660202026367,3809
-35.38556671142578,-16.128129959106445,3810
-35.0984001159668,-15.977733612060547,3811
-35.262054443359375,-16.13258934020996,3812
-35.573055267333984,-16.705381393432617,3813
-35.160003662109375,-16.67346954345703,3814
-35.225860595703125,-16.686325073242188,3815
-35.29665756225586,-16.815332412719727,3816
-34.90853500366211,-16.209857940673828,3817
-26.094228744506836,16.210025787353516,3818
-35.20751953125,-16.117774963378906,3819
-26.143190383911133,16.716659545898438,3820
-35.05131149291992,-15.872011184692383,3821
-25.454076766967773,5.611175537109375,3822
-25.793378829956055,5.688888072967529,3823
37.13090896606445,-16.77765655517578,3824
-26.01927375793457,53.206478118896484,3825
-26.126354217529297,17.769683837890625,3826
-25.14299964904785,14.548003196716309,3827
-25.68647575378418,11.205402374267578,3828
-15.921181678771973,-9.976605415344238,3829
-26.365880966186523,16.22517204284668,3830
-22.437564849853516,16.305261611938477,3831
-28.157106399536133,22.29795265197754,3832
-11.658817291259766,-12.409095764160156,3833
-26.066709518432617,-9.920310020446777,3834
-29.938453674316406,19.5773983001709,3835
-30.576229095458984,51.75076675415039,3836
-26.20454978942871,45.87051010131836,3837
-31.00787925720215,43.83015060424805,3838
-31.35832977294922,31.92098045349121,3839
-25.02860450744629,31.682249069213867,3840
-36.38661193847656,48.819725036621094,3841
-36.3784065246582,48.82695007324219,3842
-25.927104949951172,18.600595474243164,3843
-12.103590965270996,-11.937464714050293,3844
-26.90143394470215,51.72634506225586,3845
-28.462892532348633,45.73188018798828,3846
-25.080171585083008,46.41205978393555,3847
-24.02920150756836,13.222689628601074,3848
-23.78247833251953,12.580343246459961,3849
-26.99593162536621,-9.686040878295898,3850
-26.13418197631836,-5.983949661254883,3851
-27.11468505859375,-5.63441276550293,3852
36.3911018371582,-23.095197677612305,3853
-25.50809097290039,-10.406257629394531,3854
-29.118701934814453,50.424339294433594,3855
-20.31974220275879,40.475975036621094,3856
-25.75896453857422,44.91385269165039,3857
-31.88263702392578,33.77198791503906,3858
-24.882118225097656,48.40293884277344,3859
-28.166118621826172,47.768253326416016,3860
-26.13045883178711,48.89670944213867,3861
-28.356369018554688,19.96409034729004,3862
-23.704753875732422,32.21550750732422,3863
-22.379663467407227,7.176942348480225,3864
-28.161008834838867,48.37126922607422,3865
-28.361038208007812,19.411632537841797,3866
-16.055221557617188,7.947926044464111,3867
-9.721208572387695,10.417015075683594,3868
-9.525862693786621,10.508994102478027,3869
-24.431318283081055,48.70857620239258,3870
-20.813583374023438,3.126722574234009,3871
-24.62769889831543,-0.817709743976593,3872
37.976585388183594,5.232601642608643,3873
-30.059049606323242,48.53501510620117,3874
-29.85806655883789,46.95827865600586,3875
-27.744564056396484,39.42905807495117,3876
-25.075647354125977,51.05965042114258,3877
-31.34873390197754,-3.9468491077423096,3878
39.78623580932617,1.496700406074524,3879
-28.244665145874023,20.03266716003418,3880
-9.374866485595703,-4.119899749755859,3881
-26.341432571411133,45.50871276855469,3882
-36.33217239379883,43.829532623291016,3883
-25.945594787597656,47.97159957885742,3884
-25.139297485351562,18.492998123168945,3885
-30.261533737182617,20.774188995361328,3886
-29.707794189453125,20.788467407226562,3887
-22.41925048828125,38.083587646484375,3888
-27.29383087158203,18.37458038330078,3889
-26.03795623779297,21.46858024597168,3890
23.549196243286133,9.997241020202637,3891
-28.97586441040039,47.440940856933594,3892
-28.86287498474121,48.53750228881836,3893
-28.147634506225586,48.64639663696289,3894
-28.963233947753906,47.294090270996094,3895
-29.934701919555664,46.95705032348633,3896
-30.760412216186523,48.609676361083984,3897
-29.36094093322754,21.172374725341797,3898
-22.83427619934082,47.351200103759766,3899
-24.274995803833008,46.952110290527344,3900
-23.837339401245117,50.23772430419922,3901
-24.777944564819336,18.53211212158203,3902
-31.702224731445312,21.206926345825195,3903
-2.565270185470581,15.45854377746582,3904
-1.6957950592041016,20.08318519592285,3905
-27.2730770111084,44.895225524902344,3906
-24.11115074157715,12.474139213562012,3907
-26.87743377685547,18.669910430908203,3908
-27.365394592285156,52.69741439819336,3909
-28.600658416748047,48.433387756347656,3910
-26.669776916503906,20.055082321166992,3911
-29.752120971679688,20.480247497558594,3912
-30.805118560791016,20.297042846679688,3913
-29.179424285888672,50.225643157958984,3914
-33.05069351196289,40.15671920776367,3915
56.595218658447266,8.02701473236084,3916
-27.24755859375,21.64537239074707,3917
49.920654296875,25.928739547729492,3918
-27.241609573364258,50.610816955566406,3919
39.722999572753906,1.5145244598388672,3920
-27.640480041503906,20.871610641479492,3921
-27.585615158081055,49.34357452392578,3922
-25.940019607543945,50.256046295166016,3923
-31.438060760498047,47.56720733642578,3924
-26.645261764526367,52.228065490722656,3925
-29.605571746826172,-7.228250026702881,3926
-28.987525939941406,49.91053771972656,3927
-31.98240852355957,33.7139892578125,3928
-26.304399490356445,47.820526123046875,3929
-26.493654251098633,45.58074951171875,3930
-24.402633666992188,39.56096267700195,3931
-11.955021858215332,-12.128510475158691,3932
-23.117372512817383,49.37565612792969,3933
-27.52426528930664,44.958805084228516,3934
-26.033111572265625,41.49398422241211,3935
-23.8258113861084,48.15785598754883,3936
-26.2312068939209,41.11082458496094,3937
-25.040584564208984,47.2130012512207,3938
-26.633350372314453,49.710330963134766,3939
-27.97284698486328,47.880489349365234,3940
-24.839479446411133,47.073699951171875,3941
-22.080219268798828,48.32564926147461,3942
-25.147769927978516,48.552696228027344,3943
-22.258522033691406,48.62810134887695,3944
-22.70249366760254,47.904579162597656,3945
-22.629329681396484,47.89494323730469,3946
-23.96356964111328,48.035484313964844,3947
-22.188404083251953,48.950557708740234,3948
-25.042095184326172,47.213584899902344,3949
-24.50152587890625,47.761234283447266,3950
-26.085716247558594,49.26199722290039,3951
-26.573867797851562,51.91502380371094,3952
-23.223678588867188,47.97526550292969,3953
-23.906339645385742,49.15686798095703,3954
-24.5162353515625,49.4639778137207,3955
-24.70094108581543,48.82472610473633,3956
-27.413768768310547,52.36643600463867,3957
-27.84345054626465,45.098567962646484,3958
-28.462209701538086,46.21586990356445,3959
-24.693706512451172,50.06231689453125,3960
-20.43087387084961,40.619117736816406,3961
-27.9103946685791,49.485591888427734,3962
-28.598373413085938,19.266525268554688,3963
-36.197166442871094,23.271900177001953,3964
-26.4261531829834,43.94614791870117,3965
-27.308446884155273,48.422821044921875,3966
-22.317378997802734,44.282676696777344,3967
-27.312877655029297,47.3621826171875,3968
-28.53388214111328,53.07072448730469,3969
-22.036460876464844,39.2569694519043,3970
-33.24266052246094,10.584328651428223,3971
-28.591712951660156,46.832557678222656,3972
-37.145423889160156,46.10926818847656,3973
-28.857648849487305,49.8842658996582,3974
-26.811256408691406,46.39920425415039,3975
-28.548828125,48.80142593383789,3976
-27.91107749938965,49.416542053222656,3977
-15.63731861114502,7.362123012542725,3978
-28.474254608154297,-7.387841701507568,3979
-27.543781280517578,45.95721435546875,3980
-29.38603401184082,47.96498489379883,3981
-20.320091247558594,40.47602081298828,3982
-31.407360076904297,49.622745513916016,3983
-29.823017120361328,20.663740158081055,3984
-28.188987731933594,22.34131622314453,3985
-29.714305877685547,21.683818817138672,3986
-11.108495712280273,25.449726104736328,3987
-11.003058433532715,25.306034088134766,3988
-11.011226654052734,25.336877822875977,3989
43.2639274597168,23.9195613861084,3990
-25.58832550048828,47.576786041259766,3991
-26.589576721191406,48.077796936035156,3992
-6.978297233581543,-24.940200805664062,3993
-8.500543594360352,-8.524629592895508,3994
-2.1802892684936523,-21.1236572265625,3995
14.263755798339844,0.08673480898141861,3996
14.341937065124512,-0.11240233480930328,3997
14.758658409118652,-2.866398811340332,3998
52.752052307128906,10.090909957885742,3999
-11.181585311889648,-17.835304260253906,4000
-11.989652633666992,-20.80998992919922,4001
-13.640469551086426,-22.029054641723633,4002
-6.6748833656311035,-17.31204605102539,4003
-11.872573852539062,-6.431729316711426,4004
13.190352439880371,0.9676222801208496,4005
-5.003897190093994,-7.651043891906738,4006
-5.483537673950195,-8.651337623596191,4007
16.71120834350586,-28.213729858398438,4008
-4.238229274749756,-16.37763786315918,4009
-2.778759241104126,-20.028486251831055,4010
-4.511898517608643,-16.574430465698242,4011
11.309797286987305,-1.4824663400650024,4012
-6.605826377868652,11.465357780456543,4013
7.885159969329834,-11.1065034866333,4014
-9.890469551086426,-19.805889129638672,4015
-1.0141561031341553,-14.699304580688477,4016
-3.0820047855377197,13.277670860290527,4017
-8.150583267211914,-13.026618957519531,4018
-6.8669562339782715,-15.210283279418945,4019
6.157914638519287,-14.288736343383789,4020
8.51065731048584,0.8926360011100769,4021
9.056578636169434,1.280510663986206,4022
12.893132209777832,-1.106963872909546,4023
-6.473698616027832,-7.808806896209717,4024
-3.204596519470215,-23.001440048217773,4025
8.537830352783203,0.8336513638496399,4026
-5.97684907913208,-23.467958450317383,4027
-0.13729169964790344,-14.893138885498047,4028
4.48033332824707,-2.7250750064849854,4029
-7.5534987449646,-13.948925018310547,4030
-6.910802364349365,-24.86754608154297,4031
-2.5522327423095703,-15.681207656860352,4032
8.233175277709961,-16.549333572387695,4033
-2.992518424987793,-12.960348129272461,4034
-9.133960723876953,-7.402718544006348,4035
-7.108069896697998,-8.908102035522461,4036
-7.957685470581055,-9.233685493469238,4037
-7.616450309753418,-8.235066413879395,4038
3.4231677055358887,-1.6291782855987549,4039
-8.059028625488281,-6.2945332527160645,4040
-2.9593183994293213,-13.034727096557617,4041
-4.6176347732543945,-14.039799690246582,4042
-10.08227825164795,-19.214122772216797,4043
-5.946833610534668,-18.0285701751709,4044
-6.008707523345947,-14.436413764953613,4045
-2.9491193294525146,-21.03014373779297,4046
-0.3002832531929016,-12.422243118286133,4047
-7.851954936981201,-20.149120330810547,4048
-0.9637240767478943,-14.962746620178223,4049
-1.4932963848114014,-17.146738052368164,4050
1.707090139389038,-13.609853744506836,4051
-0.7703060507774353,-14.926471710205078,4052
0.18978029489517212,-10.50053882598877,4053
-7.482376575469971,-17.980045318603516,4054
-4.58467960357666,-6.642678737640381,4055
5.447525978088379,-12.82720947265625,4056
9.220890998840332,2.9077446460723877,4057
0.028194578364491463,-12.620654106140137,4058
-0.406994104385376,-15.002171516418457,4059
-0.7725512981414795,-12.397637367248535,4060
-7.674668312072754,-19.963077545166016,4061
20.743165969848633,-4.325769901275635,4062
-0.9140769243240356,-12.457688331604004,4063
42.314517974853516,-12.440092086791992,4064
1.519282341003418,-13.137659072875977,4065
-5.0825371742248535,-15.327983856201172,4066
-1.6646538972854614,-17.168594360351562,4067
-3.720142364501953,-21.600757598876953,4068
-7.71322774887085,-22.647565841674805,4069
7.823466777801514,10.739670753479004,4070
12.861284255981445,-5.757524013519287,4071
4.542280673980713,-0.6673625111579895,4072
-4.579318046569824,-17.95755386352539,4073
-10.116141319274902,-8.803570747375488,4074
-10.176156997680664,-20.631818771362305,4075
-2.6632871627807617,-14.024386405944824,4076
-8.144525527954102,-19.7465877532959,4077
-16.832561492919922,-5.072017192840576,4078
13.028280258178711,2.220672845840454,4079
4.27113676071167,-0.932275652885437,4080
12.825958251953125,1.0823956727981567,4081
17.169384002685547,-5.137299537658691,4082
17.387142181396484,-4.842048168182373,4083
17.17377281188965,-4.897955417633057,4084
9.840466499328613,2.719302177429199,4085
-7.679293632507324,-18.509939193725586,4086
-8.608672142028809,-17.027368545532227,4087
-3.7759816646575928,-20.127878189086914,4088
-6.829173564910889,11.249368667602539,4089
-6.448266506195068,-7.470378875732422,4090
-11.159815788269043,-12.989235877990723,4091
7.837824821472168,10.554835319519043,4092
-15.15112590789795,4.726536750793457,4093
-14.770307540893555,4.2272725105285645,4094
-8.095767974853516,-8.494569778442383,4095
-1.8787178993225098,-15.233872413635254,4096
-7.659285068511963,-23.461084365844727,4097
-7.124745845794678,-17.80653190612793,4098
-5.14552640914917,-14.967351913452148,4099
-4.877390384674072,-14.701865196228027,4100
-4.324874401092529,-18.86563491821289,4101
2.474189281463623,-17.26811408996582,4102
-5.40536642074585,-14.773781776428223,4103
8.744887351989746,-35.43513488769531,4104
7.992762565612793,-16.941715240478516,4105
-23.546588897705078,-1.8994778394699097,4106
-15.627819061279297,-2.9783577919006348,4107
-10.68500804901123,-0.9980341196060181,4108
-15.736920356750488,-3.9320170879364014,4109
-14.946340560913086,1.7477986812591553,4110
13.051850318908691,-3.7861273288726807,4111
15.160902976989746,-1.9558852910995483,4112
8.917275428771973,3.0089111328125,4113
-5.429311752319336,-21.811363220214844,4114
1.131063461303711,-2.753453493118286,4115
-6.361414909362793,-23.130016326904297,4116
56.1619758605957,17.310680389404297,4117
-6.76908540725708,-16.88388442993164,4118
-10.545165061950684,-9.687448501586914,4119
2.687938690185547,-22.254438400268555,4120
-4.172076225280762,-17.066604614257812,4121
-10.231623649597168,-7.64609432220459,4122
-10.406097412109375,-21.251928329467773,4123
-10.907670974731445,-18.685272216796875,4124
-14.06776237487793,-5.9387526512146,4125
-9.221736907958984,-5.332315444946289,4126
-2.687260866165161,-22.2122745513916,4127
-15.470955848693848,-3.091411590576172,4128
-2.5588326454162598,-21.818334579467773,4129
-8.130460739135742,-18.053062438964844,4130
-8.57857894897461,-20.97905731201172,4131
-4.626422882080078,-11.75513744354248,4132
-16.52219009399414,-5.1678667068481445,4133
-3.4758265018463135,-20.68953514099121,4134
-1.8335323333740234,-15.561328887939453,4135
-17.351699829101562,-6.135000228881836,4136
-5.323673725128174,-19.56377410888672,4137
-8.234823226928711,-15.708812713623047,4138
-6.4977216720581055,-17.239627838134766,4139
-8.677754402160645,-8.897475242614746,4140
1.0143299102783203,-12.909720420837402,4141
-4.434137344360352,-15.081640243530273,4142
6.160904884338379,-5.36033296585083,4143
7.890651702880859,-14.68669605255127,4144
10.173123359680176,1.2000105381011963,4145
-3.66068959236145,-14.739909172058105,4146
10.150550842285156,1.871931552886963,4147
5.89807653427124,-5.734826564788818,4148
-18.524805068969727,-6.036210060119629,4149
3.301030397415161,-31.518939971923828,4150
-1.8765313625335693,-18.87266731262207,4151
20.095979690551758,-5.131688117980957,4152
-6.603368759155273,-14.311284065246582,4153
2.854227066040039,-0.9376695156097412,4154
-7.694210052490234,-17.892822265625,4155
-5.050161838531494,-20.21394157409668,4156
17.018428802490234,-6.417596340179443,4157
6.1512322425842285,-10.73739242553711,4158
-3.398324966430664,-20.020233154296875,4159
-7.635521411895752,-16.37388801574707,4160
-6.266453266143799,-20.63107681274414,4161
16.396696090698242,-0.8730922937393188,4162
-1.7893098592758179,-20.849796295166016,4163
-8.948887825012207,-8.356130599975586,4164
6.665522575378418,-15.27011489868164,4165
6.353068828582764,-19.694793701171875,4166
-6.703121185302734,-16.882883071899414,4167
-5.896658897399902,-10.621482849121094,4168
-2.9876418113708496,-15.68845272064209,4169
-13.701945304870605,-6.9632039070129395,4170
-17.89516830444336,-4.141948699951172,4171
-6.928728103637695,11.150303840637207,4172
-0.813325822353363,14.600946426391602,4173
-9.54881477355957,-21.60565757751465,4174
-10.050996780395508,-18.038436889648438,4175
13.74029541015625,14.941651344299316,4176
5.923280715942383,-16.731801986694336,4177
14.894309043884277,-1.846981167793274,4178
12.561279296875,-7.9452972412109375,4179
4.981157302856445,-1.4445405006408691,4180
-8.232486724853516,-17.086532592773438,4181
-8.353981971740723,-17.790781021118164,4182
-1.2090345621109009,-17.31092071533203,4183
-9.676420211791992,-15.327018737792969,4184
7.153663158416748,-30.460298538208008,4185
11.181669235229492,-32.781253814697266,4186
12.090468406677246,-35.560237884521484,4187
17.44589614868164,-36.92902755737305,4188
3.232795238494873,-31.88640785217285,4189
4.106545448303223,-36.74721908569336,4190
3.843061685562134,-34.3064079284668,4191
10.859745979309082,-34.97602462768555,4192
7.548256874084473,-27.028242111206055,4193
9.254313468933105,-34.90224838256836,4194
39.38840866088867,-36.27340316772461,4195
5.446975231170654,-30.385732650756836,4196
7.545320510864258,-38.24409484863281,4197
7.643223762512207,-37.11923599243164,4198
12.91353988647461,-33.04155731201172,4199
12.533231735229492,-34.800594329833984,4200
-4.18052864074707,22.8301944732666,4201
7.4999165534973145,-34.53982925415039,4202
6.745441913604736,-31.54144859313965,4203
6.318652629852295,-34.24491882324219,4204
9.450182914733887,-38.63591384887695,4205
15.707441329956055,-38.81767272949219,4206
1.7581361532211304,-33.317325592041016,4207
10.834736824035645,-32.63771057128906,4208
9.305251121520996,-32.07849884033203,4209
10.281949996948242,-32.577980041503906,4210
8.493257522583008,-30.6688175201416,4211
10.137006759643555,-32.28592300415039,4212
8.857211112976074,-21.95247459411621,4213
-5.036643981933594,-19.92811393737793,4214
7.554304122924805,-30.433609008789062,4215
3.3552358150482178,-29.201629638671875,4216
2.8657336235046387,-29.670412063598633,4217
9.569014549255371,-33.65961456298828,4218
11.306425094604492,-34.22920227050781,4219
9.805408477783203,-34.569923400878906,4220
7.300361156463623,-27.388751983642578,4221
2.9981465339660645,-32.56006622314453,4222
2.7513656616210938,-20.329044342041016,4223
3.964613437652588,-31.516130447387695,4224
5.715939044952393,-34.69477844238281,4225
9.137269973754883,-31.280153274536133,4226
4.02916145324707,-30.48871612548828,4227
11.28139591217041,-34.02790069580078,4228
2.6147820949554443,-29.6817684173584,4229
-2.9725534915924072,7.034640789031982,4230
32.70855712890625,-33.674739837646484,4231
9.24438762664795,-29.08384132385254,4232
30.982940673828125,-33.26076126098633,4233
31.4644832611084,-34.956600189208984,4234
32.45203399658203,-32.321128845214844,4235
-8.715219497680664,-22.151844024658203,4236
16.016183853149414,-38.81342697143555,4237
12.503345489501953,-30.420530319213867,4238
17.645401000976562,-37.47746658325195,4239
13.603975296020508,-40.127872467041016,4240
7.4242682456970215,-38.834354400634766,4241
8.348637580871582,-31.32943344116211,4242
9.868490219116211,-35.40642547607422,4243
8.941230773925781,-36.103065490722656,4244
8.636134147644043,-37.26081466674805,4245
8.495931625366211,-36.50508499145508,4246
20.751916885375977,-34.71759033203125,4247
5.204771518707275,11.963997840881348,4248
15.035608291625977,-35.74646759033203,4249
15.742409706115723,-41.212440490722656,4250
0.9832653403282166,-30.865201950073242,4251
3.475031614303589,-31.77347183227539,4252
7.748820781707764,-37.00239944458008,4253
15.597335815429688,-35.44253921508789,4254
2.8037564754486084,-29.537803649902344,4255
48.11391067504883,24.416791915893555,4256
-1.586680293083191,-27.275463104248047,4257
11.947644233703613,-32.56696701049805,4258
9.027412414550781,-31.411020278930664,4259
16.35237693786621,-32.881587982177734,4260
15.423548698425293,-33.07742691040039,4261
9.22513198852539,-30.706701278686523,4262
7.907716274261475,16.161663055419922,4263
16.31739044189453,-31.8686466217041,4264
13.226883888244629,-29.816776275634766,4265
10.375884056091309,-31.918203353881836,4266
15.146440505981445,-33.16943359375,4267
15.034849166870117,-32.307899475097656,4268
14.875734329223633,-35.9748649597168,4269
14.894153594970703,-38.561302185058594,4270
1.7906944751739502,-31.14064598083496,4271
0.726496160030365,-31.83379364013672,4272
7.381214141845703,-33.380218505859375,4273
12.46975326538086,-35.06935501098633,4274
29.6558780670166,-33.847415924072266,4275
11.652617454528809,-32.734615325927734,4276
11.701597213745117,-39.334617614746094,4277
14.961134910583496,-38.73265075683594,4278
12.554726600646973,-41.249996185302734,4279
13.419622421264648,-39.47690963745117,4280
13.896700859069824,-36.689796447753906,4281
21.767532348632812,-34.87187576293945,4282
13.061139106750488,-35.435890197753906,4283
19.66407012939453,-35.4940299987793,4284
9.536596298217773,-30.989110946655273,4285
10.768985748291016,-31.54388999938965,4286
9.389413833618164,-29.40161895751953,4287
9.542113304138184,-30.222660064697266,4288
8.830992698669434,-31.43400001525879,4289
9.936294555664062,-30.73625946044922,4290
9.218364715576172,-29.605178833007812,4291
8.506511688232422,-32.64707946777344,4292
6.38955020904541,-19.24985122680664,4293
9.057332992553711,-30.258188247680664,4294
7.216190814971924,-13.46411418914795,4295
18.639089584350586,-0.272978276014328,4296
8.001913070678711,-34.142005920410156,4297
11.54992389678955,-32.36796569824219,4298
4.878475189208984,-8.906972885131836,4299
23.290481567382812,-35.854671478271484,4300
22.351774215698242,-36.87864303588867,4301
23.9807186126709,-37.82614517211914,4302
21.009475708007812,-37.92485809326172,4303
21.652484893798828,-36.57353973388672,4304
12.6361722946167,-35.81986999511719,4305
-3.2532739639282227,-21.742141723632812,4306
-7.779189586639404,-22.543140411376953,4307
-6.341944694519043,-20.522571563720703,4308
11.467497825622559,-38.89717102050781,4309
6.575509548187256,-29.179109573364258,4310
10.938447952270508,-37.63338851928711,4311
2.9609363079071045,-30.780759811401367,4312
13.318212509155273,-34.0926513671875,4313
17.550607681274414,-29.921241760253906,4314
12.926729202270508,-32.20780944824219,4315
14.455280303955078,-39.52067565917969,4316
4.506842136383057,-27.494213104248047,4317
1.7320126295089722,-30.970857620239258,4318
15.120023727416992,-33.75774002075195,4319
3.7991840839385986,-33.989219665527344,4320
4.538784980773926,-32.38755798339844,4321
5.685199737548828,-35.43184280395508,4322
14.348361015319824,-28.306793212890625,4323
15.119237899780273,-35.20627975463867,4324
21.005558013916016,-37.78641128540039,4325
23.605220794677734,-37.8675422668457,4326
32.686832427978516,-32.267051696777344,4327
-5.490341663360596,-21.870418548583984,4328
-6.750847339630127,-22.64345932006836,4329
6.546734809875488,-32.676395416259766,4330
17.120126724243164,-31.59089469909668,4331
17.38651466369629,-37.31657791137695,4332
30.778867721557617,-33.81328201293945,4333
25.608211517333984,-36.51854705810547,4334
17.07061195373535,-29.81987953186035,4335
16.319711685180664,-31.85708236694336,4336
9.553484916687012,-39.120758056640625,4337
22.811824798583984,-1.4355833530426025,4338
12.245073318481445,-35.8989143371582,4339
12.21524429321289,-31.20586395263672,4340
29.22669792175293,-34.42953109741211,4341
13.74609375,-34.38157272338867,4342
15.249298095703125,-7.413073539733887,4343
-5.025771141052246,-15.741243362426758,4344
11.633145332336426,-19.045509338378906,4345
7.421618461608887,-1.190125823020935,4346
3.421874761581421,-15.418241500854492,4347
62.286903381347656,-6.914017200469971,4348
61.07392883300781,-5.703752517700195,4349
15.498137474060059,-4.874980926513672,4350
10.40285587310791,-5.816889762878418,4351
4.811344623565674,-14.922192573547363,4352
15.06853199005127,-4.596922397613525,4353
35.48407745361328,-7.897113800048828,4354
45.23396301269531,2.7463369369506836,4355
12.956451416015625,-1.3406709432601929,4356
58.23183059692383,3.5017757415771484,4357
35.48894119262695,-7.8018059730529785,4358
5.788579940795898,-11.900314331054688,4359
14.65924072265625,-5.561188697814941,4360
13.175798416137695,-8.258426666259766,4361
6.608075141906738,-12.963656425476074,4362
7.2335381507873535,-7.174829959869385,4363
8.045458793640137,-10.795310020446777,4364
-33.56852722167969,32.2656364440918,4365
15.60004997253418,-29.309974670410156,4366
27.534564971923828,-4.9831342697143555,4367
7.600406646728516,-7.174631595611572,4368
3.963916063308716,-9.259073257446289,4369
55.799991607666016,14.252215385437012,4370
6.322277069091797,-4.858333587646484,4371
29.77626609802246,-3.365912914276123,4372
29.067100524902344,-3.773556709289551,4373
5.449204444885254,-15.236102104187012,4374
28.387571334838867,-3.68251895904541,4375
2.0998706817626953,-15.52795696258545,4376
12.499999046325684,-4.988935470581055,4377
12.390020370483398,-4.355310440063477,4378
19.37909507751465,-5.864618301391602,4379
7.666251182556152,-6.14886474609375,4380
9.42269515991211,-1.3784656524658203,4381
8.054145812988281,-6.1427412033081055,4382
-59.95500564575195,-0.19287465512752533,4383
4.567757606506348,-7.101578712463379,4384
7.719614505767822,-6.90412712097168,4385
32.311309814453125,-30.63018035888672,4386
33.65945053100586,-32.94755935668945,4387
35.91155242919922,-35.441123962402344,4388
12.863950729370117,-8.099443435668945,4389
11.87022590637207,-5.60055685043335,4390
35.158653259277344,-33.959835052490234,4391
34.751277923583984,-31.490488052368164,4392
34.980716705322266,-33.641815185546875,4393
33.899436950683594,-33.33041000366211,4394
34.65535354614258,-32.48127365112305,4395
21.905458450317383,-2.584463357925415,4396
35.51932907104492,-33.04926300048828,4397
12.201203346252441,-5.955414772033691,4398
14.115036964416504,-3.2790138721466064,4399
5.489963531494141,-4.375064373016357,4400
11.99346923828125,-6.305624485015869,4401
35.25931930541992,-35.11793518066406,4402
35.16262435913086,-35.12868881225586,4403
1.075974464416504,-8.02999496459961,4404
11.763775825500488,0.9487643837928772,4405
12.160114288330078,2.7811100482940674,4406
-0.6928914785385132,-10.719280242919922,4407
9.54533576965332,6.453739166259766,4408
16.526201248168945,-3.382014036178589,4409
33.612361907958984,-6.560245513916016,4410
7.410412788391113,-4.037531852722168,4411
4.279764652252197,-4.515034198760986,4412
-42.63185501098633,47.09275817871094,4413
-24.99871826171875,31.68208885192871,4414
51.814483642578125,5.6603922843933105,4415
8.539478302001953,-8.877132415771484,4416
53.696537017822266,10.271681785583496,4417
24.999755859375,-9.391057014465332,4418
-25.049936294555664,36.71702575683594,4419
53.71751403808594,19.741275787353516,4420
16.291231155395508,-2.494375467300415,4421
-25.471023559570312,35.98960876464844,4422
-22.888931274414062,-4.477630615234375,4423
2.7052178382873535,-4.244480133056641,4424
-1.1107107400894165,-9.814648628234863,4425
0.7191581130027771,-7.004642009735107,4426
9.247390747070312,-1.8608930110931396,4427
5.201168537139893,-15.305852890014648,4428
2.990806818008423,-15.695743560791016,4429
8.990735054016113,-4.62131404876709,4430
7.665369510650635,-1.0274927616119385,4431
-1.714830994606018,-7.665040016174316,4432
14.474903106689453,-31.00735855102539,4433
11.341328620910645,-18.918285369873047,4434
8.248619079589844,-8.723274230957031,4435
16.887802124023438,3.6205310821533203,4436
14.957246780395508,15.726279258728027,4437
24.860477447509766,-8.981645584106445,4438
-33.929508209228516,32.332027435302734,4439
32.38100051879883,5.681397438049316,4440
10.172335624694824,-6.803287506103516,4441
7.019546031951904,-8.986371040344238,4442
11.814292907714844,-4.237129211425781,4443
4.239534854888916,-15.303345680236816,4444
-35.164085388183594,33.10685729980469,4445
49.43430709838867,1.5788103342056274,4446
14.536677360534668,-5.839847564697266,4447
-3.1506125926971436,-10.608194351196289,4448
-51.01504898071289,16.402315139770508,4449
2.66614031791687,-6.765076160430908,4450
9.826687812805176,-3.9698123931884766,4451
-18.770938873291016,26.190885543823242,4452
4.432855129241943,-8.566332817077637,4453
5.080026149749756,-11.94040584564209,4454
9.364911079406738,-1.5253410339355469,4455
4.8011345863342285,-7.274616718292236,4456
4.646437644958496,-9.058236122131348,4457
31.577966690063477,-5.218384265899658,4458
-24.672985076904297,37.5699577331543,4459
9.10934066772461,-4.531603813171387,4460
4.712136268615723,-6.983371257781982,4461
33.61302947998047,-10.811040878295898,4462
0.2860276401042938,-7.867276191711426,4463
16.341337203979492,-2.395646333694458,4464
16.20318031311035,6.149643898010254,4465
28.580629348754883,-4.082461833953857,4466
9.925935745239258,-3.9293274879455566,4467
8.065781593322754,-3.3650147914886475,4468
7.8290696144104,-3.4105193614959717,4469
-0.19985568523406982,-8.412447929382324,4470
6.0320963859558105,-7.088058948516846,4471
10.371698379516602,-5.760079860687256,4472
5.639859676361084,-7.07525110244751,4473
10.442171096801758,-7.850507736206055,4474
2.8728268146514893,-10.69792652130127,4475
2.388803482055664,-15.969442367553711,4476
2.013824462890625,-7.743022441864014,4477
60.19979476928711,-6.810163974761963,4478
6.279072284698486,-23.8405818939209,4479
-31.16124153137207,34.23710250854492,4480
-8.960738182067871,-19.586585998535156,4481
-6.166337966918945,40.59291458129883,4482
11.326807022094727,1.3696043491363525,4483
-29.442201614379883,40.948883056640625,4484
8.522689819335938,-7.027076244354248,4485
8.71492862701416,-7.010986804962158,4486
12.946826934814453,-0.8383260369300842,4487
46.961727142333984,-0.028013326227664948,4488
30.058279037475586,-1.2889842987060547,4489
51.232269287109375,-2.678511142730713,4490
17.032533645629883,-4.325730323791504,4491
51.01779556274414,-2.545935869216919,4492
2.7939727306365967,-10.568336486816406,4493
2.2717056274414062,-10.834935188293457,4494
7.872504234313965,-7.18410062789917,4495
-23.324434280395508,-27.145097732543945,4496
-1.7404340505599976,-3.5030863285064697,4497
-1.5390338897705078,-3.400390386581421,4498
-2.123650550842285,-4.420106410980225,4499
4.571656227111816,-3.8356072902679443,4500
6.681326389312744,-2.4796676635742188,4501
6.093094825744629,-3.088195562362671,4502
3.4997024536132812,-3.666126012802124,4503
31.522689819335938,-10.199701309204102,4504
4.859947681427002,-3.76855731010437,4505
3.5011980533599854,-10.812020301818848,4506
6.588878154754639,-2.6936848163604736,4507
6.814104080200195,-8.796314239501953,4508
26.066150665283203,-27.466609954833984,4509
23.274826049804688,-24.92689323425293,4510
3.5872721672058105,-6.140748500823975,4511
20.176523208618164,22.48172950744629,4512
1.6523796319961548,-7.962789535522461,4513
0.9584507346153259,-8.970476150512695,4514
1.3845231533050537,-8.494123458862305,4515
1.3079558610916138,-9.452486991882324,4516
1.3297325372695923,-9.099030494689941,4517
2.1377906799316406,-9.76331901550293,4518
34.84544372558594,-31.86118507385254,4519
34.98125076293945,-32.023406982421875,4520
31.027339935302734,-27.055261611938477,4521
3.379805088043213,-7.871265411376953,4522
52.1771125793457,10.65933895111084,4523
3.240664482116699,-3.883843183517456,4524
9.678466796875,-1.0988456010818481,4525
62.54811096191406,-7.095317363739014,4526
61.01968765258789,-6.2198686599731445,4527
54.72420883178711,-12.452357292175293,4528
60.75582504272461,-5.919968128204346,4529
8.022414207458496,0.04701691120862961,4530
1.0901371240615845,-6.887171745300293,4531
1.3353557586669922,-7.542093753814697,4532
1.4553329944610596,-6.8521528244018555,4533
1.4549732208251953,-6.654061794281006,4534
10.52256965637207,-8.47701358795166,4535
-0.40187928080558777,-6.15110969543457,4536
5.245937824249268,-15.20002269744873,4537
-6.920504570007324,-59.94752883911133,4538
-5.369254112243652,-64.01461029052734,4539
-8.482525825500488,-66.03437805175781,4540
-7.271078586578369,-62.79538345336914,4541
-7.532763481140137,-66.61988067626953,4542
-6.325528144836426,-63.371978759765625,4543
-6.844405174255371,-63.17855453491211,4544
-6.576021671295166,-63.577125549316406,4545
-11.827787399291992,-58.64784240722656,4546
-8.269889831542969,-68.51879119873047,4547
-7.450299263000488,-63.34444808959961,4548
-5.281814098358154,-63.30722427368164,4549
-7.064614772796631,-68.94181823730469,4550
-8.899507522583008,-61.95960235595703,4551
-6.580342769622803,-63.022056579589844,4552
-6.205313205718994,-62.747589111328125,4553
-6.663468360900879,-62.72211456298828,4554
-6.743860244750977,-63.46981430053711,4555
-8.551465034484863,-65.0140380859375,4556
-9.899585723876953,-60.3304328918457,4557
-8.130756378173828,-62.76115798950195,4558
-6.782130241394043,-61.719520568847656,4559
-7.249353408813477,-62.19514465332031,4560
-6.5052008628845215,-61.37531661987305,4561
-8.954597473144531,-66.16182708740234,4562
-9.066173553466797,-65.07636260986328,4563
-10.286283493041992,-60.63071823120117,4564
-9.79436206817627,-65.51048278808594,4565
-9.092305183410645,-65.44609069824219,4566
-10.443801879882812,-59.4818000793457,4567
-16.012893676757812,-61.610469818115234,4568
-8.72330379486084,-62.615379333496094,4569
-5.753249168395996,-67.5485610961914,4570
-17.788562774658203,-60.39091491699219,4571
-14.05898666381836,-61.22722244262695,4572
-13.066779136657715,-66.69767761230469,4573
-9.908227920532227,-69.04007720947266,4574
-9.937637329101562,-71.77407836914062,4575
-9.79523754119873,-71.81001281738281,4576
-12.194917678833008,-71.25619506835938,4577
-7.476830005645752,-68.90868377685547,4578
-7.825942516326904,-69.71627044677734,4579
-10.186511039733887,-68.51216125488281,4580
-6.695659160614014,-63.967506408691406,4581
-18.35869026184082,-65.52616882324219,4582
-11.899334907531738,-68.15850067138672,4583
-15.765897750854492,-63.45241928100586,4584
-13.803622245788574,-61.95485305786133,4585
-13.983965873718262,-63.854164123535156,4586
-13.45284366607666,-64.95960998535156,4587
-5.4259819984436035,-62.24726486206055,4588
-9.447107315063477,-60.206241607666016,4589
-11.811656951904297,-58.75130844116211,4590
-15.108668327331543,-58.65703582763672,4591
-10.903956413269043,-56.481163024902344,4592
-12.027632713317871,-56.15301513671875,4593
-11.732362747192383,-56.258155822753906,4594
-11.113470077514648,-56.39837646484375,4595
-11.222293853759766,-56.43254852294922,4596
-10.523837089538574,-56.28530502319336,4597
-10.863450050354004,-56.52606964111328,4598
-11.427352905273438,-56.472137451171875,4599
-10.228036880493164,-63.77874755859375,4600
-5.356420516967773,-60.294517517089844,4601
-19.187767028808594,-61.34305953979492,4602
-8.371285438537598,-66.62582397460938,4603
-14.354464530944824,-68.54523468017578,4604
-16.739015579223633,-66.2018051147461,4605
-9.741085052490234,-59.2325325012207,4606
-11.348165512084961,-62.427555084228516,4607
-16.417848587036133,-66.55130767822266,4608
-11.74513053894043,-65.08154296875,4609
-4.467342853546143,-62.37673568725586,4610
-4.935246467590332,-64.29789733886719,4611
-6.542349815368652,-61.000972747802734,4612
-2.6841485500335693,-68.2521743774414,4613
-4.118427276611328,-61.565372467041016,4614
-1.9485564231872559,-69.1112060546875,4615
11.99672794342041,-10.037015914916992,4616
-6.449874401092529,-66.07362365722656,4617
-6.1839423179626465,-66.27510833740234,4618
-1.9606157541275024,-69.09992218017578,4619
-14.503657341003418,-65.29759979248047,4620
-15.465782165527344,-63.691322326660156,4621
-16.780580520629883,-67.94107055664062,4622
-18.712926864624023,-67.33515167236328,4623
-13.296734809875488,-59.945152282714844,4624
-12.286232948303223,-63.97022247314453,4625
-8.315803527832031,-69.3785629272461,4626
-13.064144134521484,-68.30689239501953,4627
-13.185030937194824,-67.48397827148438,4628
-16.440542221069336,-69.09435272216797,4629
-6.024900913238525,-60.406185150146484,4630
-12.780181884765625,-62.9296989440918,4631
-12.70654296875,-61.54447937011719,4632
-13.113761901855469,-66.11723327636719,4633
-13.170165061950684,-62.10081481933594,4634
-12.738123893737793,-68.00188446044922,4635
-11.492109298706055,-65.00181579589844,4636
-11.355487823486328,-64.61384582519531,4637
-11.763257026672363,-66.27225494384766,4638
-12.601848602294922,-66.47407531738281,4639
-16.459741592407227,-62.1348991394043,4640
-13.028264999389648,-67.25881958007812,4641
-13.565978050231934,-60.65455627441406,4642
-13.143351554870605,-60.715911865234375,4643
-14.909648895263672,-63.575927734375,4644
-13.202218055725098,-69.35928344726562,4645
-14.98784065246582,-63.47963333129883,4646
-13.149073600769043,-67.01346588134766,4647
-13.34154987335205,-66.428955078125,4648
-16.893239974975586,-62.51422119140625,4649
-15.017882347106934,-60.50865173339844,4650
-15.44372272491455,-60.604671478271484,4651
-15.805736541748047,-60.205223083496094,4652
-14.279047966003418,-58.711360931396484,4653
-12.612120628356934,-58.013755798339844,4654
-9.61997127532959,-68.16724395751953,4655
-17.107065200805664,-62.149784088134766,4656
-12.164654731750488,-67.92594909667969,4657
-2.8506011962890625,-68.86111450195312,4658
-2.9860785007476807,-68.65084838867188,4659
-16.78801155090332,-65.0790786743164,4660
-13.466145515441895,-61.27861785888672,4661
-10.952392578125,-60.42656707763672,4662
-14.573809623718262,-65.2675552368164,4663
-13.599671363830566,-58.45404052734375,4664
-14.939126014709473,-60.25670623779297,4665
-9.476350784301758,-60.11753463745117,4666
-18.682615280151367,-67.24966430664062,4667
-13.696603775024414,-66.83824920654297,4668
-13.252960205078125,-69.52104949951172,4669
-13.977344512939453,-64.1089096069336,4670
-16.84703254699707,-64.25273132324219,4671
-17.154523849487305,-65.90464782714844,4672
-11.980057716369629,-66.04133605957031,4673
-5.798644065856934,-62.30412673950195,4674
-2.6650447845458984,-68.88664245605469,4675
-2.3989405632019043,-68.8578872680664,4676
-4.201529026031494,-63.98442840576172,4677
-14.194491386413574,-67.31632232666016,4678
-16.763935089111328,-64.2878646850586,4679
-11.839566230773926,-70.5531005859375,4680
-14.51436710357666,-65.2364273071289,4681
-15.464836120605469,-66.60616302490234,4682
-12.142704963684082,-66.74183654785156,4683
-11.093140602111816,-63.91984939575195,4684
-10.627840042114258,-63.127906799316406,4685
-10.7836275100708,-63.17156982421875,4686
-19.730058670043945,-64.46495819091797,4687
-17.164548873901367,-60.44837951660156,4688
-8.574209213256836,-68.42650604248047,4689
-11.852622985839844,-66.97640228271484,4690
-9.055234909057617,-62.30079650878906,4691
-10.467228889465332,-70.06918334960938,4692
-9.750345230102539,-68.61331176757812,4693
-9.049570083618164,-65.78559112548828,4694
-5.3067946434021,-63.975494384765625,4695
-7.106263160705566,-67.03788757324219,4696
-10.775511741638184,-66.23018646240234,4697
-10.738492012023926,-66.16783142089844,4698
-6.268894195556641,-67.09664916992188,4699
-15.905921936035156,-65.85491943359375,4700
-19.164966583251953,-61.60060119628906,4701
-6.586498260498047,-61.06364059448242,4702
-14.509171485900879,-69.13323211669922,4703
-10.264881134033203,-60.554847717285156,4704
-6.171563148498535,-67.31734466552734,4705
-14.385951042175293,-64.05995178222656,4706
-10.770121574401855,-61.055747985839844,4707
-9.080451011657715,-65.79386138916016,4708
-7.605269908905029,-63.45458984375,4709
-6.808525562286377,-64.30325317382812,4710
-6.439629554748535,-67.34612274169922,4711
-9.671220779418945,-67.49341583251953,4712
-6.323816299438477,-65.1479721069336,4713
-9.661269187927246,-67.75361633300781,4714
-13.581883430480957,-58.392311096191406,4715
-15.998723983764648,-67.48432922363281,4716
-16.887115478515625,-66.63533020019531,4717
-15.144956588745117,-64.23987579345703,4718
-11.254365921020508,-64.03191375732422,4719
-15.294939994812012,-68.16902923583984,4720
-6.484095096588135,-63.156883239746094,4721
-8.490193367004395,-63.78824234008789,4722
-10.309117317199707,-59.46293258666992,4723
-9.170929908752441,-60.57119369506836,4724
-7.844933032989502,-61.61345672607422,4725
-8.520821571350098,-64.9091796875,4726
-5.8522844314575195,-63.4190559387207,4727
