item_id,item_gender,original_gender,gender_source,gender_confidence
1,women,women,provided,100.0%
2,women,unknown,catalog-name-model,98.0%
3,men,men,provided,100.0%
4,women,women,provided,100.0%
5,women,women,provided,100.0%
6,women,women,provided,100.0%
7,men,men,provided,100.0%
8,women,women,provided,100.0%
9,women,women,provided,100.0%
10,women,women,provided,100.0%
11,women,unknown,catalog-name-model,98.0%
12,women,women,provided,100.0%
13,women,women,provided,100.0%
14,women,women,provided,100.0%
15,women,women,provided,100.0%
16,women,women,provided,100.0%
17,women,women,provided,100.0%
18,women,women,provided,100.0%
19,women,women,provided,100.0%
20,women,women,provided,100.0%
21,women,women,provided,100.0%
22,women,women,provided,100.0%
23,women,women,provided,100.0%
24,women,women,provided,100.0%
25,women,women,provided,100.0%
26,women,women,provided,100.0%
27,women,women,provided,100.0%
28,women,women,provided,100.0%
29,women,unknown,catalog-name-model,98.0%
30,women,women,provided,100.0%
31,women,women,provided,100.0%
32,women,women,provided,100.0%
33,men,men,provided,100.0%
34,men,men,provided,100.0%
35,men,men,provided,100.0%
36,men,men,provided,100.0%
37,men,men,provided,100.0%
38,women,women,provided,100.0%
39,women,women,provided,100.0%
40,women,women,provided,100.0%
41,women,unknown,catalog-name-model,98.0%
42,men,men,provided,100.0%
43,men,men,provided,100.0%
44,men,men,provided,100.0%
45,men,men,provided,100.0%
46,men,men,provided,100.0%
47,men,unknown,catalog-name-model,98.0%
48,men,men,provided,100.0%
49,women,women,provided,100.0%
50,women,unknown,catalog-name-model,98.0%
51,women,unknown,catalog-name-model,98.0%
52,women,unknown,catalog-name-model,98.0%
53,women,unknown,catalog-name-model,98.0%
54,women,unknown,catalog-name-model,98.0%
55,women,women,provided,100.0%
56,women,women,provided,100.0%
57,women,women,provided,100.0%
58,women,women,provided,100.0%
59,women,women,provided,100.0%
60,women,women,provided,100.0%
61,women,women,provided,100.0%
62,women,women,provided,100.0%
63,women,women,provided,100.0%
64,women,women,provided,100.0%
65,women,women,provided,100.0%
66,women,women,provided,100.0%
67,women,women,provided,100.0%
68,women,women,provided,100.0%
69,women,women,provided,100.0%
70,women,women,provided,100.0%
71,women,women,provided,100.0%
72,women,women,provided,100.0%
73,women,women,provided,100.0%
74,women,women,provided,100.0%
75,women,women,provided,100.0%
76,women,women,provided,100.0%
77,women,women,provided,100.0%
78,women,women,provided,100.0%
79,men,men,provided,100.0%
80,women,women,provided,100.0%
81,women,women,provided,100.0%
82,women,women,provided,100.0%
83,women,women,provided,100.0%
84,women,women,provided,100.0%
85,women,women,provided,100.0%
86,men,men,provided,100.0%
87,women,women,provided,100.0%
88,women,women,provided,100.0%
89,women,women,provided,100.0%
90,women,women,provided,100.0%
91,women,women,provided,100.0%
92,women,women,provided,100.0%
93,women,women,provided,100.0%
94,women,women,provided,100.0%
95,women,women,provided,100.0%
96,women,women,provided,100.0%
97,women,women,provided,100.0%
98,men,men,provided,100.0%
99,men,men,provided,100.0%
100,women,women,provided,100.0%
101,women,unknown,catalog-name-model,98.0%
102,men,men,provided,100.0%
103,men,men,provided,100.0%
104,women,women,provided,100.0%
105,women,women,provided,100.0%
106,women,women,provided,100.0%
107,women,women,provided,100.0%
108,women,women,provided,100.0%
109,women,women,provided,100.0%
110,women,women,provided,100.0%
111,women,women,provided,100.0%
112,women,women,provided,100.0%
113,women,women,provided,100.0%
114,women,women,provided,100.0%
115,women,women,provided,100.0%
116,women,women,provided,100.0%
117,women,women,provided,100.0%
118,women,women,provided,100.0%
119,women,women,provided,100.0%
120,men,men,provided,100.0%
121,women,women,provided,100.0%
122,women,women,provided,100.0%
123,women,women,provided,100.0%
124,women,women,provided,100.0%
125,men,men,provided,100.0%
126,women,unknown,catalog-name-model,98.0%
127,men,men,provided,100.0%
128,men,men,provided,100.0%
129,women,women,provided,100.0%
130,women,unknown,catalog-name-model,98.0%
131,women,women,provided,100.0%
133,men,men,provided,100.0%
134,women,women,provided,100.0%
135,women,women,provided,100.0%
136,women,women,provided,100.0%
137,women,women,provided,100.0%
138,women,women,provided,100.0%
139,women,women,provided,100.0%
140,women,women,provided,100.0%
141,women,women,provided,100.0%
142,women,women,provided,100.0%
143,women,women,provided,100.0%
144,women,women,provided,100.0%
145,women,women,provided,100.0%
146,women,women,provided,100.0%
147,women,unknown,image-review,90.0%
148,men,men,provided,100.0%
149,women,women,provided,100.0%
150,women,women,provided,100.0%
151,women,women,provided,100.0%
152,men,men,provided,100.0%
153,men,men,provided,100.0%
154,women,women,provided,100.0%
155,women,women,provided,100.0%
156,women,women,provided,100.0%
157,women,women,provided,100.0%
158,men,men,provided,100.0%
159,women,women,provided,100.0%
160,women,women,provided,100.0%
161,women,unknown,image-review,90.0%
162,men,men,provided,100.0%
163,men,men,provided,100.0%
164,women,unknown,catalog-name-model,98.0%
165,women,women,provided,100.0%
166,women,women,provided,100.0%
167,women,women,provided,100.0%
168,women,women,provided,100.0%
169,women,women,provided,100.0%
170,women,women,provided,100.0%
171,men,unknown,image-review,90.0%
172,men,men,provided,100.0%
173,women,unknown,catalog-name-model,98.0%
174,women,women,provided,100.0%
175,women,women,provided,100.0%
176,women,women,provided,100.0%
177,women,women,provided,100.0%
178,women,women,provided,100.0%
179,women,women,provided,100.0%
180,women,women,provided,100.0%
181,women,women,provided,100.0%
182,women,women,provided,100.0%
183,women,women,provided,100.0%
184,women,women,provided,100.0%
185,women,women,provided,100.0%
186,women,women,provided,100.0%
187,women,women,provided,100.0%
188,women,women,provided,100.0%
189,women,women,provided,100.0%
190,women,unknown,catalog-name-model,98.0%
191,women,unknown,catalog-name-model,98.0%
192,men,men,provided,100.0%
193,men,men,provided,100.0%
194,men,unknown,catalog-name-model,98.0%
195,men,men,provided,100.0%
196,men,men,provided,100.0%
197,men,men,provided,100.0%
198,men,men,provided,100.0%
199,men,men,provided,100.0%
200,men,men,provided,100.0%
201,women,women,provided,100.0%
202,men,men,provided,100.0%
203,men,men,provided,100.0%
204,men,men,provided,100.0%
205,men,men,provided,100.0%
206,men,men,provided,100.0%
207,men,men,provided,100.0%
208,men,men,provided,100.0%
209,women,women,provided,100.0%
210,women,women,provided,100.0%
211,women,women,provided,100.0%
212,women,women,provided,100.0%
213,men,unknown,image-review,90.0%
214,men,unknown,image-review,90.0%
215,men,men,provided,100.0%
216,unisex,unisex,provided,100.0%
217,unisex,unisex,provided,100.0%
218,men,unknown,catalog-name-model,90.3%
219,men,men,provided,100.0%
220,women,women,provided,100.0%
221,women,women,provided,100.0%
222,men,men,provided,100.0%
223,men,unknown,catalog-name-model,98.0%
224,men,men,provided,100.0%
225,men,men,provided,100.0%
226,men,men,provided,100.0%
227,men,men,provided,100.0%
228,men,men,provided,100.0%
229,men,men,provided,100.0%
230,men,men,provided,100.0%
231,men,unknown,catalog-name-model,98.0%
232,men,men,provided,100.0%
233,men,unknown,catalog-name-model,98.0%
234,men,unknown,catalog-name-model,98.0%
235,men,unknown,catalog-name-model,98.0%
236,men,unknown,catalog-name-model,98.0%
237,men,unknown,catalog-name-model,98.0%
238,men,unknown,catalog-name-model,98.0%
239,men,unknown,catalog-name-model,98.0%
240,men,unknown,catalog-name-model,98.0%
241,men,unknown,catalog-name-model,98.0%
242,men,unknown,catalog-name-model,98.0%
243,men,men,provided,100.0%
244,men,men,provided,100.0%
245,men,men,provided,100.0%
246,men,men,provided,100.0%
247,men,men,provided,100.0%
248,men,men,provided,100.0%
249,men,men,provided,100.0%
250,men,men,provided,100.0%
251,men,men,provided,100.0%
252,men,men,provided,100.0%
253,men,men,provided,100.0%
254,men,unknown,catalog-name-model,98.0%
255,men,unknown,catalog-name-model,93.9%
256,men,unknown,catalog-name-model,98.0%
257,men,unknown,catalog-name-model,98.0%
258,men,men,provided,100.0%
259,men,unknown,catalog-name-model,98.0%
260,men,unknown,catalog-name-model,98.0%
261,men,unknown,catalog-name-model,98.0%
262,men,men,provided,100.0%
263,men,unknown,catalog-name-model,96.8%
264,men,men,provided,100.0%
265,women,women,provided,100.0%
266,unisex,unknown,image-review,75.0%
267,unisex,unknown,image-review,75.0%
268,men,men,provided,100.0%
269,women,women,provided,100.0%
270,women,women,provided,100.0%
271,women,women,provided,100.0%
272,women,women,provided,100.0%
273,women,women,provided,100.0%
274,women,women,provided,100.0%
275,women,women,provided,100.0%
276,women,women,provided,100.0%
277,men,men,provided,100.0%
278,men,men,provided,100.0%
279,men,men,provided,100.0%
280,men,men,provided,100.0%
281,men,men,provided,100.0%
282,men,men,provided,100.0%
283,men,men,provided,100.0%
284,men,men,provided,100.0%
285,men,men,provided,100.0%
286,men,men,provided,100.0%
287,men,men,provided,100.0%
288,men,men,provided,100.0%
289,men,men,provided,100.0%
290,men,unknown,catalog-name-model,93.3%
291,men,men,provided,100.0%
292,men,men,provided,100.0%
293,women,women,provided,100.0%
294,women,women,provided,100.0%
295,women,women,provided,100.0%
296,women,women,provided,100.0%
297,men,men,provided,100.0%
298,men,men,provided,100.0%
299,men,men,provided,100.0%
300,men,men,provided,100.0%
301,men,men,provided,100.0%
302,men,men,provided,100.0%
303,men,men,provided,100.0%
304,women,women,provided,100.0%
305,women,women,provided,100.0%
306,women,women,provided,100.0%
307,men,men,provided,100.0%
308,men,men,provided,100.0%
309,men,men,provided,100.0%
310,men,men,provided,100.0%
311,men,unknown,catalog-name-model,97.2%
312,men,men,provided,100.0%
313,men,unknown,catalog-name-model,92.9%
314,men,men,provided,100.0%
315,women,women,provided,100.0%
316,women,women,provided,100.0%
317,women,women,provided,100.0%
318,women,women,provided,100.0%
319,men,men,provided,100.0%
320,men,men,provided,100.0%
321,men,men,provided,100.0%
322,men,men,provided,100.0%
323,men,men,provided,100.0%
324,unisex,unisex,provided,100.0%
325,men,men,provided,100.0%
326,women,women,provided,100.0%
327,women,women,provided,100.0%
328,women,women,provided,100.0%
329,women,women,provided,100.0%
330,women,women,provided,100.0%
331,men,unknown,name-explicit,99.0%
332,men,unknown,image-review,90.0%
333,men,men,provided,100.0%
334,men,men,provided,100.0%
335,men,men,provided,100.0%
336,men,unknown,catalog-name-model,98.0%
337,men,unknown,catalog-name-model,98.0%
338,men,unknown,catalog-name-model,98.0%
339,women,unknown,catalog-name-model,98.0%
340,men,unknown,catalog-name-model,95.3%
341,men,men,provided,100.0%
342,men,men,provided,100.0%
343,men,men,provided,100.0%
344,men,unknown,catalog-name-model,98.0%
345,women,women,provided,100.0%
346,men,men,provided,100.0%
347,men,men,provided,100.0%
348,men,men,provided,100.0%
349,men,men,provided,100.0%
350,women,women,provided,100.0%
351,women,women,provided,100.0%
352,women,women,provided,100.0%
353,women,women,provided,100.0%
354,women,women,provided,100.0%
355,women,women,provided,100.0%
356,women,women,provided,100.0%
357,men,men,provided,100.0%
358,men,men,provided,100.0%
359,women,women,provided,100.0%
360,women,women,provided,100.0%
361,women,women,provided,100.0%
362,women,women,provided,100.0%
363,women,women,provided,100.0%
364,women,women,provided,100.0%
365,women,women,provided,100.0%
366,women,women,provided,100.0%
367,women,women,provided,100.0%
368,women,women,provided,100.0%
369,women,unknown,catalog-name-model,98.0%
370,women,unknown,catalog-name-model,98.0%
371,women,unknown,image-review,90.0%
372,women,women,provided,100.0%
373,women,women,provided,100.0%
374,men,unknown,image-review,90.0%
375,men,unknown,image-review,90.0%
376,men,men,provided,100.0%
377,women,women,provided,100.0%
378,men,men,provided,100.0%
379,men,men,provided,100.0%
380,men,men,provided,100.0%
381,men,men,provided,100.0%
382,men,men,provided,100.0%
383,men,unknown,image-review,90.0%
384,men,men,provided,100.0%
385,women,unknown,image-review,90.0%
386,men,men,provided,100.0%
387,women,women,provided,100.0%
388,women,unknown,image-review,90.0%
389,women,women,provided,100.0%
390,women,women,provided,100.0%
391,women,unknown,catalog-name-model,97.7%
392,men,men,provided,100.0%
393,men,men,provided,100.0%
394,men,men,provided,100.0%
395,men,men,provided,100.0%
396,men,men,provided,100.0%
397,women,unknown,catalog-name-model,97.5%
398,women,women,provided,100.0%
399,women,women,provided,100.0%
400,women,women,provided,100.0%
401,women,women,provided,100.0%
402,women,women,provided,100.0%
403,women,women,provided,100.0%
404,women,women,provided,100.0%
405,women,women,provided,100.0%
406,women,women,provided,100.0%
407,women,women,provided,100.0%
408,women,women,provided,100.0%
409,women,women,provided,100.0%
410,women,women,provided,100.0%
411,women,women,provided,100.0%
412,women,women,provided,100.0%
413,women,women,provided,100.0%
414,women,women,provided,100.0%
415,women,women,provided,100.0%
416,men,men,provided,100.0%
417,men,men,provided,100.0%
418,women,women,provided,100.0%
419,men,unknown,image-review,90.0%
420,men,unknown,image-review,90.0%
421,men,unknown,image-review,90.0%
422,women,unknown,image-review,90.0%
423,women,women,provided,100.0%
424,women,women,provided,100.0%
425,women,unknown,image-review,90.0%
426,men,men,provided,100.0%
427,men,men,provided,100.0%
428,men,men,provided,100.0%
429,men,men,provided,100.0%
430,men,men,provided,100.0%
431,women,women,provided,100.0%
432,women,women,provided,100.0%
433,women,women,provided,100.0%
434,women,women,provided,100.0%
435,women,women,provided,100.0%
436,men,men,provided,100.0%
437,women,unknown,image-review,90.0%
438,women,women,provided,100.0%
439,men,men,provided,100.0%
440,men,men,provided,100.0%
441,women,women,provided,100.0%
442,women,women,provided,100.0%
443,women,women,provided,100.0%
444,women,women,provided,100.0%
445,men,men,provided,100.0%
446,men,men,provided,100.0%
447,men,men,provided,100.0%
448,men,men,provided,100.0%
449,men,men,provided,100.0%
450,women,women,provided,100.0%
451,men,men,provided,100.0%
452,men,men,provided,100.0%
453,men,men,provided,100.0%
454,men,men,provided,100.0%
455,men,men,provided,100.0%
456,men,men,provided,100.0%
457,women,women,provided,100.0%
458,women,women,provided,100.0%
459,women,women,provided,100.0%
460,men,men,provided,100.0%
461,women,women,provided,100.0%
462,women,women,provided,100.0%
463,women,women,provided,100.0%
464,women,women,provided,100.0%
465,men,men,provided,100.0%
466,men,men,provided,100.0%
467,men,men,provided,100.0%
468,men,men,provided,100.0%
469,women,women,provided,100.0%
470,women,women,provided,100.0%
471,men,men,provided,100.0%
472,men,men,provided,100.0%
473,men,men,provided,100.0%
474,men,men,provided,100.0%
475,men,men,provided,100.0%
476,men,men,provided,100.0%
477,men,men,provided,100.0%
478,men,men,provided,100.0%
479,women,women,provided,100.0%
480,women,women,provided,100.0%
481,women,women,provided,100.0%
482,women,women,provided,100.0%
483,women,women,provided,100.0%
484,men,unknown,image-review,90.0%
485,men,men,provided,100.0%
486,women,women,provided,100.0%
487,men,men,provided,100.0%
488,women,women,provided,100.0%
489,men,unknown,image-review,90.0%
490,men,unknown,catalog-name-model,95.5%
491,men,men,provided,100.0%
492,men,men,provided,100.0%
493,men,men,provided,100.0%
494,men,men,provided,100.0%
495,women,women,provided,100.0%
496,women,women,provided,100.0%
498,women,women,provided,100.0%
499,women,women,provided,100.0%
500,men,men,provided,100.0%
501,men,men,provided,100.0%
502,unisex,unisex,provided,100.0%
503,unisex,unisex,provided,100.0%
504,men,men,provided,100.0%
505,men,men,provided,100.0%
506,men,men,provided,100.0%
507,men,men,provided,100.0%
508,women,women,provided,100.0%
509,unisex,unknown,image-review,75.0%
510,men,men,provided,100.0%
511,men,men,provided,100.0%
512,men,men,provided,100.0%
513,men,men,provided,100.0%
514,men,men,provided,100.0%
515,men,men,provided,100.0%
516,men,men,provided,100.0%
517,men,men,provided,100.0%
518,men,men,provided,100.0%
519,men,men,provided,100.0%
520,women,women,provided,100.0%
521,women,women,provided,100.0%
522,men,unknown,image-review,90.0%
523,men,unknown,catalog-name-model,97.9%
524,men,men,provided,100.0%
525,unisex,unknown,image-review,75.0%
526,men,men,provided,100.0%
527,unisex,unknown,image-review,75.0%
528,women,women,provided,100.0%
529,men,men,provided,100.0%
530,men,men,provided,100.0%
531,men,men,provided,100.0%
532,men,men,provided,100.0%
533,men,men,provided,100.0%
534,men,men,provided,100.0%
535,men,men,provided,100.0%
536,men,men,provided,100.0%
537,men,men,provided,100.0%
538,women,women,provided,100.0%
539,men,men,provided,100.0%
540,men,men,provided,100.0%
541,unisex,unisex,provided,100.0%
542,unisex,unknown,image-review,75.0%
543,men,unknown,catalog-name-model,98.0%
544,women,unknown,image-review,90.0%
545,unisex,unisex,provided,100.0%
546,men,unknown,catalog-name-model,98.0%
547,men,unknown,catalog-name-model,91.6%
548,men,men,provided,100.0%
549,men,men,provided,100.0%
550,men,unknown,catalog-name-model,98.0%
551,men,unknown,catalog-name-model,98.0%
552,unisex,unknown,image-review,75.0%
553,unisex,unknown,image-review,75.0%
554,men,men,provided,100.0%
555,men,unknown,catalog-name-model,98.0%
556,men,men,provided,100.0%
557,women,women,provided,100.0%
558,women,women,provided,100.0%
559,women,women,provided,100.0%
560,women,women,provided,100.0%
561,women,women,provided,100.0%
562,women,women,provided,100.0%
563,women,women,provided,100.0%
564,women,women,provided,100.0%
565,women,women,provided,100.0%
566,women,women,provided,100.0%
567,women,women,provided,100.0%
568,women,women,provided,100.0%
569,women,women,provided,100.0%
570,women,women,provided,100.0%
571,women,women,provided,100.0%
572,women,women,provided,100.0%
573,unisex,unknown,image-review,75.0%
574,men,men,provided,100.0%
575,men,men,provided,100.0%
576,men,men,provided,100.0%
577,men,men,provided,100.0%
578,men,men,provided,100.0%
579,men,men,provided,100.0%
580,men,men,provided,100.0%
581,women,women,provided,100.0%
582,women,women,provided,100.0%
583,men,unknown,catalog-name-model,98.0%
584,men,unknown,catalog-name-model,98.0%
585,men,men,provided,100.0%
586,men,men,provided,100.0%
587,women,unknown,image-review,90.0%
588,men,unknown,image-review,90.0%
589,women,women,provided,100.0%
590,women,women,provided,100.0%
591,men,unknown,catalog-name-model,98.0%
592,men,unknown,catalog-name-model,98.0%
593,men,unknown,catalog-name-model,98.0%
594,unisex,unisex,provided,100.0%
595,men,unknown,catalog-name-model,98.0%
596,men,unknown,catalog-name-model,98.0%
597,men,unknown,catalog-name-model,98.0%
598,men,unknown,catalog-name-model,91.0%
599,women,women,provided,100.0%
600,men,men,provided,100.0%
601,men,men,provided,100.0%
602,men,men,provided,100.0%
603,men,men,provided,100.0%
604,men,men,provided,100.0%
605,men,unknown,catalog-name-model,98.0%
606,unisex,unisex,provided,100.0%
607,men,men,provided,100.0%
608,men,men,provided,100.0%
609,men,men,provided,100.0%
610,men,men,provided,100.0%
611,men,unknown,catalog-name-model,97.6%
612,women,unknown,image-review,90.0%
613,men,men,provided,100.0%
614,men,men,provided,100.0%
615,men,men,provided,100.0%
616,men,men,provided,100.0%
617,women,women,provided,100.0%
618,women,women,provided,100.0%
619,women,women,provided,100.0%
620,women,women,provided,100.0%
621,women,women,provided,100.0%
622,women,women,provided,100.0%
623,unisex,unknown,image-review,75.0%
624,women,women,provided,100.0%
625,unisex,unknown,image-review,75.0%
626,men,men,provided,100.0%
627,men,unknown,catalog-name-model,96.4%
628,men,men,provided,100.0%
629,men,unknown,catalog-name-model,98.0%
630,men,unknown,catalog-name-model,98.0%
631,men,men,provided,100.0%
632,women,women,provided,100.0%
633,unisex,unknown,image-review,75.0%
634,men,men,provided,100.0%
635,men,men,provided,100.0%
636,men,men,provided,100.0%
637,men,men,provided,100.0%
638,men,men,provided,100.0%
639,men,men,provided,100.0%
640,men,men,provided,100.0%
641,men,men,provided,100.0%
642,men,men,provided,100.0%
643,men,men,provided,100.0%
644,men,men,provided,100.0%
645,men,men,provided,100.0%
646,men,men,provided,100.0%
647,men,men,provided,100.0%
648,unisex,unisex,provided,100.0%
649,men,men,provided,100.0%
650,men,men,provided,100.0%
651,women,women,provided,100.0%
652,women,unknown,image-review,90.0%
653,men,men,provided,100.0%
654,women,women,provided,100.0%
655,women,women,provided,100.0%
656,men,men,provided,100.0%
657,men,men,provided,100.0%
658,men,men,provided,100.0%
659,unisex,unknown,image-review,75.0%
660,women,unknown,image-review,90.0%
661,men,unknown,catalog-name-model,98.0%
662,men,unknown,catalog-name-model,98.0%
663,unisex,unknown,image-review,75.0%
664,unisex,unisex,provided,100.0%
665,men,men,provided,100.0%
666,men,unknown,catalog-name-model,91.0%
667,men,unknown,catalog-name-model,98.0%
668,women,unknown,image-review,90.0%
669,unisex,unknown,image-review,75.0%
670,unisex,unknown,image-review,75.0%
671,men,unknown,image-review,90.0%
672,men,men,provided,100.0%
673,men,men,provided,100.0%
674,men,men,provided,100.0%
675,women,women,provided,100.0%
676,men,unknown,catalog-name-model,94.0%
677,men,unknown,catalog-name-model,98.0%
678,men,men,provided,100.0%
679,unisex,unknown,image-review,75.0%
680,men,men,provided,100.0%
681,men,unknown,image-review,90.0%
682,men,unknown,catalog-name-model,94.7%
683,women,women,provided,100.0%
684,men,men,provided,100.0%
685,unisex,unknown,image-review,75.0%
686,women,women,provided,100.0%
687,women,women,provided,100.0%
688,women,women,provided,100.0%
689,women,women,provided,100.0%
690,women,women,provided,100.0%
691,women,women,provided,100.0%
692,women,women,provided,100.0%
693,unisex,unknown,image-review,75.0%
883,men,unknown,catalog-name-model,97.8%
884,women,women,provided,100.0%
885,women,women,provided,100.0%
886,women,women,provided,100.0%
887,women,women,provided,100.0%
888,women,women,provided,100.0%
889,women,women,provided,100.0%
890,women,women,provided,100.0%
891,women,women,provided,100.0%
892,women,women,provided,100.0%
893,women,women,provided,100.0%
894,women,women,provided,100.0%
895,women,women,provided,100.0%
896,women,women,provided,100.0%
897,women,women,provided,100.0%
898,women,women,provided,100.0%
899,women,women,provided,100.0%
900,women,unknown,catalog-name-model,98.0%
901,women,unknown,catalog-name-model,98.0%
902,women,unknown,catalog-name-model,98.0%
903,women,women,provided,100.0%
904,women,women,provided,100.0%
905,women,women,provided,100.0%
906,women,women,provided,100.0%
907,women,women,provided,100.0%
908,women,women,provided,100.0%
909,women,women,provided,100.0%
910,women,women,provided,100.0%
911,women,women,provided,100.0%
912,women,women,provided,100.0%
913,women,women,provided,100.0%
914,women,women,provided,100.0%
915,women,unknown,catalog-name-model,98.0%
916,women,women,provided,100.0%
917,women,women,provided,100.0%
918,women,women,provided,100.0%
919,men,men,provided,100.0%
920,women,unknown,catalog-name-model,98.0%
921,women,unknown,catalog-name-model,98.0%
922,women,women,provided,100.0%
923,women,women,provided,100.0%
924,women,unknown,catalog-name-model,98.0%
925,women,women,provided,100.0%
926,women,unknown,catalog-name-model,98.0%
927,women,unknown,catalog-name-model,98.0%
928,women,unknown,catalog-name-model,98.0%
929,women,unknown,catalog-name-model,93.3%
930,women,unknown,catalog-name-model,98.0%
931,women,women,provided,100.0%
932,women,women,provided,100.0%
933,women,women,provided,100.0%
934,women,women,provided,100.0%
935,women,women,provided,100.0%
936,women,women,provided,100.0%
937,women,women,provided,100.0%
938,women,women,provided,100.0%
939,women,women,provided,100.0%
940,women,women,provided,100.0%
941,women,women,provided,100.0%
942,women,women,provided,100.0%
943,women,women,provided,100.0%
944,women,women,provided,100.0%
945,women,women,provided,100.0%
946,women,women,provided,100.0%
947,women,women,provided,100.0%
948,women,women,provided,100.0%
949,women,women,provided,100.0%
950,women,women,provided,100.0%
951,women,women,provided,100.0%
952,women,women,provided,100.0%
953,women,women,provided,100.0%
954,men,men,provided,100.0%
955,women,unknown,catalog-name-model,98.0%
956,women,women,provided,100.0%
957,men,men,provided,100.0%
958,women,women,provided,100.0%
959,women,women,provided,100.0%
960,women,women,provided,100.0%
961,women,women,provided,100.0%
962,women,women,provided,100.0%
963,women,women,provided,100.0%
964,women,women,provided,100.0%
965,women,women,provided,100.0%
966,women,women,provided,100.0%
967,women,women,provided,100.0%
968,women,women,provided,100.0%
969,women,women,provided,100.0%
970,women,women,provided,100.0%
971,women,women,provided,100.0%
972,women,women,provided,100.0%
973,women,women,provided,100.0%
974,women,women,provided,100.0%
975,women,women,provided,100.0%
976,women,women,provided,100.0%
977,women,women,provided,100.0%
978,women,women,provided,100.0%
979,women,women,provided,100.0%
980,women,women,provided,100.0%
981,women,women,provided,100.0%
982,women,women,provided,100.0%
983,women,women,provided,100.0%
984,women,women,provided,100.0%
985,women,women,provided,100.0%
986,women,women,provided,100.0%
987,women,women,provided,100.0%
988,men,unknown,catalog-name-model,98.0%
989,women,unknown,catalog-name-model,96.9%
990,women,unknown,catalog-name-model,98.0%
991,men,men,provided,100.0%
992,women,women,provided,100.0%
993,women,women,provided,100.0%
994,women,women,provided,100.0%
995,women,women,provided,100.0%
996,women,women,provided,100.0%
997,women,women,provided,100.0%
998,women,women,provided,100.0%
999,women,women,provided,100.0%
1000,women,women,provided,100.0%
1001,women,women,provided,100.0%
1002,women,women,provided,100.0%
1003,women,women,provided,100.0%
1004,women,women,provided,100.0%
1005,women,women,provided,100.0%
1006,women,women,provided,100.0%
1007,women,women,provided,100.0%
1008,women,women,provided,100.0%
1009,women,women,provided,100.0%
1010,women,women,provided,100.0%
1011,women,women,provided,100.0%
1012,women,women,provided,100.0%
1013,women,women,provided,100.0%
1014,women,women,provided,100.0%
1015,women,women,provided,100.0%
1016,women,women,provided,100.0%
1017,women,women,provided,100.0%
1018,women,women,provided,100.0%
1019,women,unknown,catalog-name-model,98.0%
1020,women,unknown,catalog-name-model,98.0%
1021,women,women,provided,100.0%
1022,women,women,provided,100.0%
1023,women,women,provided,100.0%
1024,women,women,provided,100.0%
1025,men,men,provided,100.0%
1026,women,women,provided,100.0%
1027,women,unknown,catalog-name-model,90.5%
1028,women,women,provided,100.0%
1029,women,women,provided,100.0%
1030,women,women,provided,100.0%
1031,women,women,provided,100.0%
1032,women,women,provided,100.0%
1033,men,unknown,image-review,90.0%
1034,men,men,provided,100.0%
1035,women,unknown,catalog-name-model,90.6%
1036,women,unknown,catalog-name-model,98.0%
1037,women,women,provided,100.0%
1038,women,women,provided,100.0%
1039,women,unknown,image-review,90.0%
1040,women,unknown,catalog-name-model,98.0%
1041,women,women,provided,100.0%
1042,women,women,provided,100.0%
1043,women,women,provided,100.0%
1044,men,unknown,image-review,90.0%
1045,women,unknown,catalog-name-model,98.0%
1046,women,women,provided,100.0%
1047,women,unknown,catalog-name-model,98.0%
1048,women,women,provided,100.0%
1049,women,unknown,catalog-name-model,98.0%
1050,women,women,provided,100.0%
1051,women,women,provided,100.0%
1052,women,women,provided,100.0%
1053,women,women,provided,100.0%
1054,women,women,provided,100.0%
1055,women,women,provided,100.0%
1056,women,women,provided,100.0%
1057,women,women,provided,100.0%
1058,unisex,unisex,provided,100.0%
1059,women,women,provided,100.0%
1060,women,women,provided,100.0%
1061,women,unknown,catalog-name-model,98.0%
1062,women,women,provided,100.0%
1063,women,women,provided,100.0%
1064,women,women,provided,100.0%
1065,women,women,provided,100.0%
1066,women,women,provided,100.0%
1067,women,women,provided,100.0%
1068,women,women,provided,100.0%
1069,women,women,provided,100.0%
1070,women,women,provided,100.0%
1071,women,women,provided,100.0%
1072,women,women,provided,100.0%
1073,women,women,provided,100.0%
1074,women,unknown,catalog-name-model,98.0%
1075,women,unknown,image-review,90.0%
1076,women,women,provided,100.0%
1077,women,women,provided,100.0%
1078,women,women,provided,100.0%
1079,men,men,provided,100.0%
1080,men,unknown,catalog-name-model,95.4%
1081,men,unknown,catalog-name-model,98.0%
1082,men,unknown,catalog-name-model,98.0%
1083,men,men,provided,100.0%
1084,men,men,provided,100.0%
1085,men,men,provided,100.0%
1086,women,women,provided,100.0%
1087,men,unknown,image-review,90.0%
1088,men,men,provided,100.0%
1089,men,men,provided,100.0%
1090,men,men,provided,100.0%
1091,men,men,provided,100.0%
1092,men,men,provided,100.0%
1093,men,men,provided,100.0%
1094,men,men,provided,100.0%
1095,men,men,provided,100.0%
1096,men,men,provided,100.0%
1097,men,men,provided,100.0%
1098,men,men,provided,100.0%
1099,men,men,provided,100.0%
1100,women,women,provided,100.0%
1101,women,women,provided,100.0%
1102,men,men,provided,100.0%
1103,men,men,provided,100.0%
1104,men,men,provided,100.0%
1105,men,men,provided,100.0%
1106,women,women,provided,100.0%
1107,women,women,provided,100.0%
1108,men,men,provided,100.0%
1109,women,women,provided,100.0%
1110,men,men,provided,100.0%
1111,men,men,provided,100.0%
1112,women,women,provided,100.0%
1113,men,unknown,catalog-name-model,97.5%
1114,unisex,unisex,provided,100.0%
1115,men,men,provided,100.0%
1116,women,unknown,image-review,90.0%
1117,men,unknown,catalog-name-model,97.0%
1118,women,unknown,image-review,90.0%
1119,women,unknown,image-review,90.0%
1120,men,men,provided,100.0%
1121,men,men,provided,100.0%
1122,men,men,provided,100.0%
1123,men,men,provided,100.0%
1124,men,men,provided,100.0%
1125,men,men,provided,100.0%
1126,men,men,provided,100.0%
1127,men,men,provided,100.0%
1128,men,men,provided,100.0%
1129,men,men,provided,100.0%
1130,men,men,provided,100.0%
1131,women,unknown,catalog-name-model,92.4%
1132,women,women,provided,100.0%
1133,women,women,provided,100.0%
1134,women,women,provided,100.0%
1135,women,women,provided,100.0%
1136,women,women,provided,100.0%
1137,women,women,provided,100.0%
1138,women,women,provided,100.0%
1139,women,women,provided,100.0%
1140,women,women,provided,100.0%
1141,women,women,provided,100.0%
1142,women,women,provided,100.0%
1143,women,women,provided,100.0%
1144,women,women,provided,100.0%
1145,women,women,provided,100.0%
1146,women,women,provided,100.0%
1147,women,women,provided,100.0%
1148,women,women,provided,100.0%
1149,men,men,provided,100.0%
1150,women,women,provided,100.0%
1151,women,women,provided,100.0%
1152,women,women,provided,100.0%
1153,women,women,provided,100.0%
1154,women,women,provided,100.0%
1155,women,women,provided,100.0%
1156,women,women,provided,100.0%
1157,women,women,provided,100.0%
1158,women,women,provided,100.0%
1159,women,women,provided,100.0%
1160,women,women,provided,100.0%
1161,women,women,provided,100.0%
1162,women,women,provided,100.0%
1163,women,women,provided,100.0%
1164,women,women,provided,100.0%
1165,women,women,provided,100.0%
1166,women,women,provided,100.0%
1167,women,women,provided,100.0%
1168,women,women,provided,100.0%
1169,women,women,provided,100.0%
1170,men,men,provided,100.0%
1171,men,men,provided,100.0%
1172,men,men,provided,100.0%
1173,men,men,provided,100.0%
1174,men,men,provided,100.0%
1175,men,men,provided,100.0%
1176,men,men,provided,100.0%
1177,men,men,provided,100.0%
1178,women,women,provided,100.0%
1179,men,unknown,image-review,90.0%
1180,men,men,provided,100.0%
1181,men,unknown,catalog-name-model,98.0%
1182,women,women,provided,100.0%
1183,women,women,provided,100.0%
1184,men,men,provided,100.0%
1185,men,men,provided,100.0%
1186,men,men,provided,100.0%
1187,women,women,provided,100.0%
1188,men,men,provided,100.0%
1189,men,men,provided,100.0%
1190,women,women,provided,100.0%
1191,women,women,provided,100.0%
1192,men,men,provided,100.0%
1193,men,men,provided,100.0%
1194,men,men,provided,100.0%
1195,men,men,provided,100.0%
1196,men,men,provided,100.0%
1197,men,men,provided,100.0%
1198,men,men,provided,100.0%
1199,men,men,provided,100.0%
1200,men,men,provided,100.0%
1201,men,men,provided,100.0%
1202,men,men,provided,100.0%
1203,men,men,provided,100.0%
1204,women,women,provided,100.0%
1205,women,women,provided,100.0%
1206,men,men,provided,100.0%
1207,women,women,provided,100.0%
1208,women,women,provided,100.0%
1209,women,women,provided,100.0%
1210,women,women,provided,100.0%
1211,women,women,provided,100.0%
1212,men,men,provided,100.0%
1213,men,men,provided,100.0%
1214,men,men,provided,100.0%
1215,men,men,provided,100.0%
1216,men,men,provided,100.0%
1217,women,women,provided,100.0%
1218,women,women,provided,100.0%
1219,women,women,provided,100.0%
1220,men,unknown,image-review,90.0%
1221,men,unknown,catalog-name-model,98.0%
1222,men,men,provided,100.0%
1223,men,men,provided,100.0%
1224,men,men,provided,100.0%
1225,men,men,provided,100.0%
1226,men,men,provided,100.0%
1227,women,women,provided,100.0%
1228,women,women,provided,100.0%
1229,women,women,provided,100.0%
1230,men,men,provided,100.0%
1231,men,men,provided,100.0%
1232,men,men,provided,100.0%
1233,men,men,provided,100.0%
1234,men,men,provided,100.0%
1235,men,men,provided,100.0%
1236,men,men,provided,100.0%
1237,men,men,provided,100.0%
1238,women,women,provided,100.0%
1239,women,women,provided,100.0%
1240,women,women,provided,100.0%
1241,women,women,provided,100.0%
1242,women,women,provided,100.0%
1243,women,women,provided,100.0%
1244,women,women,provided,100.0%
1245,women,women,provided,100.0%
1246,women,women,provided,100.0%
1247,women,women,provided,100.0%
1248,women,women,provided,100.0%
1249,women,women,provided,100.0%
1250,women,women,provided,100.0%
1251,women,women,provided,100.0%
1252,women,women,provided,100.0%
1253,women,women,provided,100.0%
1254,women,women,provided,100.0%
1255,men,men,provided,100.0%
1256,men,men,provided,100.0%
1257,men,unknown,image-review,90.0%
1258,women,women,provided,100.0%
1259,women,women,provided,100.0%
1260,women,women,provided,100.0%
1261,women,women,provided,100.0%
1262,women,unknown,image-review,90.0%
1263,women,women,provided,100.0%
1264,men,men,provided,100.0%
1265,women,women,provided,100.0%
1266,women,women,provided,100.0%
1267,women,women,provided,100.0%
1268,women,women,provided,100.0%
1269,women,women,provided,100.0%
1270,women,women,provided,100.0%
1271,women,women,provided,100.0%
1272,women,women,provided,100.0%
1273,men,unknown,catalog-name-model,98.0%
1274,men,men,provided,100.0%
1275,women,unknown,catalog-name-model,98.0%
1276,men,men,provided,100.0%
1277,men,men,provided,100.0%
1278,men,men,provided,100.0%
1279,women,unknown,catalog-name-model,93.0%
1280,women,unknown,catalog-name-model,98.0%
1281,men,unknown,catalog-name-model,96.8%
1282,men,unknown,catalog-name-model,98.0%
1283,women,women,provided,100.0%
1284,women,women,provided,100.0%
1285,unisex,unisex,provided,100.0%
1286,women,women,provided,100.0%
1287,women,women,provided,100.0%
1288,women,women,provided,100.0%
1289,women,women,provided,100.0%
1290,women,unknown,catalog-name-model,98.0%
1291,men,men,provided,100.0%
1292,women,women,provided,100.0%
1293,women,unknown,catalog-name-model,96.3%
1294,women,women,provided,100.0%
1295,men,men,provided,100.0%
1296,women,women,provided,100.0%
1297,men,men,provided,100.0%
1298,unisex,unknown,image-review,75.0%
1299,women,women,provided,100.0%
1300,women,unknown,catalog-name-model,90.7%
1301,men,men,provided,100.0%
1302,women,women,provided,100.0%
1303,women,women,provided,100.0%
1304,men,unknown,catalog-name-model,98.0%
1305,women,unknown,image-review,90.0%
1306,women,unknown,garment-type,92.0%
1307,women,women,provided,100.0%
1308,women,women,provided,100.0%
1309,women,women,provided,100.0%
1310,women,women,provided,100.0%
1311,women,women,provided,100.0%
1312,women,women,provided,100.0%
1313,women,women,provided,100.0%
1314,women,women,provided,100.0%
1315,women,women,provided,100.0%
1316,women,unknown,catalog-name-model,98.0%
1317,women,unknown,catalog-name-model,98.0%
1318,women,women,provided,100.0%
1319,women,women,provided,100.0%
1320,women,women,provided,100.0%
1321,women,women,provided,100.0%
1322,women,women,provided,100.0%
1323,women,women,provided,100.0%
1324,women,women,provided,100.0%
1325,women,women,provided,100.0%
1326,women,women,provided,100.0%
1327,women,women,provided,100.0%
1328,women,women,provided,100.0%
1329,women,women,provided,100.0%
1330,women,women,provided,100.0%
1331,women,women,provided,100.0%
1332,women,women,provided,100.0%
1333,women,women,provided,100.0%
1334,women,women,provided,100.0%
1335,women,women,provided,100.0%
1336,women,women,provided,100.0%
1337,women,women,provided,100.0%
1338,women,women,provided,100.0%
1339,women,women,provided,100.0%
1340,women,unknown,catalog-name-model,91.7%
1341,women,women,provided,100.0%
1342,women,women,provided,100.0%
1343,women,unknown,garment-type,92.0%
1344,unisex,unknown,image-review,75.0%
1345,men,men,provided,100.0%
1346,men,men,provided,100.0%
1347,men,men,provided,100.0%
1348,women,women,provided,100.0%
1349,women,women,provided,100.0%
1350,women,unknown,catalog-name-model,98.0%
1351,women,unknown,catalog-name-model,98.0%
1352,women,unknown,catalog-name-model,98.0%
1353,women,unknown,catalog-name-model,98.0%
1354,men,unknown,image-review,90.0%
1355,men,unknown,catalog-name-model,91.4%
1356,men,unknown,catalog-name-model,95.7%
1357,women,unknown,catalog-name-model,95.4%
1358,men,unknown,image-review,90.0%
1359,men,unknown,image-review,90.0%
1360,women,unknown,catalog-name-model,98.0%
1361,women,unknown,catalog-name-model,98.0%
1362,women,unknown,catalog-name-model,98.0%
1363,men,unknown,image-review,90.0%
1364,men,unknown,image-review,90.0%
1365,men,unknown,image-review,90.0%
1366,women,unknown,catalog-name-model,98.0%
1367,women,unknown,catalog-name-model,98.0%
1368,men,unknown,image-review,90.0%
1369,men,unknown,image-review,90.0%
1370,women,unknown,catalog-name-model,98.0%
1371,men,unknown,catalog-name-model,93.3%
1372,women,unknown,catalog-name-model,98.0%
1373,women,unknown,catalog-name-model,98.0%
1374,women,women,provided,100.0%
1375,women,women,provided,100.0%
1376,women,women,provided,100.0%
1377,men,unknown,image-review,90.0%
1378,men,unknown,catalog-name-model,92.2%
1379,men,men,provided,100.0%
1380,women,unknown,catalog-name-model,98.0%
1381,women,women,provided,100.0%
1382,unisex,unknown,image-review,75.0%
1383,men,men,provided,100.0%
1384,men,men,provided,100.0%
1385,men,men,provided,100.0%
1386,women,women,provided,100.0%
1387,women,unknown,catalog-name-model,98.0%
1388,women,women,provided,100.0%
1389,men,men,provided,100.0%
1390,men,men,provided,100.0%
1391,women,women,provided,100.0%
1392,women,women,provided,100.0%
1393,women,unknown,catalog-name-model,98.0%
1394,women,unknown,catalog-name-model,98.0%
1395,women,unknown,catalog-name-model,98.0%
1396,women,unknown,catalog-name-model,98.0%
1397,women,unknown,image-review,90.0%
1398,women,unknown,catalog-name-model,97.2%
1399,women,unknown,catalog-name-model,98.0%
1400,men,unknown,image-review,90.0%
1401,women,women,provided,100.0%
1402,women,women,provided,100.0%
1403,women,unknown,catalog-name-model,98.0%
1404,women,unknown,catalog-name-model,98.0%
1405,women,women,provided,100.0%
1406,women,women,provided,100.0%
1407,women,unknown,image-review,90.0%
1408,women,unknown,image-review,90.0%
1409,women,women,provided,100.0%
1410,women,women,provided,100.0%
1411,women,women,provided,100.0%
1412,women,unknown,catalog-name-model,96.4%
1413,women,unknown,catalog-name-model,96.8%
1414,women,unknown,catalog-name-model,98.0%
1415,women,women,provided,100.0%
1416,men,men,provided,100.0%
1417,men,men,provided,100.0%
1418,women,women,provided,100.0%
1419,women,women,provided,100.0%
1420,men,men,provided,100.0%
1421,unisex,unisex,provided,100.0%
1422,men,unknown,image-review,90.0%
1423,men,men,provided,100.0%
1424,women,women,provided,100.0%
1425,women,women,provided,100.0%
1426,women,women,provided,100.0%
1427,men,unknown,catalog-name-model,98.0%
1428,women,unknown,catalog-name-model,98.0%
1429,women,unknown,catalog-name-model,98.0%
1430,women,women,provided,100.0%
1431,women,unknown,catalog-name-model,98.0%
1432,men,men,provided,100.0%
1433,men,unknown,catalog-name-model,98.0%
1434,women,women,provided,100.0%
1435,women,women,provided,100.0%
1436,women,women,provided,100.0%
1437,men,unknown,catalog-name-model,96.3%
1438,men,men,provided,100.0%
1439,men,men,provided,100.0%
1440,men,men,provided,100.0%
1441,men,men,provided,100.0%
1442,men,men,provided,100.0%
1443,women,women,provided,100.0%
1444,women,women,provided,100.0%
1445,women,women,provided,100.0%
1446,women,women,provided,100.0%
1447,women,women,provided,100.0%
1448,women,women,provided,100.0%
1449,women,women,provided,100.0%
1450,women,women,provided,100.0%
1451,women,women,provided,100.0%
1452,women,women,provided,100.0%
1454,women,women,provided,100.0%
1455,women,women,provided,100.0%
1456,women,women,provided,100.0%
1457,women,women,provided,100.0%
1458,women,women,provided,100.0%
1459,women,women,provided,100.0%
1460,women,women,provided,100.0%
1461,women,women,provided,100.0%
1462,women,women,provided,100.0%
1463,women,unknown,catalog-name-model,94.7%
1464,men,men,provided,100.0%
1465,women,women,provided,100.0%
1466,women,women,provided,100.0%
1467,women,women,provided,100.0%
1468,women,women,provided,100.0%
1469,women,women,provided,100.0%
1470,women,women,provided,100.0%
1471,women,women,provided,100.0%
1472,women,women,provided,100.0%
1473,women,women,provided,100.0%
1474,women,women,provided,100.0%
1475,women,women,provided,100.0%
1476,women,women,provided,100.0%
1477,women,women,provided,100.0%
1478,women,women,provided,100.0%
1479,women,women,provided,100.0%
1480,women,women,provided,100.0%
1481,women,women,provided,100.0%
1482,women,women,provided,100.0%
1483,women,women,provided,100.0%
1484,women,women,provided,100.0%
1485,men,men,provided,100.0%
1486,men,men,provided,100.0%
1487,men,men,provided,100.0%
1488,men,men,provided,100.0%
1489,men,men,provided,100.0%
1490,women,women,provided,100.0%
1491,women,women,provided,100.0%
1492,women,women,provided,100.0%
1493,women,women,provided,100.0%
1494,women,women,provided,100.0%
1495,women,women,provided,100.0%
1496,women,women,provided,100.0%
1497,women,women,provided,100.0%
1498,women,women,provided,100.0%
1499,women,women,provided,100.0%
1500,women,women,provided,100.0%
1501,women,women,provided,100.0%
1502,women,women,provided,100.0%
1503,women,women,provided,100.0%
1504,women,women,provided,100.0%
1505,women,women,provided,100.0%
1506,women,women,provided,100.0%
1507,women,women,provided,100.0%
1508,women,women,provided,100.0%
1509,women,women,provided,100.0%
1510,men,men,provided,100.0%
1511,men,men,provided,100.0%
1512,women,women,provided,100.0%
1513,women,women,provided,100.0%
1514,men,men,provided,100.0%
1515,men,men,provided,100.0%
1516,women,women,provided,100.0%
1517,men,unknown,catalog-name-model,98.0%
1518,men,men,provided,100.0%
1519,men,men,provided,100.0%
1520,men,men,provided,100.0%
1521,women,unknown,catalog-name-model,98.0%
1522,women,women,provided,100.0%
1523,women,unknown,catalog-name-model,98.0%
1524,women,unknown,catalog-name-model,94.7%
1525,women,women,provided,100.0%
1526,women,unknown,catalog-name-model,98.0%
1527,women,unknown,catalog-name-model,98.0%
1528,women,women,provided,100.0%
1529,women,women,provided,100.0%
1530,women,women,provided,100.0%
1531,women,women,provided,100.0%
1532,women,women,provided,100.0%
1533,women,women,provided,100.0%
1534,women,women,provided,100.0%
1535,women,women,provided,100.0%
1536,women,women,provided,100.0%
1537,women,unknown,catalog-name-model,91.7%
1538,women,women,provided,100.0%
1539,women,women,provided,100.0%
1540,men,men,provided,100.0%
1541,men,men,provided,100.0%
1542,women,women,provided,100.0%
1543,women,women,provided,100.0%
1544,women,women,provided,100.0%
1545,women,women,provided,100.0%
1546,women,women,provided,100.0%
1547,women,women,provided,100.0%
1548,women,women,provided,100.0%
1549,women,women,provided,100.0%
1550,women,women,provided,100.0%
1551,women,women,provided,100.0%
1552,women,women,provided,100.0%
1553,men,men,provided,100.0%
1554,men,men,provided,100.0%
1555,women,women,provided,100.0%
1556,women,women,provided,100.0%
1557,men,men,provided,100.0%
1558,women,women,provided,100.0%
1559,men,men,provided,100.0%
1560,women,women,provided,100.0%
1561,men,men,provided,100.0%
1562,men,men,provided,100.0%
1563,men,men,provided,100.0%
1564,men,unknown,catalog-name-model,98.0%
1565,men,men,provided,100.0%
1566,women,women,provided,100.0%
1567,women,women,provided,100.0%
1568,women,women,provided,100.0%
1569,women,women,provided,100.0%
1570,women,women,provided,100.0%
1571,women,women,provided,100.0%
1572,men,men,provided,100.0%
1573,men,men,provided,100.0%
1574,men,men,provided,100.0%
1575,women,women,provided,100.0%
1576,women,women,provided,100.0%
1577,women,women,provided,100.0%
1578,women,women,provided,100.0%
1579,women,women,provided,100.0%
1580,women,women,provided,100.0%
1581,women,women,provided,100.0%
1582,women,women,provided,100.0%
1583,women,women,provided,100.0%
1584,women,women,provided,100.0%
1585,men,unknown,image-review,90.0%
1586,women,women,provided,100.0%
1587,women,women,provided,100.0%
1588,women,women,provided,100.0%
1589,women,women,provided,100.0%
1590,women,women,provided,100.0%
1591,men,men,provided,100.0%
1592,women,women,provided,100.0%
1593,men,men,provided,100.0%
1594,women,women,provided,100.0%
1595,women,women,provided,100.0%
1596,women,women,provided,100.0%
1597,women,women,provided,100.0%
1598,women,women,provided,100.0%
1599,women,women,provided,100.0%
1600,women,women,provided,100.0%
1601,women,women,provided,100.0%
1602,women,women,provided,100.0%
1603,women,women,provided,100.0%
1604,women,women,provided,100.0%
1605,women,women,provided,100.0%
1606,men,men,provided,100.0%
1607,women,unknown,catalog-name-model,98.0%
1608,women,women,provided,100.0%
1609,men,men,provided,100.0%
1610,men,men,provided,100.0%
1611,unisex,unknown,image-review,75.0%
1612,men,unknown,catalog-name-model,98.0%
1613,women,women,provided,100.0%
1614,women,women,provided,100.0%
1615,women,women,provided,100.0%
1616,women,women,provided,100.0%
1617,men,men,provided,100.0%
1618,men,men,provided,100.0%
1619,women,women,provided,100.0%
1620,women,unknown,catalog-name-model,98.0%
1621,women,unknown,catalog-name-model,98.0%
1622,women,unknown,catalog-name-model,98.0%
1623,women,women,provided,100.0%
1624,women,women,provided,100.0%
1625,women,unknown,catalog-name-model,98.0%
1626,women,women,provided,100.0%
1627,women,women,provided,100.0%
1628,women,women,provided,100.0%
1629,women,women,provided,100.0%
1630,women,women,provided,100.0%
1631,women,women,provided,100.0%
1632,women,women,provided,100.0%
1633,women,women,provided,100.0%
1634,women,women,provided,100.0%
1635,women,women,provided,100.0%
1636,women,women,provided,100.0%
1637,women,women,provided,100.0%
1638,women,unknown,catalog-name-model,98.0%
1639,women,unknown,catalog-name-model,96.5%
1640,women,women,provided,100.0%
1641,women,women,provided,100.0%
1642,women,women,provided,100.0%
1643,women,women,provided,100.0%
1644,women,women,provided,100.0%
1645,women,women,provided,100.0%
1646,women,unknown,catalog-name-model,98.0%
1647,women,unknown,catalog-name-model,98.0%
1648,women,unknown,catalog-name-model,98.0%
1649,women,unknown,catalog-name-model,98.0%
1650,women,women,provided,100.0%
1651,women,women,provided,100.0%
1652,women,women,provided,100.0%
1653,women,unknown,catalog-name-model,98.0%
1654,women,women,provided,100.0%
1655,women,women,provided,100.0%
1656,women,unknown,catalog-name-model,98.0%
1657,women,women,provided,100.0%
1658,women,unknown,catalog-name-model,98.0%
1659,women,unknown,catalog-name-model,98.0%
1660,women,women,provided,100.0%
1661,women,unknown,catalog-name-model,98.0%
1662,women,women,provided,100.0%
1663,women,women,provided,100.0%
1664,women,women,provided,100.0%
1665,women,women,provided,100.0%
1666,women,unknown,catalog-name-model,98.0%
1667,women,unknown,catalog-name-model,98.0%
1668,women,unknown,image-review,90.0%
1669,women,women,provided,100.0%
1670,women,unknown,catalog-name-model,98.0%
1671,women,women,provided,100.0%
1672,women,women,provided,100.0%
1673,women,unknown,catalog-name-model,98.0%
1674,women,unknown,catalog-name-model,98.0%
1675,women,unknown,catalog-name-model,97.0%
1676,women,women,provided,100.0%
1677,women,women,provided,100.0%
1678,women,women,provided,100.0%
1679,women,women,provided,100.0%
1680,women,women,provided,100.0%
1681,women,women,provided,100.0%
1682,women,women,provided,100.0%
1683,women,unknown,catalog-name-model,98.0%
1684,women,women,provided,100.0%
1685,women,unknown,catalog-name-model,98.0%
1686,women,women,provided,100.0%
1687,women,women,provided,100.0%
1688,women,women,provided,100.0%
1689,women,women,provided,100.0%
1690,women,women,provided,100.0%
1691,women,women,provided,100.0%
1692,women,women,provided,100.0%
1693,women,women,provided,100.0%
1694,women,women,provided,100.0%
1695,women,unknown,catalog-name-model,98.0%
1696,women,unknown,catalog-name-model,98.0%
1697,men,unknown,image-review,90.0%
1698,women,unknown,catalog-name-model,98.0%
1699,women,women,provided,100.0%
1700,women,women,provided,100.0%
1701,women,women,provided,100.0%
1702,women,women,provided,100.0%
1703,women,women,provided,100.0%
1704,women,women,provided,100.0%
1705,women,women,provided,100.0%
1706,women,women,provided,100.0%
1707,women,women,provided,100.0%
1708,women,women,provided,100.0%
1709,women,women,provided,100.0%
1710,women,women,provided,100.0%
1711,women,women,provided,100.0%
1712,women,women,provided,100.0%
1713,women,women,provided,100.0%
1714,women,women,provided,100.0%
1715,women,women,provided,100.0%
1716,women,women,provided,100.0%
1717,women,women,provided,100.0%
1718,women,women,provided,100.0%
1719,women,women,provided,100.0%
1720,women,women,provided,100.0%
1721,women,women,provided,100.0%
1722,women,women,provided,100.0%
1723,women,unknown,catalog-name-model,98.0%
1724,women,women,provided,100.0%
1725,women,women,provided,100.0%
1726,women,women,provided,100.0%
1727,women,women,provided,100.0%
1728,women,women,provided,100.0%
1729,women,women,provided,100.0%
1730,women,women,provided,100.0%
1731,women,unknown,catalog-name-model,98.0%
1732,women,women,provided,100.0%
1733,women,women,provided,100.0%
1734,women,women,provided,100.0%
1735,women,women,provided,100.0%
1736,women,women,provided,100.0%
1737,women,women,provided,100.0%
1738,women,women,provided,100.0%
1739,women,women,provided,100.0%
1740,women,women,provided,100.0%
1741,women,women,provided,100.0%
1742,women,women,provided,100.0%
1743,women,women,provided,100.0%
1744,women,women,provided,100.0%
1745,women,women,provided,100.0%
1746,women,women,provided,100.0%
1747,women,women,provided,100.0%
1748,women,women,provided,100.0%
1749,women,unknown,catalog-name-model,98.0%
1750,women,unknown,catalog-name-model,98.0%
1751,women,unknown,catalog-name-model,98.0%
1752,women,women,provided,100.0%
1753,women,women,provided,100.0%
1754,women,women,provided,100.0%
1755,women,women,provided,100.0%
1756,women,women,provided,100.0%
1757,women,women,provided,100.0%
1758,men,men,provided,100.0%
1759,women,women,provided,100.0%
1760,women,unknown,catalog-name-model,98.0%
1761,women,unknown,catalog-name-model,97.1%
1762,women,women,provided,100.0%
1763,women,unknown,catalog-name-model,98.0%
1764,women,unknown,catalog-name-model,98.0%
1765,women,women,provided,100.0%
1766,women,women,provided,100.0%
1767,women,unknown,catalog-name-model,98.0%
1768,women,unknown,catalog-name-model,98.0%
1769,women,unknown,catalog-name-model,98.0%
1770,women,unknown,catalog-name-model,98.0%
1771,women,unknown,catalog-name-model,98.0%
1772,women,unknown,catalog-name-model,98.0%
1773,women,women,provided,100.0%
1774,women,women,provided,100.0%
1775,women,women,provided,100.0%
1776,women,women,provided,100.0%
1777,women,women,provided,100.0%
1778,women,unknown,catalog-name-model,98.0%
1779,women,unknown,catalog-name-model,98.0%
1780,women,unknown,catalog-name-model,93.9%
1781,women,unknown,image-review,90.0%
1782,women,unknown,catalog-name-model,98.0%
1783,women,unknown,catalog-name-model,98.0%
1784,women,women,provided,100.0%
1785,women,women,provided,100.0%
1786,women,women,provided,100.0%
1787,women,unknown,catalog-name-model,98.0%
1788,women,unknown,image-review,90.0%
1789,women,unknown,catalog-name-model,98.0%
1790,women,women,provided,100.0%
1791,women,women,provided,100.0%
1792,women,women,provided,100.0%
1793,women,unknown,catalog-name-model,98.0%
1794,women,unknown,catalog-name-model,91.0%
1795,women,women,provided,100.0%
1796,women,women,provided,100.0%
1797,women,women,provided,100.0%
1798,women,women,provided,100.0%
1799,women,women,provided,100.0%
1800,women,women,provided,100.0%
1801,women,women,provided,100.0%
1802,women,women,provided,100.0%
1803,women,women,provided,100.0%
1804,women,women,provided,100.0%
1805,women,women,provided,100.0%
1806,women,women,provided,100.0%
1807,women,women,provided,100.0%
1808,women,women,provided,100.0%
1809,women,women,provided,100.0%
1810,women,women,provided,100.0%
1811,women,women,provided,100.0%
1812,women,women,provided,100.0%
1813,women,unknown,catalog-name-model,98.0%
1814,women,unknown,catalog-name-model,98.0%
1815,men,men,provided,100.0%
1816,men,men,provided,100.0%
1817,men,unknown,catalog-name-model,98.0%
1818,men,men,provided,100.0%
1819,men,men,provided,100.0%
1820,men,men,provided,100.0%
1821,men,men,provided,100.0%
1822,men,men,provided,100.0%
1823,men,men,provided,100.0%
1824,men,men,provided,100.0%
1825,men,men,provided,100.0%
1826,men,men,provided,100.0%
1827,men,men,provided,100.0%
1828,men,men,provided,100.0%
1829,men,men,provided,100.0%
1830,men,men,provided,100.0%
1831,men,men,provided,100.0%
1832,women,women,provided,100.0%
1833,men,men,provided,100.0%
1834,men,men,provided,100.0%
1835,men,men,provided,100.0%
1836,men,men,provided,100.0%
1837,men,men,provided,100.0%
1838,men,men,provided,100.0%
1839,men,men,provided,100.0%
1840,women,women,provided,100.0%
1841,women,women,provided,100.0%
1842,men,unknown,catalog-name-model,94.4%
1843,women,women,provided,100.0%
1844,women,women,provided,100.0%
1845,men,unknown,catalog-name-model,92.8%
1846,men,unknown,catalog-name-model,92.0%
1847,men,men,provided,100.0%
1848,men,men,provided,100.0%
1849,men,men,provided,100.0%
1850,men,unknown,catalog-name-model,98.0%
1851,men,men,provided,100.0%
1852,men,men,provided,100.0%
1853,men,men,provided,100.0%
1854,men,men,provided,100.0%
1855,men,men,provided,100.0%
1856,men,men,provided,100.0%
1857,women,unknown,catalog-name-model,93.6%
1858,men,men,provided,100.0%
1859,women,women,provided,100.0%
1860,men,men,provided,100.0%
1861,men,men,provided,100.0%
1862,women,women,provided,100.0%
1863,women,women,provided,100.0%
1864,women,women,provided,100.0%
1865,men,unknown,catalog-name-model,98.0%
1866,women,unknown,image-review,90.0%
1867,men,men,provided,100.0%
1868,men,unknown,catalog-name-model,98.0%
1869,men,unknown,catalog-name-model,98.0%
1870,men,unknown,catalog-name-model,98.0%
1871,men,unknown,catalog-name-model,98.0%
1872,men,unknown,catalog-name-model,98.0%
1873,men,unknown,catalog-name-model,98.0%
1874,men,unknown,catalog-name-model,94.7%
1875,men,men,provided,100.0%
1876,men,men,provided,100.0%
1877,men,men,provided,100.0%
1878,men,men,provided,100.0%
1879,men,men,provided,100.0%
1880,men,men,provided,100.0%
1881,men,men,provided,100.0%
1882,men,men,provided,100.0%
1883,men,men,provided,100.0%
1884,men,men,provided,100.0%
1885,men,men,provided,100.0%
1886,men,men,provided,100.0%
1887,men,men,provided,100.0%
1888,men,men,provided,100.0%
1889,men,men,provided,100.0%
1890,men,men,provided,100.0%
1891,men,men,provided,100.0%
1892,men,men,provided,100.0%
1893,men,men,provided,100.0%
1894,men,men,provided,100.0%
1895,men,unknown,catalog-name-model,98.0%
1896,men,unknown,catalog-name-model,98.0%
1897,women,women,provided,100.0%
1898,women,women,provided,100.0%
1899,men,unknown,catalog-name-model,98.0%
1900,men,men,provided,100.0%
1901,men,men,provided,100.0%
1902,women,women,provided,100.0%
1903,women,women,provided,100.0%
1904,men,men,provided,100.0%
1905,men,men,provided,100.0%
1906,men,men,provided,100.0%
1907,men,men,provided,100.0%
1908,men,men,provided,100.0%
1909,men,men,provided,100.0%
1910,women,women,provided,100.0%
1911,women,women,provided,100.0%
1912,women,women,provided,100.0%
1913,women,women,provided,100.0%
1914,men,men,provided,100.0%
1915,men,men,provided,100.0%
1916,women,unknown,image-review,90.0%
1917,men,men,provided,100.0%
1918,men,men,provided,100.0%
1919,men,unknown,catalog-name-model,98.0%
1920,men,men,provided,100.0%
1921,men,men,provided,100.0%
1922,men,men,provided,100.0%
1923,men,men,provided,100.0%
1924,men,men,provided,100.0%
1925,men,men,provided,100.0%
1926,men,men,provided,100.0%
1927,men,men,provided,100.0%
1928,men,men,provided,100.0%
1929,men,men,provided,100.0%
1930,women,women,provided,100.0%
1931,women,women,provided,100.0%
1932,women,women,provided,100.0%
1933,women,women,provided,100.0%
1934,women,women,provided,100.0%
1935,women,women,provided,100.0%
1936,men,men,provided,100.0%
1937,men,men,provided,100.0%
1938,men,men,provided,100.0%
1939,men,men,provided,100.0%
1940,men,men,provided,100.0%
1941,men,men,provided,100.0%
1942,men,men,provided,100.0%
1943,men,men,provided,100.0%
1944,men,men,provided,100.0%
1945,men,men,provided,100.0%
1946,men,men,provided,100.0%
1947,men,men,provided,100.0%
1948,men,men,provided,100.0%
1949,men,men,provided,100.0%
1950,men,men,provided,100.0%
1951,men,unknown,catalog-name-model,98.0%
1952,men,unknown,image-review,90.0%
1953,men,unknown,catalog-name-model,98.0%
1954,men,men,provided,100.0%
1955,men,unknown,catalog-name-model,98.0%
1956,men,men,provided,100.0%
1957,men,unknown,catalog-name-model,98.0%
1958,men,unknown,catalog-name-model,98.0%
1959,men,men,provided,100.0%
1960,men,men,provided,100.0%
1961,men,men,provided,100.0%
1962,men,unknown,catalog-name-model,96.7%
1963,men,unknown,catalog-name-model,96.2%
1964,men,unknown,catalog-name-model,98.0%
1965,women,women,provided,100.0%
1966,women,women,provided,100.0%
1967,women,women,provided,100.0%
1968,women,women,provided,100.0%
1969,men,men,provided,100.0%
1970,men,men,provided,100.0%
1971,women,women,provided,100.0%
1972,women,women,provided,100.0%
1973,women,unknown,garment-type,92.0%
1974,women,unknown,garment-type,92.0%
1975,women,women,provided,100.0%
1976,women,women,provided,100.0%
1977,women,women,provided,100.0%
1978,women,women,provided,100.0%
1979,women,women,provided,100.0%
1980,women,women,provided,100.0%
1981,women,women,provided,100.0%
1982,women,women,provided,100.0%
1983,women,women,provided,100.0%
1984,women,women,provided,100.0%
1985,women,women,provided,100.0%
1986,women,women,provided,100.0%
1987,women,women,provided,100.0%
1988,women,unknown,garment-type,92.0%
1989,women,women,provided,100.0%
1990,women,unknown,garment-type,92.0%
1991,women,women,provided,100.0%
1992,women,unknown,garment-type,92.0%
1993,women,unknown,garment-type,92.0%
1994,women,unknown,garment-type,92.0%
1995,women,unknown,garment-type,92.0%
1996,women,women,provided,100.0%
1997,women,women,provided,100.0%
1998,women,women,provided,100.0%
1999,women,women,provided,100.0%
2000,women,women,provided,100.0%
2001,women,women,provided,100.0%
2002,women,women,provided,100.0%
2003,women,women,provided,100.0%
2004,women,women,provided,100.0%
2005,women,women,provided,100.0%
2006,women,unknown,garment-type,92.0%
2007,women,unknown,garment-type,92.0%
2008,women,women,provided,100.0%
2009,women,women,provided,100.0%
2010,women,women,provided,100.0%
2011,women,women,provided,100.0%
2012,women,unknown,garment-type,92.0%
2013,women,women,provided,100.0%
2014,women,women,provided,100.0%
2015,women,unknown,garment-type,92.0%
2016,women,unknown,garment-type,92.0%
2017,women,unknown,garment-type,92.0%
2018,women,unknown,garment-type,92.0%
2019,women,women,provided,100.0%
2020,women,women,provided,100.0%
2021,women,women,provided,100.0%
2022,women,women,provided,100.0%
2023,women,women,provided,100.0%
2024,women,women,provided,100.0%
2025,women,women,provided,100.0%
2026,women,women,provided,100.0%
2027,women,women,provided,100.0%
2028,women,unknown,garment-type,92.0%
2029,women,women,provided,100.0%
2030,women,women,provided,100.0%
2031,women,unknown,garment-type,92.0%
2032,women,unknown,image-review,90.0%
2033,women,unknown,garment-type,92.0%
2034,women,women,provided,100.0%
2035,women,women,provided,100.0%
2036,women,women,provided,100.0%
2037,women,unknown,garment-type,92.0%
2038,women,unknown,garment-type,92.0%
2039,women,unknown,garment-type,92.0%
2040,women,unknown,garment-type,92.0%
2041,women,women,provided,100.0%
2042,women,women,provided,100.0%
2043,women,women,provided,100.0%
2044,women,women,provided,100.0%
2045,women,women,provided,100.0%
2046,women,women,provided,100.0%
2047,women,women,provided,100.0%
2048,women,women,provided,100.0%
2049,women,women,provided,100.0%
2050,women,women,provided,100.0%
2051,women,women,provided,100.0%
2052,women,unknown,garment-type,92.0%
2053,women,unknown,garment-type,92.0%
2054,women,unknown,garment-type,92.0%
2055,women,unknown,garment-type,92.0%
2056,women,unknown,garment-type,92.0%
2057,women,unknown,garment-type,92.0%
2058,women,unknown,garment-type,92.0%
2059,women,women,provided,100.0%
2060,women,unknown,garment-type,92.0%
2061,women,unknown,garment-type,92.0%
2062,women,women,provided,100.0%
2063,women,women,provided,100.0%
2064,women,women,provided,100.0%
2065,women,unknown,garment-type,92.0%
2066,women,unknown,garment-type,92.0%
2067,women,unknown,garment-type,92.0%
2068,women,women,provided,100.0%
2069,women,unknown,garment-type,92.0%
2070,women,women,provided,100.0%
2071,women,women,provided,100.0%
2072,women,unknown,garment-type,92.0%
2073,women,women,provided,100.0%
2074,women,women,provided,100.0%
2075,women,unknown,garment-type,92.0%
2076,women,women,provided,100.0%
2077,women,women,provided,100.0%
2078,women,women,provided,100.0%
2079,women,women,provided,100.0%
2080,women,women,provided,100.0%
2081,women,unknown,garment-type,92.0%
2082,women,unknown,garment-type,92.0%
2083,women,unknown,garment-type,92.0%
2084,women,unknown,garment-type,92.0%
2085,women,unknown,garment-type,92.0%
2086,women,unknown,garment-type,92.0%
2087,women,unknown,garment-type,92.0%
2088,women,women,provided,100.0%
2089,women,women,provided,100.0%
2090,women,women,provided,100.0%
2091,women,unknown,garment-type,92.0%
2092,women,women,provided,100.0%
2093,women,unknown,garment-type,92.0%
2094,women,women,provided,100.0%
2095,women,unknown,garment-type,92.0%
2096,women,women,provided,100.0%
2097,women,unknown,garment-type,92.0%
2098,women,women,provided,100.0%
2099,women,unknown,garment-type,92.0%
2100,women,women,provided,100.0%
2101,women,unknown,garment-type,92.0%
2102,women,unknown,garment-type,92.0%
2103,women,women,provided,100.0%
2104,women,women,provided,100.0%
2105,women,unknown,garment-type,92.0%
2106,women,women,provided,100.0%
2107,women,women,provided,100.0%
2108,women,women,provided,100.0%
2109,women,women,provided,100.0%
2110,women,women,provided,100.0%
2111,women,women,provided,100.0%
2112,women,women,provided,100.0%
2113,women,women,provided,100.0%
2114,women,women,provided,100.0%
2115,women,women,provided,100.0%
2116,women,women,provided,100.0%
2117,women,unknown,garment-type,92.0%
2118,women,unknown,garment-type,92.0%
2119,women,unknown,garment-type,92.0%
2120,women,unknown,garment-type,92.0%
2121,women,unknown,garment-type,92.0%
2122,women,women,provided,100.0%
2123,women,unknown,garment-type,92.0%
2124,women,unknown,garment-type,92.0%
2125,women,women,provided,100.0%
2126,women,women,provided,100.0%
2127,women,women,provided,100.0%
2128,women,unknown,garment-type,92.0%
2129,women,women,provided,100.0%
2130,women,unknown,garment-type,92.0%
2131,women,unknown,garment-type,92.0%
2132,women,unknown,garment-type,92.0%
2133,women,women,provided,100.0%
2134,women,women,provided,100.0%
2135,women,unknown,garment-type,92.0%
2136,women,women,provided,100.0%
2137,women,women,provided,100.0%
2138,women,women,provided,100.0%
2139,women,women,provided,100.0%
2140,women,women,provided,100.0%
2141,women,women,provided,100.0%
2142,women,women,provided,100.0%
2143,women,women,provided,100.0%
2144,women,women,provided,100.0%
2145,women,unknown,garment-type,92.0%
2146,women,women,provided,100.0%
2147,women,women,provided,100.0%
2148,women,women,provided,100.0%
2149,women,women,provided,100.0%
2150,women,unknown,garment-type,92.0%
2151,women,women,provided,100.0%
2152,women,women,provided,100.0%
2153,women,women,provided,100.0%
2154,women,women,provided,100.0%
2155,women,women,provided,100.0%
2156,women,women,provided,100.0%
2157,women,women,provided,100.0%
2158,women,women,provided,100.0%
2159,women,women,provided,100.0%
2160,women,women,provided,100.0%
2161,women,women,provided,100.0%
2162,women,unknown,garment-type,92.0%
2163,women,women,provided,100.0%
2164,women,unknown,garment-type,92.0%
2165,women,unknown,garment-type,92.0%
2166,women,women,provided,100.0%
2167,women,women,provided,100.0%
2168,women,women,provided,100.0%
2169,women,women,provided,100.0%
2170,women,women,provided,100.0%
2171,women,women,provided,100.0%
2172,women,women,provided,100.0%
2173,women,women,provided,100.0%
2174,women,women,provided,100.0%
2175,women,women,provided,100.0%
2176,women,unknown,catalog-name-model,98.0%
2177,women,unknown,garment-type,92.0%
2178,women,women,provided,100.0%
2179,women,unknown,garment-type,92.0%
2180,women,women,provided,100.0%
2181,women,unknown,garment-type,92.0%
2182,women,unknown,garment-type,92.0%
2183,women,unknown,garment-type,92.0%
2184,women,women,provided,100.0%
2185,women,unknown,garment-type,92.0%
2186,women,women,provided,100.0%
2187,women,women,provided,100.0%
2188,women,women,provided,100.0%
2189,women,unknown,garment-type,92.0%
2190,women,women,provided,100.0%
2191,women,women,provided,100.0%
2192,women,women,provided,100.0%
2193,women,women,provided,100.0%
2194,women,unknown,garment-type,92.0%
2195,women,unknown,garment-type,92.0%
2196,women,women,provided,100.0%
2197,women,women,provided,100.0%
2198,women,women,provided,100.0%
2199,women,women,provided,100.0%
2200,women,women,provided,100.0%
2201,women,women,provided,100.0%
2202,women,women,provided,100.0%
2203,women,unknown,catalog-name-model,98.0%
2204,women,unknown,garment-type,92.0%
2205,women,women,provided,100.0%
2206,women,women,provided,100.0%
2207,women,women,provided,100.0%
2208,women,women,provided,100.0%
2209,women,women,provided,100.0%
2210,women,unknown,garment-type,92.0%
2211,women,unknown,garment-type,92.0%
2212,women,unknown,garment-type,92.0%
2213,women,unknown,garment-type,92.0%
2214,women,unknown,garment-type,92.0%
2215,women,unknown,garment-type,92.0%
2216,women,unknown,garment-type,92.0%
2217,women,unknown,garment-type,92.0%
2218,women,unknown,garment-type,92.0%
2219,women,unknown,garment-type,92.0%
2220,women,unknown,garment-type,92.0%
2221,women,unknown,garment-type,92.0%
2222,women,unknown,garment-type,92.0%
2223,women,unknown,garment-type,92.0%
2224,women,unknown,garment-type,92.0%
2225,women,unknown,garment-type,92.0%
2226,women,unknown,garment-type,92.0%
2227,women,unknown,garment-type,92.0%
2228,women,unknown,garment-type,92.0%
2229,women,unknown,garment-type,92.0%
2230,women,unknown,garment-type,92.0%
2231,women,unknown,garment-type,92.0%
2232,women,unknown,catalog-name-model,98.0%
2233,women,unknown,garment-type,92.0%
2234,women,unknown,garment-type,92.0%
2235,women,unknown,garment-type,92.0%
2236,women,unknown,garment-type,92.0%
2237,women,unknown,garment-type,92.0%
2238,women,unknown,garment-type,92.0%
2239,women,unknown,garment-type,92.0%
2240,women,unknown,garment-type,92.0%
2241,women,unknown,garment-type,92.0%
2242,women,unknown,garment-type,92.0%
2243,women,unknown,garment-type,92.0%
2244,women,unknown,garment-type,92.0%
2245,women,unknown,garment-type,92.0%
2246,women,unknown,garment-type,92.0%
2247,women,unknown,garment-type,92.0%
2248,women,unknown,garment-type,92.0%
2249,women,unknown,garment-type,92.0%
2250,women,unknown,garment-type,92.0%
2251,women,unknown,garment-type,92.0%
2252,women,unknown,garment-type,92.0%
2253,women,unknown,garment-type,92.0%
2254,women,unknown,garment-type,92.0%
2255,women,unknown,garment-type,92.0%
2256,women,unknown,garment-type,92.0%
2257,women,unknown,garment-type,92.0%
2258,women,unknown,garment-type,92.0%
2259,women,unknown,garment-type,92.0%
2260,women,unknown,garment-type,92.0%
2261,women,unknown,garment-type,92.0%
2262,women,unknown,garment-type,92.0%
2263,women,unknown,garment-type,92.0%
2264,women,unknown,catalog-name-model,98.0%
2265,women,unknown,garment-type,92.0%
2266,women,unknown,garment-type,92.0%
2267,women,unknown,garment-type,92.0%
2268,women,women,provided,100.0%
2269,women,women,provided,100.0%
2270,women,women,provided,100.0%
2271,women,women,provided,100.0%
2272,women,women,provided,100.0%
2273,women,women,provided,100.0%
2274,women,women,provided,100.0%
2275,women,women,provided,100.0%
2276,women,women,provided,100.0%
2277,women,unknown,garment-type,92.0%
2278,women,women,provided,100.0%
2279,women,women,provided,100.0%
2280,women,women,provided,100.0%
2281,women,women,provided,100.0%
2282,women,unknown,garment-type,92.0%
2283,women,unknown,garment-type,92.0%
2284,women,women,provided,100.0%
2285,women,unknown,garment-type,92.0%
2286,women,unknown,garment-type,92.0%
2287,women,unknown,garment-type,92.0%
2288,women,unknown,garment-type,92.0%
2289,women,unknown,garment-type,92.0%
2290,women,unknown,garment-type,92.0%
2291,women,unknown,garment-type,92.0%
2292,women,unknown,garment-type,92.0%
2293,women,women,provided,100.0%
2294,women,women,provided,100.0%
2295,women,women,provided,100.0%
2296,women,women,provided,100.0%
2297,women,unknown,garment-type,92.0%
2298,women,unknown,garment-type,92.0%
2299,women,unknown,garment-type,92.0%
2300,women,unknown,garment-type,92.0%
2301,women,unknown,garment-type,92.0%
2302,women,women,provided,100.0%
2303,women,women,provided,100.0%
2304,women,women,provided,100.0%
2305,women,women,provided,100.0%
2306,women,women,provided,100.0%
2307,women,women,provided,100.0%
2308,women,women,provided,100.0%
2309,women,women,provided,100.0%
2310,women,women,provided,100.0%
2311,women,women,provided,100.0%
2312,women,unknown,garment-type,92.0%
2313,women,unknown,garment-type,92.0%
2314,women,unknown,catalog-name-model,98.0%
2315,women,unknown,garment-type,92.0%
2316,women,women,provided,100.0%
2317,women,women,provided,100.0%
2318,women,women,provided,100.0%
2319,women,women,provided,100.0%
2320,women,women,provided,100.0%
2321,women,women,provided,100.0%
2322,women,women,provided,100.0%
2323,women,women,provided,100.0%
2324,women,women,provided,100.0%
2325,women,women,provided,100.0%
2326,women,women,provided,100.0%
2327,women,women,provided,100.0%
2328,women,unknown,garment-type,92.0%
2329,women,unknown,garment-type,92.0%
2330,women,unknown,garment-type,92.0%
2331,women,unknown,garment-type,92.0%
2332,women,unknown,garment-type,92.0%
2333,women,unknown,garment-type,92.0%
2334,women,women,provided,100.0%
2335,women,women,provided,100.0%
2336,women,unknown,garment-type,92.0%
2337,women,women,provided,100.0%
2338,women,women,provided,100.0%
2339,women,unknown,garment-type,92.0%
2340,women,women,provided,100.0%
2341,women,women,provided,100.0%
2342,women,women,provided,100.0%
2343,women,women,provided,100.0%
2344,women,unknown,garment-type,92.0%
2345,women,unknown,garment-type,92.0%
2346,women,unknown,garment-type,92.0%
2347,women,unknown,garment-type,92.0%
2348,women,unknown,garment-type,92.0%
2349,women,women,provided,100.0%
2350,women,women,provided,100.0%
2351,women,women,provided,100.0%
2352,women,women,provided,100.0%
2353,women,women,provided,100.0%
2354,women,women,provided,100.0%
2355,women,unknown,garment-type,92.0%
2356,women,women,provided,100.0%
2357,women,women,provided,100.0%
2358,women,women,provided,100.0%
2359,women,women,provided,100.0%
2360,women,women,provided,100.0%
2361,women,women,provided,100.0%
2362,women,women,provided,100.0%
2363,women,women,provided,100.0%
2364,women,women,provided,100.0%
2365,women,women,provided,100.0%
2366,women,women,provided,100.0%
2367,women,women,provided,100.0%
2368,women,women,provided,100.0%
2369,women,unknown,garment-type,92.0%
2370,women,unknown,garment-type,92.0%
2371,women,women,provided,100.0%
2372,women,unknown,garment-type,92.0%
2373,women,women,provided,100.0%
2374,women,unknown,garment-type,92.0%
2375,women,women,provided,100.0%
2376,women,women,provided,100.0%
2377,women,women,provided,100.0%
2378,women,women,provided,100.0%
2379,women,unknown,garment-type,92.0%
2380,women,women,provided,100.0%
2381,women,women,provided,100.0%
2382,women,women,provided,100.0%
2383,women,women,provided,100.0%
2384,women,women,provided,100.0%
2385,women,unknown,garment-type,92.0%
2386,women,unknown,garment-type,92.0%
2387,women,women,provided,100.0%
2388,women,women,provided,100.0%
2389,women,unknown,garment-type,92.0%
2390,women,unknown,garment-type,92.0%
2391,women,unknown,garment-type,92.0%
2392,women,unknown,garment-type,92.0%
2393,women,unknown,garment-type,92.0%
2394,women,unknown,garment-type,92.0%
2395,women,unknown,garment-type,92.0%
2396,women,unknown,garment-type,92.0%
2397,women,unknown,garment-type,92.0%
2398,women,unknown,catalog-name-model,97.9%
2399,women,unknown,garment-type,92.0%
2400,women,unknown,garment-type,92.0%
2401,men,unknown,catalog-name-model,98.0%
2402,women,unknown,garment-type,92.0%
2403,women,unknown,garment-type,92.0%
2404,women,unknown,garment-type,92.0%
2405,women,unknown,catalog-name-model,98.0%
2406,women,unknown,garment-type,92.0%
2407,women,unknown,garment-type,92.0%
2408,women,unknown,garment-type,92.0%
2409,women,unknown,garment-type,92.0%
2410,women,unknown,garment-type,92.0%
2411,women,unknown,garment-type,92.0%
2412,women,unknown,garment-type,92.0%
2413,women,unknown,garment-type,92.0%
2414,women,unknown,garment-type,92.0%
2415,women,unknown,garment-type,92.0%
2416,women,unknown,garment-type,92.0%
2417,women,unknown,garment-type,92.0%
2418,women,unknown,garment-type,92.0%
2419,women,unknown,garment-type,92.0%
2420,women,unknown,image-review,90.0%
2421,women,women,provided,100.0%
2422,women,unknown,garment-type,92.0%
2423,women,women,provided,100.0%
2424,women,women,provided,100.0%
2425,women,women,provided,100.0%
2426,women,women,provided,100.0%
2427,women,women,provided,100.0%
2428,women,women,provided,100.0%
2429,women,women,provided,100.0%
2430,women,women,provided,100.0%
2431,women,women,provided,100.0%
2432,women,women,provided,100.0%
2433,women,women,provided,100.0%
2434,women,women,provided,100.0%
2435,women,women,provided,100.0%
2436,women,women,provided,100.0%
2437,women,women,provided,100.0%
2438,women,women,provided,100.0%
2439,women,women,provided,100.0%
2440,women,women,provided,100.0%
2441,women,women,provided,100.0%
2442,women,women,provided,100.0%
2443,women,women,provided,100.0%
2444,women,women,provided,100.0%
2445,women,women,provided,100.0%
2446,women,women,provided,100.0%
2447,women,women,provided,100.0%
2448,women,women,provided,100.0%
2449,women,women,provided,100.0%
2450,women,women,provided,100.0%
2451,women,women,provided,100.0%
2452,women,women,provided,100.0%
2453,women,women,provided,100.0%
2454,women,women,provided,100.0%
2455,women,women,provided,100.0%
2456,women,women,provided,100.0%
2457,women,women,provided,100.0%
2458,women,women,provided,100.0%
2459,women,unknown,garment-type,92.0%
2460,women,women,provided,100.0%
2461,women,women,provided,100.0%
2462,women,women,provided,100.0%
2463,women,women,provided,100.0%
2464,women,women,provided,100.0%
2465,women,women,provided,100.0%
2466,women,women,provided,100.0%
2467,women,women,provided,100.0%
2468,women,women,provided,100.0%
2469,women,women,provided,100.0%
2470,women,women,provided,100.0%
2471,women,women,provided,100.0%
2472,women,women,provided,100.0%
2473,women,women,provided,100.0%
2474,women,women,provided,100.0%
2475,women,women,provided,100.0%
2476,women,women,provided,100.0%
2477,women,women,provided,100.0%
2478,women,women,provided,100.0%
2479,women,women,provided,100.0%
2480,women,women,provided,100.0%
2481,women,women,provided,100.0%
2482,women,unknown,garment-type,92.0%
2483,women,women,provided,100.0%
2484,women,women,provided,100.0%
2485,women,women,provided,100.0%
2486,women,women,provided,100.0%
2487,women,women,provided,100.0%
2488,women,women,provided,100.0%
2489,women,women,provided,100.0%
2490,women,women,provided,100.0%
2491,women,women,provided,100.0%
2492,women,women,provided,100.0%
2493,women,women,provided,100.0%
2494,women,unknown,garment-type,92.0%
2495,women,unknown,garment-type,92.0%
2496,women,women,provided,100.0%
2497,women,unknown,garment-type,92.0%
2498,women,unknown,garment-type,92.0%
2499,women,unknown,garment-type,92.0%
2500,women,unknown,garment-type,92.0%
2501,women,women,provided,100.0%
2502,women,women,provided,100.0%
2503,women,unknown,garment-type,92.0%
2504,men,unknown,catalog-name-model,98.0%
2505,women,unknown,garment-type,92.0%
2506,women,women,provided,100.0%
2507,women,women,provided,100.0%
2508,women,women,provided,100.0%
2509,women,women,provided,100.0%
2510,women,women,provided,100.0%
2511,women,unknown,garment-type,92.0%
2512,women,women,provided,100.0%
2513,women,women,provided,100.0%
2514,women,women,provided,100.0%
2515,women,women,provided,100.0%
2516,women,women,provided,100.0%
2517,women,women,provided,100.0%
2518,women,women,provided,100.0%
2519,women,women,provided,100.0%
2520,women,women,provided,100.0%
2521,women,women,provided,100.0%
2522,women,women,provided,100.0%
2523,women,women,provided,100.0%
2524,women,women,provided,100.0%
2525,women,women,provided,100.0%
2526,women,women,provided,100.0%
2527,women,women,provided,100.0%
2528,women,women,provided,100.0%
2529,women,women,provided,100.0%
2530,women,women,provided,100.0%
2531,women,women,provided,100.0%
2532,women,women,provided,100.0%
2533,women,women,provided,100.0%
2534,women,women,provided,100.0%
2535,women,women,provided,100.0%
2536,women,women,provided,100.0%
2537,women,women,provided,100.0%
2538,women,women,provided,100.0%
2539,women,women,provided,100.0%
2540,women,unknown,garment-type,92.0%
2541,women,unknown,garment-type,92.0%
2542,women,unknown,garment-type,92.0%
2543,women,unknown,garment-type,92.0%
2544,women,women,provided,100.0%
2545,women,women,provided,100.0%
2546,women,unknown,catalog-name-model,98.0%
2547,unisex,unisex,provided,100.0%
2548,women,women,provided,100.0%
2549,men,men,provided,100.0%
2550,women,women,provided,100.0%
2551,women,unknown,image-review,90.0%
2552,women,unknown,image-review,90.0%
2553,women,women,provided,100.0%
2554,women,women,provided,100.0%
2555,women,women,provided,100.0%
2556,women,women,provided,100.0%
2557,women,women,provided,100.0%
2558,women,women,provided,100.0%
2559,women,women,provided,100.0%
2560,women,women,provided,100.0%
2561,women,women,provided,100.0%
2562,women,women,provided,100.0%
2563,women,women,provided,100.0%
2564,women,women,provided,100.0%
2565,women,women,provided,100.0%
2566,women,women,provided,100.0%
2567,women,women,provided,100.0%
2568,women,women,provided,100.0%
2569,women,women,provided,100.0%
2570,women,women,provided,100.0%
2571,women,unknown,catalog-name-model,98.0%
2572,women,unknown,catalog-name-model,98.0%
2573,women,unknown,catalog-name-model,98.0%
2574,women,unknown,catalog-name-model,98.0%
2575,women,women,provided,100.0%
2576,women,women,provided,100.0%
2577,women,unknown,catalog-name-model,98.0%
2578,women,women,provided,100.0%
2579,women,women,provided,100.0%
2580,women,women,provided,100.0%
2581,women,women,provided,100.0%
2582,women,unknown,catalog-name-model,98.0%
2583,women,unknown,catalog-name-model,98.0%
2584,women,women,provided,100.0%
2585,women,unknown,catalog-name-model,94.1%
2586,men,men,provided,100.0%
2587,women,women,provided,100.0%
2588,women,women,provided,100.0%
2589,women,women,provided,100.0%
2590,women,women,provided,100.0%
2591,women,women,provided,100.0%
2592,women,women,provided,100.0%
2593,women,women,provided,100.0%
2594,women,unknown,catalog-name-model,98.0%
2595,women,women,provided,100.0%
2596,women,women,provided,100.0%
2597,women,unknown,catalog-name-model,98.0%
2598,women,women,provided,100.0%
2599,women,women,provided,100.0%
2600,men,men,provided,100.0%
2601,women,women,provided,100.0%
2602,women,women,provided,100.0%
2603,women,women,provided,100.0%
2604,women,women,provided,100.0%
2605,women,women,provided,100.0%
2606,women,unknown,catalog-name-model,98.0%
2607,women,women,provided,100.0%
2608,women,unknown,catalog-name-model,98.0%
2609,women,unknown,catalog-name-model,98.0%
2610,women,women,provided,100.0%
2611,women,women,provided,100.0%
2612,women,women,provided,100.0%
2613,women,women,provided,100.0%
2614,women,women,provided,100.0%
2615,women,women,provided,100.0%
2616,women,women,provided,100.0%
2617,women,unknown,catalog-name-model,98.0%
2618,women,women,provided,100.0%
2619,women,women,provided,100.0%
2620,women,women,provided,100.0%
2621,women,women,provided,100.0%
2622,women,women,provided,100.0%
2623,women,women,provided,100.0%
2624,women,women,provided,100.0%
2625,women,women,provided,100.0%
2626,women,women,provided,100.0%
2627,men,men,provided,100.0%
2628,women,unknown,catalog-name-model,98.0%
2629,women,women,provided,100.0%
2630,women,women,provided,100.0%
2631,women,unknown,catalog-name-model,98.0%
2632,women,women,provided,100.0%
2633,women,unknown,catalog-name-model,98.0%
2634,women,unknown,catalog-name-model,98.0%
2635,men,unknown,catalog-name-model,98.0%
2636,women,unknown,image-review,90.0%
2637,women,unknown,catalog-name-model,98.0%
2638,women,women,provided,100.0%
2639,women,women,provided,100.0%
2640,women,women,provided,100.0%
2641,women,unknown,name-explicit,99.0%
2642,women,women,provided,100.0%
2643,men,men,provided,100.0%
2644,men,men,provided,100.0%
2645,women,women,provided,100.0%
2646,women,women,provided,100.0%
2647,women,women,provided,100.0%
2648,women,women,provided,100.0%
2649,women,women,provided,100.0%
2650,women,women,provided,100.0%
2651,women,women,provided,100.0%
2652,women,women,provided,100.0%
2653,women,women,provided,100.0%
2654,women,unknown,catalog-name-model,97.1%
2655,women,women,provided,100.0%
2656,women,women,provided,100.0%
2657,women,women,provided,100.0%
2658,women,women,provided,100.0%
2659,women,women,provided,100.0%
2660,women,women,provided,100.0%
2661,women,unknown,catalog-name-model,98.0%
2662,women,unknown,catalog-name-model,98.0%
2663,women,unknown,catalog-name-model,92.0%
2664,women,women,provided,100.0%
2665,women,women,provided,100.0%
2666,women,women,provided,100.0%
2667,women,women,provided,100.0%
2668,women,women,provided,100.0%
2669,women,women,provided,100.0%
2670,women,unknown,catalog-name-model,98.0%
2671,women,women,provided,100.0%
2672,men,men,provided,100.0%
2673,men,men,provided,100.0%
2674,women,unknown,catalog-name-model,98.0%
2675,women,unknown,catalog-name-model,98.0%
2676,women,unknown,catalog-name-model,98.0%
2677,women,women,provided,100.0%
2678,women,unknown,catalog-name-model,98.0%
2679,women,women,provided,100.0%
2680,women,women,provided,100.0%
2681,women,women,provided,100.0%
2682,men,men,provided,100.0%
2683,women,women,provided,100.0%
2684,women,women,provided,100.0%
2685,women,unknown,catalog-name-model,98.0%
2686,women,women,provided,100.0%
2687,women,unknown,catalog-name-model,98.0%
2688,women,unknown,catalog-name-model,98.0%
2689,women,women,provided,100.0%
2690,women,unknown,catalog-name-model,98.0%
2691,women,unknown,catalog-name-model,98.0%
2692,women,women,provided,100.0%
2693,women,unknown,catalog-name-model,96.9%
2694,women,unknown,image-review,90.0%
2695,women,unknown,catalog-name-model,98.0%
2696,women,women,provided,100.0%
2697,women,unknown,catalog-name-model,98.0%
2698,women,unknown,catalog-name-model,94.4%
2699,men,men,provided,100.0%
2700,women,women,provided,100.0%
2701,women,women,provided,100.0%
2702,women,unknown,catalog-name-model,98.0%
2703,women,unknown,catalog-name-model,97.0%
2704,women,women,provided,100.0%
2705,women,unknown,image-review,90.0%
2706,women,women,provided,100.0%
2707,women,unknown,catalog-name-model,97.0%
2708,women,women,provided,100.0%
2709,women,unknown,catalog-name-model,98.0%
2710,women,women,provided,100.0%
2711,women,women,provided,100.0%
2712,women,unknown,image-review,90.0%
2713,women,women,provided,100.0%
2714,women,women,provided,100.0%
2715,women,women,provided,100.0%
2716,women,women,provided,100.0%
2717,women,women,provided,100.0%
2718,women,women,provided,100.0%
2719,women,women,provided,100.0%
2720,women,women,provided,100.0%
2721,women,women,provided,100.0%
2722,women,women,provided,100.0%
2723,women,women,provided,100.0%
2724,women,women,provided,100.0%
2725,women,women,provided,100.0%
2726,women,women,provided,100.0%
2727,women,women,provided,100.0%
2728,women,women,provided,100.0%
2729,women,women,provided,100.0%
2730,women,women,provided,100.0%
2731,women,women,provided,100.0%
2732,women,women,provided,100.0%
2733,women,women,provided,100.0%
2734,women,women,provided,100.0%
2735,women,women,provided,100.0%
2736,women,women,provided,100.0%
2737,women,unknown,catalog-name-model,98.0%
2738,women,women,provided,100.0%
2739,women,unknown,catalog-name-model,98.0%
2740,women,unknown,image-review,90.0%
2741,men,men,provided,100.0%
2742,women,women,provided,100.0%
2743,men,men,provided,100.0%
2744,women,unknown,catalog-name-model,98.0%
2745,women,women,provided,100.0%
2746,women,women,provided,100.0%
2747,women,women,provided,100.0%
2748,women,women,provided,100.0%
2749,women,women,provided,100.0%
2750,women,women,provided,100.0%
2751,women,women,provided,100.0%
2752,women,women,provided,100.0%
2753,women,women,provided,100.0%
2754,women,women,provided,100.0%
2755,women,women,provided,100.0%
2756,women,women,provided,100.0%
2757,women,women,provided,100.0%
2758,women,women,provided,100.0%
2759,women,women,provided,100.0%
2760,women,women,provided,100.0%
2761,women,women,provided,100.0%
2762,women,women,provided,100.0%
2763,women,women,provided,100.0%
2764,women,unknown,catalog-name-model,98.0%
2765,women,women,provided,100.0%
2766,women,women,provided,100.0%
2767,women,women,provided,100.0%
2768,women,women,provided,100.0%
2769,women,women,provided,100.0%
2770,women,women,provided,100.0%
2771,women,women,provided,100.0%
2772,men,unknown,catalog-name-model,98.0%
2773,women,women,provided,100.0%
2774,women,women,provided,100.0%
2775,women,unknown,catalog-name-model,98.0%
2776,women,unknown,catalog-name-model,93.1%
2777,women,unknown,image-review,90.0%
2778,women,unknown,catalog-name-model,98.0%
2779,women,women,provided,100.0%
2780,women,unknown,catalog-name-model,95.2%
2781,women,unknown,catalog-name-model,98.0%
2782,men,unknown,image-review,90.0%
2783,men,men,provided,100.0%
2784,women,women,provided,100.0%
2785,men,unknown,image-review,90.0%
2786,men,men,provided,100.0%
2787,women,women,provided,100.0%
2788,women,unknown,image-review,90.0%
2789,women,women,provided,100.0%
2790,men,unknown,image-review,90.0%
2791,women,unknown,catalog-name-model,91.9%
2792,men,men,provided,100.0%
2793,women,unknown,image-review,90.0%
2794,men,men,provided,100.0%
2795,women,unknown,image-review,90.0%
2796,women,unknown,catalog-name-model,94.0%
2797,women,unknown,image-review,90.0%
2798,women,unknown,catalog-name-model,96.5%
2799,women,unknown,image-review,90.0%
2800,men,men,provided,100.0%
2801,women,women,provided,100.0%
2802,women,women,provided,100.0%
2803,women,women,provided,100.0%
2804,women,women,provided,100.0%
2805,women,women,provided,100.0%
2806,women,women,provided,100.0%
2807,women,women,provided,100.0%
2808,women,women,provided,100.0%
2809,men,men,provided,100.0%
2810,women,unknown,catalog-name-model,96.8%
2811,women,unknown,catalog-name-model,93.6%
2812,women,unknown,catalog-name-model,98.0%
2813,women,unknown,catalog-name-model,98.0%
2814,women,unknown,catalog-name-model,98.0%
2815,women,unknown,catalog-name-model,98.0%
2816,women,unknown,catalog-name-model,98.0%
2817,women,unknown,catalog-name-model,98.0%
2818,women,unknown,catalog-name-model,98.0%
2819,women,unknown,catalog-name-model,98.0%
2820,women,women,provided,100.0%
2821,women,women,provided,100.0%
2822,women,women,provided,100.0%
2823,women,women,provided,100.0%
2824,women,women,provided,100.0%
2825,women,women,provided,100.0%
2826,women,women,provided,100.0%
2827,women,women,provided,100.0%
2828,women,women,provided,100.0%
2829,women,women,provided,100.0%
2830,women,women,provided,100.0%
2831,women,women,provided,100.0%
2832,women,women,provided,100.0%
2833,women,women,provided,100.0%
2834,women,unknown,catalog-name-model,98.0%
2835,women,unknown,catalog-name-model,97.5%
2836,women,unknown,image-review,90.0%
2837,women,women,provided,100.0%
2838,women,women,provided,100.0%
2839,women,women,provided,100.0%
2840,women,women,provided,100.0%
2841,women,women,provided,100.0%
2842,women,women,provided,100.0%
2843,women,women,provided,100.0%
2844,women,women,provided,100.0%
2845,women,women,provided,100.0%
2846,men,men,provided,100.0%
2847,men,men,provided,100.0%
2848,men,men,provided,100.0%
2849,women,unknown,image-review,90.0%
2850,women,women,provided,100.0%
2851,women,women,provided,100.0%
2852,women,women,provided,100.0%
2853,women,women,provided,100.0%
2854,men,men,provided,100.0%
2855,men,men,provided,100.0%
2856,men,men,provided,100.0%
2857,men,men,provided,100.0%
2858,men,men,provided,100.0%
2859,men,unknown,catalog-name-model,98.0%
2860,women,women,provided,100.0%
2861,women,women,provided,100.0%
2862,unisex,unisex,provided,100.0%
2863,women,women,provided,100.0%
2864,women,women,provided,100.0%
2865,women,women,provided,100.0%
2866,women,women,provided,100.0%
2867,women,women,provided,100.0%
2868,women,women,provided,100.0%
2869,women,women,provided,100.0%
2870,women,women,provided,100.0%
2871,women,women,provided,100.0%
2872,women,women,provided,100.0%
2873,women,women,provided,100.0%
2874,women,women,provided,100.0%
2875,women,women,provided,100.0%
2876,women,women,provided,100.0%
2877,women,women,provided,100.0%
2878,women,women,provided,100.0%
2879,women,women,provided,100.0%
2880,women,women,provided,100.0%
2881,men,men,provided,100.0%
2882,men,men,provided,100.0%
2883,men,men,provided,100.0%
2884,men,men,provided,100.0%
2885,men,unknown,image-review,90.0%
2886,women,unknown,catalog-name-model,98.0%
2887,men,men,provided,100.0%
2888,men,men,provided,100.0%
2889,women,women,provided,100.0%
2890,women,women,provided,100.0%
2891,women,women,provided,100.0%
2892,women,unknown,catalog-name-model,98.0%
2893,women,women,provided,100.0%
2894,women,unknown,catalog-name-model,98.0%
2895,women,women,provided,100.0%
2896,women,women,provided,100.0%
2897,women,women,provided,100.0%
2898,women,women,provided,100.0%
2899,women,women,provided,100.0%
2900,men,men,provided,100.0%
2901,women,women,provided,100.0%
2902,women,women,provided,100.0%
2903,women,women,provided,100.0%
2904,women,unknown,catalog-name-model,98.0%
2905,women,unknown,image-review,90.0%
2906,men,men,provided,100.0%
2907,men,unknown,image-review,90.0%
2908,women,women,provided,100.0%
2909,women,women,provided,100.0%
2910,women,women,provided,100.0%
2911,women,women,provided,100.0%
2912,men,men,provided,100.0%
2913,men,men,provided,100.0%
2914,women,unknown,catalog-name-model,95.2%
2915,men,unknown,catalog-name-model,92.4%
2916,men,men,provided,100.0%
2917,women,unknown,image-review,90.0%
2918,women,unknown,image-review,90.0%
2919,women,women,provided,100.0%
2920,women,women,provided,100.0%
2921,women,women,provided,100.0%
2922,women,women,provided,100.0%
2923,women,women,provided,100.0%
2924,women,women,provided,100.0%
2925,women,women,provided,100.0%
2926,women,women,provided,100.0%
2927,women,women,provided,100.0%
2928,women,women,provided,100.0%
2929,women,women,provided,100.0%
2930,women,women,provided,100.0%
2931,women,women,provided,100.0%
2932,women,women,provided,100.0%
2933,women,unknown,catalog-name-model,98.0%
2934,men,men,provided,100.0%
2935,men,men,provided,100.0%
2936,men,unknown,catalog-name-model,98.0%
2937,men,men,provided,100.0%
2938,men,men,provided,100.0%
2939,men,men,provided,100.0%
2940,men,men,provided,100.0%
2941,men,men,provided,100.0%
2942,men,men,provided,100.0%
2943,men,men,provided,100.0%
2944,men,men,provided,100.0%
2945,men,men,provided,100.0%
2946,men,men,provided,100.0%
2947,men,unknown,catalog-name-model,98.0%
2948,men,unknown,catalog-name-model,97.6%
2949,men,men,provided,100.0%
2950,men,unknown,catalog-name-model,98.0%
2951,men,men,provided,100.0%
2952,men,men,provided,100.0%
2953,men,men,provided,100.0%
2954,men,men,provided,100.0%
2955,men,men,provided,100.0%
2956,men,unknown,catalog-name-model,97.7%
2957,men,men,provided,100.0%
2958,men,men,provided,100.0%
2959,men,men,provided,100.0%
2960,men,men,provided,100.0%
2961,men,men,provided,100.0%
2962,men,men,provided,100.0%
2963,men,men,provided,100.0%
2964,men,men,provided,100.0%
2965,men,men,provided,100.0%
2966,men,men,provided,100.0%
2967,men,men,provided,100.0%
2968,men,men,provided,100.0%
2969,men,men,provided,100.0%
2970,men,men,provided,100.0%
2971,men,men,provided,100.0%
2972,men,men,provided,100.0%
2973,men,men,provided,100.0%
2974,women,women,provided,100.0%
2975,men,men,provided,100.0%
2976,men,men,provided,100.0%
2977,men,men,provided,100.0%
2978,men,men,provided,100.0%
2979,men,men,provided,100.0%
2980,men,men,provided,100.0%
2981,men,men,provided,100.0%
2982,men,men,provided,100.0%
2983,men,men,provided,100.0%
2984,men,men,provided,100.0%
2985,men,men,provided,100.0%
2986,men,unknown,catalog-name-model,98.0%
2987,men,men,provided,100.0%
2988,men,men,provided,100.0%
2989,men,men,provided,100.0%
2990,men,men,provided,100.0%
2991,men,men,provided,100.0%
2992,men,men,provided,100.0%
2993,men,men,provided,100.0%
2994,men,unknown,catalog-name-model,98.0%
2995,men,unknown,catalog-name-model,98.0%
2996,unisex,unisex,provided,100.0%
2997,men,men,provided,100.0%
2998,men,men,provided,100.0%
2999,men,men,provided,100.0%
3000,unisex,unisex,provided,100.0%
3001,men,men,provided,100.0%
3002,men,men,provided,100.0%
3003,women,unknown,image-review,90.0%
3004,men,men,provided,100.0%
3005,men,men,provided,100.0%
3006,men,men,provided,100.0%
3007,men,men,provided,100.0%
3008,men,men,provided,100.0%
3009,men,men,provided,100.0%
3010,men,men,provided,100.0%
3011,men,men,provided,100.0%
3012,men,men,provided,100.0%
3013,men,men,provided,100.0%
3014,men,unknown,catalog-name-model,98.0%
3015,men,men,provided,100.0%
3016,men,men,provided,100.0%
3017,men,men,provided,100.0%
3018,men,men,provided,100.0%
3019,men,men,provided,100.0%
3020,men,men,provided,100.0%
3021,men,men,provided,100.0%
3022,men,men,provided,100.0%
3023,men,men,provided,100.0%
3024,men,unknown,catalog-name-model,98.0%
3025,men,men,provided,100.0%
3026,men,men,provided,100.0%
3027,men,men,provided,100.0%
3028,men,men,provided,100.0%
3029,men,men,provided,100.0%
3030,men,men,provided,100.0%
3031,men,men,provided,100.0%
3033,men,men,provided,100.0%
3034,men,men,provided,100.0%
3035,men,men,provided,100.0%
3036,men,men,provided,100.0%
3037,men,men,provided,100.0%
3038,men,men,provided,100.0%
3039,men,men,provided,100.0%
3040,men,men,provided,100.0%
3041,men,men,provided,100.0%
3042,men,men,provided,100.0%
3043,men,men,provided,100.0%
3044,men,men,provided,100.0%
3045,men,men,provided,100.0%
3046,men,men,provided,100.0%
3047,men,men,provided,100.0%
3048,men,men,provided,100.0%
3049,men,men,provided,100.0%
3050,men,men,provided,100.0%
3051,men,men,provided,100.0%
3052,men,men,provided,100.0%
3053,men,men,provided,100.0%
3054,men,men,provided,100.0%
3055,men,men,provided,100.0%
3056,men,men,provided,100.0%
3057,men,men,provided,100.0%
3058,men,men,provided,100.0%
3059,men,men,provided,100.0%
3060,men,men,provided,100.0%
3061,men,men,provided,100.0%
3062,men,men,provided,100.0%
3063,men,men,provided,100.0%
3064,men,men,provided,100.0%
3065,men,men,provided,100.0%
3066,men,men,provided,100.0%
3067,men,men,provided,100.0%
3068,men,men,provided,100.0%
3069,men,men,provided,100.0%
3070,men,men,provided,100.0%
3071,men,men,provided,100.0%
3072,men,men,provided,100.0%
3073,men,men,provided,100.0%
3074,men,men,provided,100.0%
3075,men,unknown,catalog-name-model,98.0%
3076,men,men,provided,100.0%
3077,men,men,provided,100.0%
3078,men,men,provided,100.0%
3079,men,men,provided,100.0%
3080,men,men,provided,100.0%
3081,men,men,provided,100.0%
3082,men,men,provided,100.0%
3083,men,men,provided,100.0%
3084,men,men,provided,100.0%
3085,men,men,provided,100.0%
3086,men,men,provided,100.0%
3087,men,unknown,catalog-name-model,98.0%
3088,men,unknown,catalog-name-model,98.0%
3089,men,unknown,name-explicit,99.0%
3090,men,unknown,catalog-name-model,98.0%
3091,men,men,provided,100.0%
3092,men,men,provided,100.0%
3093,men,men,provided,100.0%
3094,men,unknown,catalog-name-model,95.3%
3095,men,men,provided,100.0%
3096,men,unknown,catalog-name-model,98.0%
3097,men,unknown,catalog-name-model,98.0%
3098,men,unknown,catalog-name-model,98.0%
3099,men,unknown,catalog-name-model,98.0%
3100,men,unknown,catalog-name-model,98.0%
3101,men,unknown,catalog-name-model,98.0%
3102,men,men,provided,100.0%
3103,men,men,provided,100.0%
3104,men,men,provided,100.0%
3105,men,men,provided,100.0%
3106,men,men,provided,100.0%
3107,men,men,provided,100.0%
3108,men,men,provided,100.0%
3109,men,men,provided,100.0%
3110,women,women,provided,100.0%
3111,men,men,provided,100.0%
3112,men,men,provided,100.0%
3113,men,men,provided,100.0%
3114,men,unknown,catalog-name-model,95.3%
3115,men,men,provided,100.0%
3116,women,unknown,catalog-name-model,98.0%
3117,women,unknown,catalog-name-model,98.0%
3118,women,unknown,catalog-name-model,98.0%
3120,women,women,provided,100.0%
3121,women,women,provided,100.0%
3122,women,women,provided,100.0%
3123,women,women,provided,100.0%
3124,women,women,provided,100.0%
3125,men,men,provided,100.0%
3126,women,unknown,catalog-name-model,98.0%
3127,women,unknown,catalog-name-model,98.0%
3128,women,unknown,catalog-name-model,98.0%
3129,women,unknown,catalog-name-model,98.0%
3130,women,unknown,catalog-name-model,98.0%
3131,women,women,provided,100.0%
3132,women,women,provided,100.0%
3133,women,women,provided,100.0%
3134,women,women,provided,100.0%
3135,women,women,provided,100.0%
3136,women,women,provided,100.0%
3137,women,women,provided,100.0%
3138,women,women,provided,100.0%
3139,women,women,provided,100.0%
3140,women,women,provided,100.0%
3141,women,women,provided,100.0%
3142,women,women,provided,100.0%
3143,women,women,provided,100.0%
3144,women,unknown,catalog-name-model,98.0%
3145,women,unknown,catalog-name-model,98.0%
3146,women,unknown,catalog-name-model,98.0%
3147,women,unknown,catalog-name-model,98.0%
3148,women,unknown,catalog-name-model,98.0%
3149,women,women,provided,100.0%
3150,women,women,provided,100.0%
3151,women,women,provided,100.0%
3152,women,women,provided,100.0%
3153,women,women,provided,100.0%
3154,women,women,provided,100.0%
3155,women,unknown,catalog-name-model,98.0%
3156,women,women,provided,100.0%
3157,women,women,provided,100.0%
3158,women,women,provided,100.0%
3159,women,women,provided,100.0%
3160,women,women,provided,100.0%
3161,women,women,provided,100.0%
3162,women,unknown,catalog-name-model,98.0%
3163,women,unknown,catalog-name-model,98.0%
3164,women,unknown,catalog-name-model,98.0%
3165,women,women,provided,100.0%
3166,women,women,provided,100.0%
3167,women,women,provided,100.0%
3168,women,unknown,catalog-name-model,98.0%
3169,women,unknown,catalog-name-model,97.0%
3170,women,unknown,catalog-name-model,98.0%
3171,women,women,provided,100.0%
3172,women,women,provided,100.0%
3173,women,women,provided,100.0%
3174,women,women,provided,100.0%
3175,women,women,provided,100.0%
3176,women,women,provided,100.0%
3177,women,unknown,catalog-name-model,98.0%
3178,women,women,provided,100.0%
3179,women,unknown,catalog-name-model,98.0%
3180,women,women,provided,100.0%
3181,women,women,provided,100.0%
3182,women,women,provided,100.0%
3183,women,women,provided,100.0%
3184,women,unknown,catalog-name-model,98.0%
3185,women,women,provided,100.0%
3186,women,women,provided,100.0%
3187,women,women,provided,100.0%
3188,women,women,provided,100.0%
3189,women,women,provided,100.0%
3190,women,women,provided,100.0%
3191,women,women,provided,100.0%
3192,women,women,provided,100.0%
3193,women,women,provided,100.0%
3194,women,women,provided,100.0%
3195,women,unknown,catalog-name-model,98.0%
3196,women,women,provided,100.0%
3197,women,women,provided,100.0%
3198,women,unknown,catalog-name-model,98.0%
3199,women,women,provided,100.0%
3200,women,women,provided,100.0%
3201,women,women,provided,100.0%
3202,women,unknown,catalog-name-model,98.0%
3203,women,women,provided,100.0%
3204,women,women,provided,100.0%
3205,women,women,provided,100.0%
3206,women,women,provided,100.0%
3207,women,women,provided,100.0%
3208,women,unknown,catalog-name-model,98.0%
3209,women,women,provided,100.0%
3210,women,unknown,catalog-name-model,98.0%
3211,women,women,provided,100.0%
3212,women,women,provided,100.0%
3213,women,women,provided,100.0%
3214,women,women,provided,100.0%
3215,women,unknown,catalog-name-model,98.0%
3216,women,women,provided,100.0%
3217,women,women,provided,100.0%
3218,women,women,provided,100.0%
3219,women,women,provided,100.0%
3220,women,women,provided,100.0%
3221,women,women,provided,100.0%
3222,women,women,provided,100.0%
3223,women,women,provided,100.0%
3224,women,women,provided,100.0%
3225,women,women,provided,100.0%
3226,women,women,provided,100.0%
3227,women,women,provided,100.0%
3228,women,unknown,catalog-name-model,98.0%
3229,women,women,provided,100.0%
3230,women,women,provided,100.0%
3231,women,women,provided,100.0%
3232,women,women,provided,100.0%
3233,women,unknown,catalog-name-model,98.0%
3234,women,women,provided,100.0%
3235,women,women,provided,100.0%
3236,women,women,provided,100.0%
3237,women,women,provided,100.0%
3238,men,men,provided,100.0%
3240,women,unknown,catalog-name-model,98.0%
3241,women,unknown,catalog-name-model,98.0%
3242,women,unknown,catalog-name-model,98.0%
3243,women,women,provided,100.0%
3244,women,women,provided,100.0%
3245,women,women,provided,100.0%
3246,women,women,provided,100.0%
3247,women,unknown,catalog-name-model,98.0%
3248,women,unknown,catalog-name-model,98.0%
3249,women,women,provided,100.0%
3250,women,unknown,catalog-name-model,98.0%
3251,women,women,provided,100.0%
3252,women,unknown,catalog-name-model,98.0%
3253,women,women,provided,100.0%
3254,women,unknown,catalog-name-model,98.0%
3255,women,unknown,catalog-name-model,98.0%
3256,women,unknown,catalog-name-model,98.0%
3257,women,unknown,catalog-name-model,98.0%
3258,women,women,provided,100.0%
3259,women,unknown,catalog-name-model,98.0%
3260,women,unknown,catalog-name-model,98.0%
3261,women,women,provided,100.0%
3262,women,women,provided,100.0%
3263,women,women,provided,100.0%
3264,women,women,provided,100.0%
3265,women,women,provided,100.0%
3266,women,women,provided,100.0%
3267,women,women,provided,100.0%
3268,women,women,provided,100.0%
3269,women,women,provided,100.0%
3270,women,women,provided,100.0%
3271,women,unknown,catalog-name-model,98.0%
3272,women,unknown,catalog-name-model,98.0%
3273,women,women,provided,100.0%
3274,women,women,provided,100.0%
3275,women,women,provided,100.0%
3276,women,unknown,catalog-name-model,98.0%
3277,women,women,provided,100.0%
3278,women,unknown,catalog-name-model,98.0%
3279,men,men,provided,100.0%
3280,women,women,provided,100.0%
3281,women,unknown,catalog-name-model,98.0%
3282,women,women,provided,100.0%
3283,women,women,provided,100.0%
3284,women,women,provided,100.0%
3285,women,unknown,catalog-name-model,98.0%
3286,women,women,provided,100.0%
3287,women,unknown,catalog-name-model,98.0%
3288,women,unknown,catalog-name-model,98.0%
3289,women,unknown,catalog-name-model,98.0%
3290,women,women,provided,100.0%
3291,women,women,provided,100.0%
3292,women,women,provided,100.0%
3293,women,unknown,catalog-name-model,98.0%
3294,women,women,provided,100.0%
3295,women,women,provided,100.0%
3296,women,women,provided,100.0%
3297,women,unknown,catalog-name-model,98.0%
3298,women,unknown,catalog-name-model,98.0%
3299,women,women,provided,100.0%
3300,women,women,provided,100.0%
3301,women,women,provided,100.0%
3302,women,women,provided,100.0%
3303,women,women,provided,100.0%
3304,women,women,provided,100.0%
3305,women,unknown,catalog-name-model,98.0%
3306,women,unknown,catalog-name-model,98.0%
3307,women,unknown,catalog-name-model,98.0%
3308,women,unknown,catalog-name-model,98.0%
3309,women,unknown,catalog-name-model,98.0%
3310,women,unknown,catalog-name-model,98.0%
3311,women,unknown,catalog-name-model,98.0%
3312,women,unknown,catalog-name-model,98.0%
3313,women,women,provided,100.0%
3314,women,women,provided,100.0%
3315,women,women,provided,100.0%
3316,women,women,provided,100.0%
3317,women,women,provided,100.0%
3318,women,women,provided,100.0%
3319,women,women,provided,100.0%
3320,women,unknown,catalog-name-model,98.0%
3321,women,women,provided,100.0%
3322,women,unknown,garment-type,92.0%
3323,women,women,provided,100.0%
3324,women,women,provided,100.0%
3325,women,unknown,catalog-name-model,98.0%
3326,women,unknown,catalog-name-model,98.0%
3327,women,women,provided,100.0%
3328,women,unknown,catalog-name-model,98.0%
3329,women,women,provided,100.0%
3330,women,unknown,catalog-name-model,98.0%
3331,women,unknown,catalog-name-model,93.3%
3332,women,women,provided,100.0%
3333,women,unknown,catalog-name-model,98.0%
3334,women,unknown,catalog-name-model,98.0%
3335,women,unknown,catalog-name-model,98.0%
3336,women,women,provided,100.0%
3337,women,women,provided,100.0%
3338,women,unknown,catalog-name-model,98.0%
3339,women,women,provided,100.0%
3340,women,women,provided,100.0%
3341,women,women,provided,100.0%
3342,women,women,provided,100.0%
3343,women,unknown,catalog-name-model,98.0%
3344,women,unknown,catalog-name-model,98.0%
3345,women,women,provided,100.0%
3346,women,women,provided,100.0%
3347,women,unknown,catalog-name-model,98.0%
3348,women,women,provided,100.0%
3349,women,unknown,catalog-name-model,98.0%
3350,women,unknown,catalog-name-model,98.0%
3351,women,unknown,catalog-name-model,98.0%
3352,women,unknown,catalog-name-model,98.0%
3353,women,unknown,catalog-name-model,98.0%
3354,women,women,provided,100.0%
3355,women,women,provided,100.0%
3356,women,women,provided,100.0%
3357,women,women,provided,100.0%
3358,women,women,provided,100.0%
3359,women,women,provided,100.0%
3360,women,women,provided,100.0%
3361,women,women,provided,100.0%
3362,women,women,provided,100.0%
3363,women,women,provided,100.0%
3364,women,women,provided,100.0%
3365,women,women,provided,100.0%
3366,women,unknown,catalog-name-model,98.0%
3367,women,women,provided,100.0%
3368,women,women,provided,100.0%
3369,women,women,provided,100.0%
3370,women,unknown,catalog-name-model,98.0%
3371,women,unknown,catalog-name-model,98.0%
3372,women,unknown,catalog-name-model,98.0%
3373,women,unknown,catalog-name-model,98.0%
3374,women,unknown,catalog-name-model,98.0%
3375,women,unknown,catalog-name-model,98.0%
3376,women,women,provided,100.0%
3377,women,women,provided,100.0%
3378,women,women,provided,100.0%
3379,women,women,provided,100.0%
3380,women,women,provided,100.0%
3381,women,women,provided,100.0%
3382,women,women,provided,100.0%
3383,women,women,provided,100.0%
3384,women,women,provided,100.0%
3385,women,women,provided,100.0%
3386,women,women,provided,100.0%
3387,women,women,provided,100.0%
3388,women,women,provided,100.0%
3389,women,women,provided,100.0%
3390,women,women,provided,100.0%
3391,women,women,provided,100.0%
3392,women,women,provided,100.0%
3393,women,women,provided,100.0%
3394,women,women,provided,100.0%
3395,women,women,provided,100.0%
3396,women,women,provided,100.0%
3397,women,unknown,catalog-name-model,98.0%
3398,women,unknown,catalog-name-model,98.0%
3399,women,women,provided,100.0%
3400,women,women,provided,100.0%
3401,women,women,provided,100.0%
3402,women,women,provided,100.0%
3403,women,women,provided,100.0%
3404,women,women,provided,100.0%
3405,women,women,provided,100.0%
3406,women,women,provided,100.0%
3407,women,women,provided,100.0%
3408,women,women,provided,100.0%
3409,women,women,provided,100.0%
3410,women,women,provided,100.0%
3411,women,women,provided,100.0%
3412,women,women,provided,100.0%
3413,women,women,provided,100.0%
3414,women,women,provided,100.0%
3415,women,women,provided,100.0%
3416,women,unknown,catalog-name-model,98.0%
3417,women,unknown,catalog-name-model,98.0%
3418,women,unknown,catalog-name-model,98.0%
3419,women,unknown,catalog-name-model,98.0%
3420,women,women,provided,100.0%
3421,women,unknown,catalog-name-model,98.0%
3422,women,women,provided,100.0%
3423,women,unknown,catalog-name-model,98.0%
3424,women,unknown,image-review,90.0%
3425,women,women,provided,100.0%
3426,women,unknown,catalog-name-model,98.0%
3427,women,unknown,catalog-name-model,98.0%
3428,women,unknown,catalog-name-model,98.0%
3429,women,unknown,catalog-name-model,98.0%
3430,women,unknown,catalog-name-model,98.0%
3431,women,unknown,catalog-name-model,98.0%
3432,women,unknown,catalog-name-model,98.0%
3433,women,unknown,image-review,90.0%
3434,women,women,provided,100.0%
3435,women,women,provided,100.0%
3436,women,unknown,catalog-name-model,98.0%
3437,women,women,provided,100.0%
3438,women,women,provided,100.0%
3439,women,women,provided,100.0%
3440,women,women,provided,100.0%
3441,women,women,provided,100.0%
3442,women,unknown,catalog-name-model,98.0%
3443,women,unknown,catalog-name-model,98.0%
3444,women,women,provided,100.0%
3445,women,women,provided,100.0%
3446,women,women,provided,100.0%
3447,women,women,provided,100.0%
3448,women,unknown,catalog-name-model,98.0%
3449,women,unknown,catalog-name-model,98.0%
3450,women,unknown,catalog-name-model,98.0%
3451,women,unknown,catalog-name-model,98.0%
3452,women,unknown,catalog-name-model,98.0%
3453,women,women,provided,100.0%
3454,women,women,provided,100.0%
3455,women,women,provided,100.0%
3456,women,women,provided,100.0%
3457,women,women,provided,100.0%
3458,women,women,provided,100.0%
3459,women,women,provided,100.0%
3460,women,women,provided,100.0%
3461,women,women,provided,100.0%
3462,women,women,provided,100.0%
3463,women,women,provided,100.0%
3464,women,women,provided,100.0%
3465,women,women,provided,100.0%
3466,women,women,provided,100.0%
3467,women,unknown,catalog-name-model,98.0%
3468,women,unknown,catalog-name-model,98.0%
3469,women,women,provided,100.0%
3470,women,women,provided,100.0%
3471,women,unknown,catalog-name-model,98.0%
3472,women,unknown,catalog-name-model,98.0%
3473,women,women,provided,100.0%
3474,women,unknown,catalog-name-model,98.0%
3475,women,unknown,catalog-name-model,98.0%
3476,women,unknown,catalog-name-model,98.0%
3477,women,women,provided,100.0%
3478,women,unknown,catalog-name-model,98.0%
3479,women,women,provided,100.0%
3480,women,women,provided,100.0%
3481,women,unknown,catalog-name-model,98.0%
3482,women,unknown,catalog-name-model,98.0%
3483,women,unknown,catalog-name-model,98.0%
3484,women,women,provided,100.0%
3485,women,women,provided,100.0%
3486,women,unknown,catalog-name-model,98.0%
3487,women,unknown,catalog-name-model,98.0%
3488,women,women,provided,100.0%
3489,women,women,provided,100.0%
3490,women,unknown,catalog-name-model,98.0%
3491,women,unknown,catalog-name-model,98.0%
3492,women,unknown,catalog-name-model,98.0%
3493,women,unknown,catalog-name-model,98.0%
3494,women,unknown,catalog-name-model,98.0%
3495,women,women,provided,100.0%
3496,women,women,provided,100.0%
3497,women,women,provided,100.0%
3498,women,women,provided,100.0%
3499,women,women,provided,100.0%
3500,women,women,provided,100.0%
3501,women,women,provided,100.0%
3502,women,women,provided,100.0%
3503,women,women,provided,100.0%
3504,women,women,provided,100.0%
3505,women,unknown,catalog-name-model,98.0%
3506,women,unknown,catalog-name-model,98.0%
3507,women,unknown,catalog-name-model,98.0%
3508,women,women,provided,100.0%
3509,unisex,unisex,provided,100.0%
3510,men,men,provided,100.0%
3511,women,women,provided,100.0%
3512,women,women,provided,100.0%
3513,men,unknown,catalog-name-model,98.0%
3514,women,unknown,catalog-name-model,98.0%
3515,women,women,provided,100.0%
3516,men,men,provided,100.0%
3517,men,men,provided,100.0%
3518,men,men,provided,100.0%
3519,men,unknown,catalog-name-model,98.0%
3520,men,men,provided,100.0%
3521,men,men,provided,100.0%
3522,men,men,provided,100.0%
3523,women,women,provided,100.0%
3524,women,women,provided,100.0%
3525,men,men,provided,100.0%
3526,men,men,provided,100.0%
3527,men,men,provided,100.0%
3528,men,men,provided,100.0%
3529,men,men,provided,100.0%
3530,men,unknown,catalog-name-model,98.0%
3531,men,unknown,catalog-name-model,98.0%
3532,men,men,provided,100.0%
3533,men,men,provided,100.0%
3534,men,men,provided,100.0%
3535,men,men,provided,100.0%
3536,women,women,provided,100.0%
3537,women,women,provided,100.0%
3538,men,men,provided,100.0%
3539,men,men,provided,100.0%
3540,women,women,provided,100.0%
3541,men,men,provided,100.0%
3542,men,unknown,image-review,90.0%
3543,women,unknown,image-review,90.0%
3544,men,unknown,catalog-name-model,95.6%
3545,men,unknown,image-review,90.0%
3546,men,men,provided,100.0%
3547,women,women,provided,100.0%
3548,men,men,provided,100.0%
3549,men,men,provided,100.0%
3550,men,men,provided,100.0%
3551,men,unknown,catalog-name-model,98.0%
3552,unisex,unknown,image-review,75.0%
3553,men,men,provided,100.0%
3554,men,unknown,catalog-name-model,98.0%
3555,men,men,provided,100.0%
3556,men,men,provided,100.0%
3557,women,women,provided,100.0%
3558,men,men,provided,100.0%
3559,men,men,provided,100.0%
3560,men,men,provided,100.0%
3561,men,unknown,catalog-name-model,98.0%
3562,men,unknown,catalog-name-model,98.0%
3563,men,men,provided,100.0%
3564,men,men,provided,100.0%
3565,men,men,provided,100.0%
3566,men,unknown,catalog-name-model,98.0%
3567,men,unknown,catalog-name-model,98.0%
3568,men,men,provided,100.0%
3569,men,men,provided,100.0%
3570,men,men,provided,100.0%
3571,men,men,provided,100.0%
3572,men,men,provided,100.0%
3573,men,men,provided,100.0%
3574,men,men,provided,100.0%
3575,men,men,provided,100.0%
3576,men,men,provided,100.0%
3577,men,men,provided,100.0%
3578,men,men,provided,100.0%
3579,men,men,provided,100.0%
3580,men,men,provided,100.0%
3581,men,men,provided,100.0%
3582,men,men,provided,100.0%
3583,men,men,provided,100.0%
3584,men,men,provided,100.0%
3585,men,men,provided,100.0%
3586,men,men,provided,100.0%
3587,men,men,provided,100.0%
3588,men,men,provided,100.0%
3589,women,women,provided,100.0%
3590,women,women,provided,100.0%
3591,unisex,unisex,provided,100.0%
3592,men,unknown,catalog-name-model,98.0%
3593,men,men,provided,100.0%
3594,women,women,provided,100.0%
3595,men,men,provided,100.0%
3596,men,men,provided,100.0%
3597,women,women,provided,100.0%
3598,women,women,provided,100.0%
3599,men,unknown,catalog-name-model,98.0%
3600,men,men,provided,100.0%
3601,men,men,provided,100.0%
3602,men,men,provided,100.0%
3603,men,men,provided,100.0%
3604,men,men,provided,100.0%
3605,men,men,provided,100.0%
3606,men,men,provided,100.0%
3607,men,men,provided,100.0%
3608,men,men,provided,100.0%
3609,men,unknown,catalog-name-model,98.0%
3610,men,unknown,catalog-name-model,98.0%
3611,men,unknown,catalog-name-model,98.0%
3612,men,unknown,catalog-name-model,98.0%
3613,men,unknown,catalog-name-model,98.0%
3614,men,unknown,image-review,90.0%
3615,men,men,provided,100.0%
3616,men,men,provided,100.0%
3617,men,men,provided,100.0%
3618,men,men,provided,100.0%
3619,men,men,provided,100.0%
3620,women,women,provided,100.0%
3621,men,unknown,catalog-name-model,98.0%
3622,women,women,provided,100.0%
3623,men,men,provided,100.0%
3624,men,unknown,catalog-name-model,98.0%
3625,men,unknown,catalog-name-model,98.0%
3626,men,unknown,catalog-name-model,98.0%
3627,men,men,provided,100.0%
3628,men,unknown,catalog-name-model,98.0%
3629,men,men,provided,100.0%
3630,men,men,provided,100.0%
3631,men,men,provided,100.0%
3632,men,men,provided,100.0%
3633,men,men,provided,100.0%
3634,men,men,provided,100.0%
3635,men,men,provided,100.0%
3636,women,women,provided,100.0%
3637,men,men,provided,100.0%
3638,men,men,provided,100.0%
3639,men,men,provided,100.0%
3640,men,men,provided,100.0%
3641,men,men,provided,100.0%
3642,men,men,provided,100.0%
3643,men,men,provided,100.0%
3644,men,men,provided,100.0%
3645,men,men,provided,100.0%
3646,men,men,provided,100.0%
3647,men,men,provided,100.0%
3648,men,men,provided,100.0%
3649,unisex,unisex,provided,100.0%
3650,men,men,provided,100.0%
3651,men,unknown,catalog-name-model,98.0%
3652,men,men,provided,100.0%
3653,men,men,provided,100.0%
3654,men,men,provided,100.0%
3655,men,men,provided,100.0%
3656,men,unknown,catalog-name-model,98.0%
3657,women,women,provided,100.0%
3658,men,men,provided,100.0%
3659,men,men,provided,100.0%
3660,men,men,provided,100.0%
3661,men,men,provided,100.0%
3662,men,men,provided,100.0%
3663,men,men,provided,100.0%
3664,men,men,provided,100.0%
3665,men,men,provided,100.0%
3666,men,men,provided,100.0%
3667,men,men,provided,100.0%
3668,men,men,provided,100.0%
3669,men,men,provided,100.0%
3670,men,men,provided,100.0%
3671,men,men,provided,100.0%
3672,men,men,provided,100.0%
3673,men,men,provided,100.0%
3674,men,men,provided,100.0%
3675,men,unknown,catalog-name-model,98.0%
3676,men,men,provided,100.0%
3677,men,men,provided,100.0%
3678,men,men,provided,100.0%
3679,men,men,provided,100.0%
3680,men,men,provided,100.0%
3681,men,men,provided,100.0%
3682,men,men,provided,100.0%
3683,men,men,provided,100.0%
3684,men,men,provided,100.0%
3685,men,men,provided,100.0%
3686,men,men,provided,100.0%
3687,men,men,provided,100.0%
3688,men,men,provided,100.0%
3689,men,men,provided,100.0%
3690,men,men,provided,100.0%
3691,men,men,provided,100.0%
3692,men,men,provided,100.0%
3693,men,men,provided,100.0%
3694,men,men,provided,100.0%
3695,men,men,provided,100.0%
3696,men,men,provided,100.0%
3697,men,men,provided,100.0%
3698,men,men,provided,100.0%
3699,men,men,provided,100.0%
3700,men,men,provided,100.0%
3701,men,men,provided,100.0%
3702,men,men,provided,100.0%
3703,men,men,provided,100.0%
3704,men,men,provided,100.0%
3705,men,men,provided,100.0%
3706,men,men,provided,100.0%
3707,men,men,provided,100.0%
3708,men,men,provided,100.0%
3709,men,men,provided,100.0%
3710,men,men,provided,100.0%
3711,men,men,provided,100.0%
3712,men,unknown,catalog-name-model,98.0%
3713,men,men,provided,100.0%
3714,men,men,provided,100.0%
3715,men,men,provided,100.0%
3716,men,men,provided,100.0%
3717,men,men,provided,100.0%
3718,men,men,provided,100.0%
3719,men,men,provided,100.0%
3720,men,men,provided,100.0%
3721,men,men,provided,100.0%
3722,men,men,provided,100.0%
3723,men,men,provided,100.0%
3724,men,men,provided,100.0%
3725,men,men,provided,100.0%
3726,unisex,unisex,provided,100.0%
3727,men,men,provided,100.0%
3728,men,men,provided,100.0%
3729,men,men,provided,100.0%
3730,men,men,provided,100.0%
3731,men,men,provided,100.0%
3732,men,men,provided,100.0%
3733,men,men,provided,100.0%
3734,men,men,provided,100.0%
3735,men,men,provided,100.0%
3736,men,men,provided,100.0%
3737,men,unknown,catalog-name-model,98.0%
3738,men,men,provided,100.0%
3739,men,men,provided,100.0%
3740,men,men,provided,100.0%
3741,men,men,provided,100.0%
3742,men,men,provided,100.0%
3743,men,men,provided,100.0%
3744,unisex,unisex,provided,100.0%
3745,men,men,provided,100.0%
3746,women,women,provided,100.0%
3747,men,men,provided,100.0%
3748,men,men,provided,100.0%
3749,men,men,provided,100.0%
3750,men,men,provided,100.0%
3751,men,men,provided,100.0%
3752,men,men,provided,100.0%
3753,men,men,provided,100.0%
3754,men,men,provided,100.0%
3755,men,men,provided,100.0%
3756,men,men,provided,100.0%
3757,men,men,provided,100.0%
3758,men,men,provided,100.0%
3759,men,men,provided,100.0%
3760,men,men,provided,100.0%
3761,men,men,provided,100.0%
3762,men,men,provided,100.0%
3763,men,men,provided,100.0%
3764,men,men,provided,100.0%
3765,men,men,provided,100.0%
3766,men,men,provided,100.0%
3767,men,men,provided,100.0%
3768,women,women,provided,100.0%
3769,women,women,provided,100.0%
3770,men,men,provided,100.0%
3771,men,men,provided,100.0%
3772,men,men,provided,100.0%
3773,men,men,provided,100.0%
3774,men,men,provided,100.0%
3775,men,men,provided,100.0%
3776,men,men,provided,100.0%
3777,men,men,provided,100.0%
3778,men,men,provided,100.0%
3779,men,men,provided,100.0%
3780,men,men,provided,100.0%
3781,men,men,provided,100.0%
3782,men,men,provided,100.0%
3783,men,men,provided,100.0%
3784,men,men,provided,100.0%
3785,women,women,provided,100.0%
3786,men,men,provided,100.0%
3787,men,men,provided,100.0%
3788,men,men,provided,100.0%
3789,men,men,provided,100.0%
3790,men,men,provided,100.0%
3791,men,men,provided,100.0%
3792,men,men,provided,100.0%
3793,men,men,provided,100.0%
3794,men,men,provided,100.0%
3795,men,unknown,catalog-name-model,98.0%
3796,men,men,provided,100.0%
3797,men,men,provided,100.0%
3798,men,men,provided,100.0%
3799,men,men,provided,100.0%
3800,men,men,provided,100.0%
3801,men,men,provided,100.0%
3802,men,men,provided,100.0%
3803,men,men,provided,100.0%
3804,men,men,provided,100.0%
3805,men,men,provided,100.0%
3806,men,men,provided,100.0%
3807,men,men,provided,100.0%
3808,men,men,provided,100.0%
3809,men,men,provided,100.0%
3810,men,men,provided,100.0%
3811,men,men,provided,100.0%
3812,men,unknown,catalog-name-model,98.0%
3813,men,men,provided,100.0%
3814,men,men,provided,100.0%
3815,men,men,provided,100.0%
3816,men,men,provided,100.0%
3817,men,men,provided,100.0%
3818,men,men,provided,100.0%
3819,men,men,provided,100.0%
3820,men,men,provided,100.0%
3821,men,men,provided,100.0%
3822,men,men,provided,100.0%
3823,men,men,provided,100.0%
3824,men,men,provided,100.0%
3825,men,men,provided,100.0%
3826,men,men,provided,100.0%
3827,men,men,provided,100.0%
3828,men,men,provided,100.0%
3829,unisex,unknown,image-review,75.0%
3830,men,men,provided,100.0%
3831,men,men,provided,100.0%
3832,men,unknown,catalog-name-model,98.0%
3833,men,men,provided,100.0%
3834,men,men,provided,100.0%
3835,men,men,provided,100.0%
3836,men,men,provided,100.0%
3837,unisex,unisex,provided,100.0%
3838,men,unknown,catalog-name-model,93.7%
3839,men,unknown,image-review,90.0%
3840,men,unknown,catalog-name-model,98.0%
3841,men,men,provided,100.0%
3842,men,men,provided,100.0%
3843,men,men,provided,100.0%
3844,women,women,provided,100.0%
3845,men,unknown,catalog-name-model,98.0%
3846,men,unknown,catalog-name-model,95.7%
3847,men,unknown,catalog-name-model,97.4%
3848,men,men,provided,100.0%
3849,men,unknown,catalog-name-model,98.0%
3850,men,men,provided,100.0%
3851,men,men,provided,100.0%
3852,men,men,provided,100.0%
3853,men,men,provided,100.0%
3854,men,men,provided,100.0%
3855,men,men,provided,100.0%
3856,men,men,provided,100.0%
3857,men,men,provided,100.0%
3858,men,unknown,catalog-name-model,98.0%
3859,men,unknown,catalog-name-model,98.0%
3860,men,men,provided,100.0%
3861,men,unknown,catalog-name-model,98.0%
3862,men,men,provided,100.0%
3863,men,men,provided,100.0%
3864,men,men,provided,100.0%
3865,men,men,provided,100.0%
3866,men,men,provided,100.0%
3867,men,men,provided,100.0%
3868,unisex,unknown,image-review,75.0%
3869,men,men,provided,100.0%
3870,men,men,provided,100.0%
3871,men,men,provided,100.0%
3872,men,men,provided,100.0%
3873,men,men,provided,100.0%
3874,men,men,provided,100.0%
3875,men,unknown,catalog-name-model,98.0%
3876,men,men,provided,100.0%
3877,men,men,provided,100.0%
3878,women,women,provided,100.0%
3879,men,men,provided,100.0%
3880,men,men,provided,100.0%
3881,men,men,provided,100.0%
3882,men,men,provided,100.0%
3883,men,men,provided,100.0%
3884,women,women,provided,100.0%
3885,men,men,provided,100.0%
3886,women,women,provided,100.0%
3887,men,unknown,catalog-name-model,98.0%
3888,men,unknown,catalog-name-model,98.0%
3889,men,men,provided,100.0%
3890,men,men,provided,100.0%
3891,men,men,provided,100.0%
3892,men,unknown,name-explicit,99.0%
3893,men,men,provided,100.0%
3894,unisex,unknown,image-review,75.0%
3895,unisex,unisex,provided,100.0%
3896,men,unknown,catalog-name-model,98.0%
3897,men,men,provided,100.0%
3898,men,men,provided,100.0%
3899,men,men,provided,100.0%
3900,women,women,provided,100.0%
3901,women,women,provided,100.0%
3902,men,unknown,image-review,90.0%
3903,men,men,provided,100.0%
3904,men,men,provided,100.0%
3905,men,men,provided,100.0%
3906,men,men,provided,100.0%
3907,men,men,provided,100.0%
3908,men,men,provided,100.0%
3909,women,women,provided,100.0%
3910,women,women,provided,100.0%
3911,men,men,provided,100.0%
3912,men,men,provided,100.0%
3913,men,men,provided,100.0%
3914,men,men,provided,100.0%
3915,men,men,provided,100.0%
3916,men,men,provided,100.0%
3917,men,men,provided,100.0%
3918,men,men,provided,100.0%
3919,men,men,provided,100.0%
3920,men,men,provided,100.0%
3921,men,unknown,catalog-name-model,98.0%
3922,men,men,provided,100.0%
3923,women,women,provided,100.0%
3924,men,men,provided,100.0%
3925,women,women,provided,100.0%
3926,men,men,provided,100.0%
3927,men,men,provided,100.0%
3928,men,men,provided,100.0%
3929,men,men,provided,100.0%
3930,women,women,provided,100.0%
3931,men,men,provided,100.0%
3932,men,men,provided,100.0%
3933,men,unknown,catalog-name-model,98.0%
3934,men,men,provided,100.0%
3935,men,men,provided,100.0%
3936,men,men,provided,100.0%
3937,men,unknown,catalog-name-model,97.7%
3938,men,men,provided,100.0%
3939,men,men,provided,100.0%
3940,men,men,provided,100.0%
3941,men,men,provided,100.0%
3942,men,men,provided,100.0%
3943,men,men,provided,100.0%
3944,men,men,provided,100.0%
3945,men,men,provided,100.0%
3946,men,men,provided,100.0%
3947,men,unknown,catalog-name-model,98.0%
3948,men,unknown,catalog-name-model,98.0%
3949,men,unknown,catalog-name-model,98.0%
3950,men,unknown,catalog-name-model,98.0%
3951,men,unknown,catalog-name-model,98.0%
3952,men,men,provided,100.0%
3953,men,men,provided,100.0%
3954,men,men,provided,100.0%
3955,men,men,provided,100.0%
3956,men,men,provided,100.0%
3957,men,unknown,catalog-name-model,98.0%
3958,men,men,provided,100.0%
3959,men,men,provided,100.0%
3960,men,men,provided,100.0%
3961,men,men,provided,100.0%
3962,men,men,provided,100.0%
3963,women,women,provided,100.0%
3964,men,men,provided,100.0%
3965,men,men,provided,100.0%
3966,men,men,provided,100.0%
3967,men,men,provided,100.0%
3968,men,men,provided,100.0%
3969,men,unknown,catalog-name-model,98.0%
3970,men,men,provided,100.0%
3971,men,unknown,catalog-name-model,98.0%
3972,men,unknown,catalog-name-model,96.1%
3973,men,unknown,catalog-name-model,98.0%
3974,men,unknown,name-explicit,99.0%
3975,men,men,provided,100.0%
3976,men,men,provided,100.0%
3977,women,women,provided,100.0%
3978,men,unknown,catalog-name-model,92.2%
3979,men,men,provided,100.0%
3980,men,men,provided,100.0%
3981,men,men,provided,100.0%
3982,men,men,provided,100.0%
3983,men,men,provided,100.0%
3984,men,men,provided,100.0%
3985,women,women,provided,100.0%
3986,men,men,provided,100.0%
3987,men,unknown,catalog-name-model,98.0%
3988,men,unknown,catalog-name-model,95.3%
3989,men,men,provided,100.0%
3990,men,men,provided,100.0%
3991,men,men,provided,100.0%
3992,women,women,provided,100.0%
3993,women,women,provided,100.0%
3994,women,women,provided,100.0%
3995,women,women,provided,100.0%
3996,men,unknown,catalog-name-model,98.0%
3997,men,men,provided,100.0%
3998,men,unknown,image-review,90.0%
3999,men,men,provided,100.0%
4000,men,men,provided,100.0%
4001,women,women,provided,100.0%
4002,women,women,provided,100.0%
4003,women,women,provided,100.0%
4004,women,women,provided,100.0%
4005,men,men,provided,100.0%
4006,men,men,provided,100.0%
4007,men,men,provided,100.0%
4008,men,men,provided,100.0%
4009,men,men,provided,100.0%
4010,women,women,provided,100.0%
4011,women,women,provided,100.0%
4012,women,women,provided,100.0%
4013,women,unknown,catalog-name-model,92.6%
4014,women,unknown,catalog-name-model,96.5%
4015,women,unknown,catalog-name-model,93.0%
4016,men,unknown,catalog-name-model,95.1%
4017,women,women,provided,100.0%
4018,women,women,provided,100.0%
4019,men,men,provided,100.0%
4020,women,unknown,catalog-name-model,97.3%
4021,women,unknown,catalog-name-model,98.0%
4022,women,unknown,image-review,90.0%
4023,men,men,provided,100.0%
4024,men,men,provided,100.0%
4025,women,unknown,image-review,90.0%
4026,women,unknown,catalog-name-model,98.0%
4027,women,unknown,catalog-name-model,98.0%
4028,women,unknown,catalog-name-model,98.0%
4029,women,unknown,catalog-name-model,98.0%
4030,women,unknown,catalog-name-model,98.0%
4031,women,unknown,catalog-name-model,98.0%
4032,women,unknown,image-review,90.0%
4033,women,women,provided,100.0%
4034,women,women,provided,100.0%
4035,men,unknown,catalog-name-model,98.0%
4036,men,men,provided,100.0%
4037,men,men,provided,100.0%
4038,women,unknown,catalog-name-model,98.0%
4039,women,unknown,catalog-name-model,98.0%
4040,women,unknown,image-review,90.0%
4041,women,unknown,image-review,90.0%
4042,unisex,unknown,image-review,75.0%
4043,women,unknown,catalog-name-model,90.3%
4044,women,unknown,image-review,90.0%
4045,women,unknown,image-review,90.0%
4046,women,unknown,catalog-name-model,98.0%
4047,unisex,unknown,image-review,75.0%
4048,men,men,provided,100.0%
4049,women,unknown,image-review,90.0%
4050,men,men,provided,100.0%
4051,men,men,provided,100.0%
4052,women,women,provided,100.0%
4053,women,women,provided,100.0%
4054,women,women,provided,100.0%
4055,women,women,provided,100.0%
4056,women,women,provided,100.0%
4057,women,women,provided,100.0%
4058,women,women,provided,100.0%
4059,women,women,provided,100.0%
4060,women,women,provided,100.0%
4061,women,women,provided,100.0%
4062,women,women,provided,100.0%
4063,women,women,provided,100.0%
4064,women,women,provided,100.0%
4065,women,women,provided,100.0%
4066,women,women,provided,100.0%
4067,women,women,provided,100.0%
4068,women,women,provided,100.0%
4069,women,women,provided,100.0%
4070,women,women,provided,100.0%
4071,women,women,provided,100.0%
4072,women,women,provided,100.0%
4073,men,unknown,catalog-name-model,98.0%
4074,men,unknown,catalog-name-model,96.6%
4075,men,men,provided,100.0%
4076,women,unknown,catalog-name-model,98.0%
4077,women,women,provided,100.0%
4078,men,unknown,catalog-name-model,98.0%
4079,women,women,provided,100.0%
4080,men,unknown,catalog-name-model,92.1%
4081,men,unknown,catalog-name-model,98.0%
4082,men,men,provided,100.0%
4083,men,men,provided,100.0%
4084,women,women,provided,100.0%
4085,women,women,provided,100.0%
4086,women,women,provided,100.0%
4087,women,women,provided,100.0%
4088,women,women,provided,100.0%
4089,women,women,provided,100.0%
4090,women,women,provided,100.0%
4091,men,unknown,catalog-name-model,98.0%
4092,men,unknown,catalog-name-model,96.6%
4093,men,men,provided,100.0%
4094,women,women,provided,100.0%
4095,women,women,provided,100.0%
4096,women,women,provided,100.0%
4097,men,men,provided,100.0%
4098,men,men,provided,100.0%
4099,men,men,provided,100.0%
4100,men,men,provided,100.0%
4101,women,women,provided,100.0%
4102,men,men,provided,100.0%
4103,men,men,provided,100.0%
4104,men,men,provided,100.0%
4105,women,women,provided,100.0%
4106,unisex,unisex,provided,100.0%
4107,women,women,provided,100.0%
4108,women,women,provided,100.0%
4109,women,women,provided,100.0%
4110,women,women,provided,100.0%
4111,men,men,provided,100.0%
4112,men,men,provided,100.0%
4113,men,men,provided,100.0%
4114,men,men,provided,100.0%
4115,men,men,provided,100.0%
4116,women,women,provided,100.0%
4117,women,women,provided,100.0%
4118,women,women,provided,100.0%
4119,men,men,provided,100.0%
4120,women,unknown,catalog-name-model,98.0%
4121,women,women,provided,100.0%
4122,women,women,provided,100.0%
4123,men,men,provided,100.0%
4124,men,men,provided,100.0%
4126,women,women,provided,100.0%
4127,women,women,provided,100.0%
4128,men,unknown,catalog-name-model,98.0%
4129,women,unknown,catalog-name-model,98.0%
4130,men,unknown,catalog-name-model,98.0%
4131,men,men,provided,100.0%
4132,men,men,provided,100.0%
4133,men,men,provided,100.0%
4134,men,men,provided,100.0%
4135,men,men,provided,100.0%
4136,men,men,provided,100.0%
4137,men,unknown,catalog-name-model,97.5%
4138,men,unknown,image-review,90.0%
4139,men,men,provided,100.0%
4140,men,unknown,catalog-name-model,98.0%
4141,men,men,provided,100.0%
4142,men,men,provided,100.0%
4143,men,men,provided,100.0%
4144,women,women,provided,100.0%
4145,women,women,provided,100.0%
4146,women,women,provided,100.0%
4147,women,unknown,image-review,90.0%
4148,men,men,provided,100.0%
4149,women,women,provided,100.0%
4150,women,women,provided,100.0%
4151,women,women,provided,100.0%
4152,women,women,provided,100.0%
4153,women,women,provided,100.0%
4154,women,women,provided,100.0%
4155,men,men,provided,100.0%
4156,men,men,provided,100.0%
4157,men,men,provided,100.0%
4158,women,women,provided,100.0%
4159,men,unknown,image-review,90.0%
4160,women,unknown,image-review,90.0%
4161,men,men,provided,100.0%
4162,men,unknown,catalog-name-model,98.0%
4163,women,women,provided,100.0%
4164,women,unknown,image-review,90.0%
4165,men,unknown,catalog-name-model,98.0%
4166,men,men,provided,100.0%
4167,men,unknown,catalog-name-model,98.0%
4168,women,unknown,catalog-name-model,98.0%
4169,women,unknown,image-review,90.0%
4170,men,unknown,image-review,90.0%
4171,women,women,provided,100.0%
4172,women,women,provided,100.0%
4173,men,men,provided,100.0%
4174,women,women,provided,100.0%
4175,men,men,provided,100.0%
4176,men,men,provided,100.0%
4177,men,men,provided,100.0%
4178,women,unknown,catalog-name-model,98.0%
4179,women,women,provided,100.0%
4180,women,women,provided,100.0%
4181,men,men,provided,100.0%
4182,women,unknown,catalog-name-model,98.0%
4183,women,women,provided,100.0%
4184,women,women,provided,100.0%
4185,women,women,provided,100.0%
4186,women,women,provided,100.0%
4187,men,men,provided,100.0%
4188,men,men,provided,100.0%
4189,men,men,provided,100.0%
4190,men,men,provided,100.0%
4191,women,women,provided,100.0%
4192,women,women,provided,100.0%
4193,women,women,provided,100.0%
4194,women,women,provided,100.0%
4195,women,women,provided,100.0%
4196,women,women,provided,100.0%
4197,women,women,provided,100.0%
4198,women,women,provided,100.0%
4199,women,unknown,catalog-name-model,98.0%
4200,women,unknown,catalog-name-model,98.0%
4201,women,unknown,catalog-name-model,98.0%
4202,women,unknown,catalog-name-model,98.0%
4203,women,unknown,catalog-name-model,98.0%
4204,women,unknown,catalog-name-model,98.0%
4205,women,unknown,catalog-name-model,98.0%
4206,women,women,provided,100.0%
4207,women,unknown,catalog-name-model,98.0%
4208,women,unknown,catalog-name-model,98.0%
4209,women,unknown,catalog-name-model,98.0%
4210,women,unknown,catalog-name-model,98.0%
4211,women,women,provided,100.0%
4212,women,unknown,catalog-name-model,98.0%
4213,women,unknown,catalog-name-model,98.0%
4214,women,women,provided,100.0%
4215,women,women,provided,100.0%
4216,women,women,provided,100.0%
4217,women,women,provided,100.0%
4218,women,women,provided,100.0%
4219,women,women,provided,100.0%
4220,women,women,provided,100.0%
4221,women,women,provided,100.0%
4222,women,women,provided,100.0%
4223,women,women,provided,100.0%
4224,women,women,provided,100.0%
4225,women,women,provided,100.0%
4226,women,unknown,catalog-name-model,98.0%
4227,women,unknown,catalog-name-model,98.0%
4228,women,women,provided,100.0%
4229,women,women,provided,100.0%
4230,women,women,provided,100.0%
4231,women,women,provided,100.0%
4232,women,women,provided,100.0%
4233,women,unknown,catalog-name-model,98.0%
4234,women,women,provided,100.0%
4235,women,unknown,catalog-name-model,98.0%
4236,women,unknown,image-review,90.0%
4237,men,unknown,catalog-name-model,98.0%
4238,women,women,provided,100.0%
4239,women,women,provided,100.0%
4240,women,women,provided,100.0%
4241,women,women,provided,100.0%
4242,women,women,provided,100.0%
4243,women,women,provided,100.0%
4244,women,women,provided,100.0%
4245,women,women,provided,100.0%
4246,women,unknown,catalog-name-model,95.5%
4247,women,unknown,catalog-name-model,98.0%
4248,women,unknown,catalog-name-model,98.0%
4249,women,unknown,catalog-name-model,98.0%
4250,women,unknown,catalog-name-model,98.0%
4251,women,unknown,catalog-name-model,98.0%
4252,women,unknown,catalog-name-model,98.0%
4253,women,women,provided,100.0%
4254,women,women,provided,100.0%
4255,women,unknown,catalog-name-model,98.0%
4256,women,unknown,catalog-name-model,98.0%
4257,women,women,provided,100.0%
4258,women,women,provided,100.0%
4259,women,women,provided,100.0%
4260,women,women,provided,100.0%
4261,women,women,provided,100.0%
4262,women,women,provided,100.0%
4263,women,unknown,catalog-name-model,96.6%
4264,women,unknown,catalog-name-model,98.0%
4265,women,women,provided,100.0%
4266,women,women,provided,100.0%
4267,women,women,provided,100.0%
4268,women,women,provided,100.0%
4269,women,women,provided,100.0%
4270,women,women,provided,100.0%
4271,women,unknown,catalog-name-model,98.0%
4272,women,women,provided,100.0%
4273,women,women,provided,100.0%
4274,women,unknown,catalog-name-model,98.0%
4275,women,unknown,catalog-name-model,98.0%
4276,women,unknown,catalog-name-model,98.0%
4277,women,women,provided,100.0%
4278,women,women,provided,100.0%
4279,women,women,provided,100.0%
4280,women,women,provided,100.0%
4281,women,unknown,catalog-name-model,98.0%
4282,women,women,provided,100.0%
4283,women,unknown,catalog-name-model,98.0%
4284,women,unknown,catalog-name-model,98.0%
4285,women,unknown,catalog-name-model,98.0%
4286,women,unknown,catalog-name-model,97.2%
4287,women,unknown,catalog-name-model,98.0%
4288,women,women,provided,100.0%
4289,women,women,provided,100.0%
4290,women,women,provided,100.0%
4291,women,women,provided,100.0%
4292,women,women,provided,100.0%
4293,women,women,provided,100.0%
4294,women,women,provided,100.0%
4295,women,women,provided,100.0%
4296,women,women,provided,100.0%
4297,women,women,provided,100.0%
4298,women,women,provided,100.0%
4299,women,women,provided,100.0%
4300,women,women,provided,100.0%
4301,women,women,provided,100.0%
4302,women,women,provided,100.0%
4303,women,unknown,catalog-name-model,98.0%
4304,women,women,provided,100.0%
4305,women,women,provided,100.0%
4306,women,unknown,catalog-name-model,98.0%
4307,women,women,provided,100.0%
4308,women,women,provided,100.0%
4309,women,women,provided,100.0%
4310,women,women,provided,100.0%
4311,women,unknown,catalog-name-model,98.0%
4312,women,women,provided,100.0%
4313,women,women,provided,100.0%
4314,women,women,provided,100.0%
4315,women,unknown,catalog-name-model,91.4%
4316,women,unknown,image-review,90.0%
4317,women,unknown,catalog-name-model,98.0%
4318,women,women,provided,100.0%
4319,women,women,provided,100.0%
4320,women,women,provided,100.0%
4321,women,women,provided,100.0%
4322,women,unknown,catalog-name-model,97.7%
4323,women,unknown,catalog-name-model,97.5%
4324,women,women,provided,100.0%
4325,women,unknown,catalog-name-model,98.0%
4326,women,women,provided,100.0%
4327,women,women,provided,100.0%
4328,women,women,provided,100.0%
4329,women,women,provided,100.0%
4330,women,women,provided,100.0%
4331,women,women,provided,100.0%
4332,women,women,provided,100.0%
4333,women,unknown,catalog-name-model,98.0%
4334,women,women,provided,100.0%
4335,women,women,provided,100.0%
4336,women,women,provided,100.0%
4337,women,women,provided,100.0%
4338,women,women,provided,100.0%
4339,women,women,provided,100.0%
4340,women,women,provided,100.0%
4341,women,women,provided,100.0%
4342,women,women,provided,100.0%
4343,women,women,provided,100.0%
4344,women,women,provided,100.0%
4345,women,women,provided,100.0%
4346,women,women,provided,100.0%
4347,women,unknown,catalog-name-model,98.0%
4348,women,unknown,catalog-name-model,97.4%
4349,women,women,provided,100.0%
4350,men,men,provided,100.0%
4351,women,women,provided,100.0%
4352,women,women,provided,100.0%
4353,women,women,provided,100.0%
4354,women,unknown,garment-type,92.0%
4355,women,unknown,garment-type,92.0%
4356,women,women,provided,100.0%
4357,women,women,provided,100.0%
4358,women,women,provided,100.0%
4359,women,women,provided,100.0%
4360,women,women,provided,100.0%
4361,women,women,provided,100.0%
4362,women,women,provided,100.0%
4363,women,women,provided,100.0%
4364,women,women,provided,100.0%
4365,women,women,provided,100.0%
4366,women,women,provided,100.0%
4367,women,women,provided,100.0%
4368,women,women,provided,100.0%
4369,women,women,provided,100.0%
4370,women,women,provided,100.0%
4371,women,women,provided,100.0%
4372,women,unknown,catalog-name-model,98.0%
4373,women,unknown,image-review,90.0%
4374,men,unknown,garment-type,92.0%
4375,women,women,provided,100.0%
4376,women,women,provided,100.0%
4377,women,women,provided,100.0%
4378,women,women,provided,100.0%
4379,women,women,provided,100.0%
4380,women,women,provided,100.0%
4381,women,women,provided,100.0%
4382,women,women,provided,100.0%
4383,women,women,provided,100.0%
4384,women,women,provided,100.0%
4385,women,women,provided,100.0%
4386,women,women,provided,100.0%
4387,women,unknown,catalog-name-model,98.0%
4388,women,women,provided,100.0%
4389,men,men,provided,100.0%
4390,women,women,provided,100.0%
4391,women,women,provided,100.0%
4392,women,unknown,catalog-name-model,98.0%
4393,women,women,provided,100.0%
4394,women,women,provided,100.0%
4395,women,women,provided,100.0%
4396,women,women,provided,100.0%
4397,women,women,provided,100.0%
4398,women,women,provided,100.0%
4399,women,women,provided,100.0%
4400,women,women,provided,100.0%
4401,women,women,provided,100.0%
4402,women,women,provided,100.0%
4403,women,women,provided,100.0%
4404,women,women,provided,100.0%
4405,women,women,provided,100.0%
4406,women,women,provided,100.0%
4407,women,women,provided,100.0%
4408,women,women,provided,100.0%
4409,women,women,provided,100.0%
4410,women,women,provided,100.0%
4411,women,women,provided,100.0%
4412,women,women,provided,100.0%
4413,women,women,provided,100.0%
4414,women,women,provided,100.0%
4415,women,women,provided,100.0%
4416,women,women,provided,100.0%
4417,women,women,provided,100.0%
4418,women,women,provided,100.0%
4419,women,women,provided,100.0%
4420,women,women,provided,100.0%
4421,women,women,provided,100.0%
4422,women,women,provided,100.0%
4423,women,women,provided,100.0%
4424,women,women,provided,100.0%
4425,women,women,provided,100.0%
4426,women,women,provided,100.0%
4427,women,women,provided,100.0%
4428,women,women,provided,100.0%
4429,men,men,provided,100.0%
4430,men,men,provided,100.0%
4431,men,men,provided,100.0%
4432,women,women,provided,100.0%
4433,women,women,provided,100.0%
4434,women,women,provided,100.0%
4435,women,women,provided,100.0%
4436,women,women,provided,100.0%
4437,women,women,provided,100.0%
4438,women,women,provided,100.0%
4439,women,women,provided,100.0%
4440,women,women,provided,100.0%
4441,women,women,provided,100.0%
4442,women,women,provided,100.0%
4443,women,women,provided,100.0%
4444,women,women,provided,100.0%
4445,women,women,provided,100.0%
4446,women,women,provided,100.0%
4447,women,women,provided,100.0%
4448,women,women,provided,100.0%
4449,women,women,provided,100.0%
4450,women,women,provided,100.0%
4451,women,women,provided,100.0%
4452,women,unknown,catalog-name-model,98.0%
4453,women,unknown,catalog-name-model,98.0%
4454,men,men,provided,100.0%
4455,women,women,provided,100.0%
4456,women,unknown,image-review,90.0%
4457,women,unknown,image-review,90.0%
4458,women,women,provided,100.0%
4459,women,unknown,catalog-name-model,98.0%
4460,women,women,provided,100.0%
4461,women,women,provided,100.0%
4462,women,women,provided,100.0%
4463,women,women,provided,100.0%
4464,women,women,provided,100.0%
4465,women,women,provided,100.0%
4466,women,women,provided,100.0%
4467,women,unknown,catalog-name-model,98.0%
4468,women,women,provided,100.0%
4469,women,unknown,image-review,90.0%
4470,women,women,provided,100.0%
4471,women,unknown,catalog-name-model,98.0%
4472,women,women,provided,100.0%
4473,women,women,provided,100.0%
4474,women,unknown,catalog-name-model,98.0%
4475,women,unknown,catalog-name-model,98.0%
4476,women,women,provided,100.0%
4477,women,women,provided,100.0%
4478,women,women,provided,100.0%
4479,women,women,provided,100.0%
4480,women,women,provided,100.0%
4481,women,women,provided,100.0%
4482,women,unknown,catalog-name-model,98.0%
4483,women,women,provided,100.0%
4484,women,unknown,garment-type,92.0%
4485,women,unknown,garment-type,92.0%
4486,women,women,provided,100.0%
4487,women,women,provided,100.0%
4488,women,women,provided,100.0%
4489,women,women,provided,100.0%
4490,women,unknown,catalog-name-model,98.0%
4491,women,women,provided,100.0%
4492,women,women,provided,100.0%
4493,women,women,provided,100.0%
4494,women,women,provided,100.0%
4495,women,women,provided,100.0%
4496,women,women,provided,100.0%
4497,women,women,provided,100.0%
4498,women,women,provided,100.0%
4499,women,unknown,catalog-name-model,98.0%
4500,women,women,provided,100.0%
4501,women,women,provided,100.0%
4502,men,men,provided,100.0%
4503,women,women,provided,100.0%
4504,women,women,provided,100.0%
4505,women,women,provided,100.0%
4506,women,women,provided,100.0%
4507,women,women,provided,100.0%
4508,women,women,provided,100.0%
4509,women,women,provided,100.0%
4510,women,women,provided,100.0%
4511,women,women,provided,100.0%
4512,women,women,provided,100.0%
4513,women,women,provided,100.0%
4514,women,women,provided,100.0%
4515,women,women,provided,100.0%
4516,women,women,provided,100.0%
4517,women,women,provided,100.0%
4518,women,women,provided,100.0%
4519,women,women,provided,100.0%
4520,women,women,provided,100.0%
4521,women,women,provided,100.0%
4522,women,women,provided,100.0%
4523,women,women,provided,100.0%
4524,women,women,provided,100.0%
4525,women,women,provided,100.0%
4526,women,women,provided,100.0%
4527,women,women,provided,100.0%
4528,women,women,provided,100.0%
4529,women,women,provided,100.0%
4530,women,women,provided,100.0%
4531,women,women,provided,100.0%
4532,women,women,provided,100.0%
4533,women,women,provided,100.0%
4534,women,women,provided,100.0%
4535,women,women,provided,100.0%
4536,women,women,provided,100.0%
4537,women,women,provided,100.0%
4538,women,women,provided,100.0%
4539,women,women,provided,100.0%
4540,women,women,provided,100.0%
4541,women,women,provided,100.0%
4542,women,women,provided,100.0%
4543,women,women,provided,100.0%
